-- phpMyAdmin SQL Dump
-- version 4.2.9deb1
-- http://www.phpmyadmin.net
--
-- Servidor: localhost
-- Tiempo de generación: 27-10-2014 a las 15:24:03
-- Versión del servidor: 5.5.39-1
-- Versión de PHP: 5.6.0-1+b1

SET SQL_MODE = "NO_AUTO_VALUE_ON_ZERO";
SET time_zone = "+00:00";


/*!40101 SET @OLD_CHARACTER_SET_CLIENT=@@CHARACTER_SET_CLIENT */;
/*!40101 SET @OLD_CHARACTER_SET_RESULTS=@@CHARACTER_SET_RESULTS */;
/*!40101 SET @OLD_COLLATION_CONNECTION=@@COLLATION_CONNECTION */;
/*!40101 SET NAMES utf8 */;

--
-- Base de datos: `peces`
--

-- --------------------------------------------------------

--
-- Estructura de tabla para la tabla `carta_nacional`
--

CREATE TABLE IF NOT EXISTS `carta_nacional` (
`id` int(11) NOT NULL,
  `nombre` varchar(255) NOT NULL,
  `nivel1` int(11) NOT NULL,
  `nivel2` int(11) NOT NULL,
  `fecha_creacion` timestamp NOT NULL DEFAULT CURRENT_TIMESTAMP ON UPDATE CURRENT_TIMESTAMP
) ENGINE=InnoDB AUTO_INCREMENT=28 DEFAULT CHARSET=latin1;

--
-- Volcado de datos para la tabla `carta_nacional`
--

INSERT INTO `carta_nacional` (`id`, `nombre`, `nivel1`, `nivel2`, `fecha_creacion`) VALUES
(1, 'Carta Nacional Pesquera (2012) Pacífico zona 1', 1, 0, '2014-10-27 16:52:07'),
(2, 'Máximo aprovechamiento permisible', 1, 1, '2014-10-27 16:52:07'),
(3, 'Máximo aprovechamiento sustentable', 1, 2, '2014-10-27 16:52:40'),
(4, 'Sin datos', 1, 3, '2014-10-27 16:52:40'),
(5, 'Carta Nacional Pesquera (2012) Pacífico zona 2', 2, 0, '2014-10-27 16:53:09'),
(6, 'Desconocida', 2, 1, '2014-10-27 16:53:09'),
(7, 'Máximo aprovechamiento permisible', 2, 2, '2014-10-27 16:53:57'),
(8, 'Sin datos', 2, 3, '2014-10-27 16:53:57'),
(9, 'Carta Nacional Pesquera (2012) Pacífico zona 3 ', 3, 0, '2014-10-27 16:54:34'),
(10, 'Máximo aprovechamiento permisible', 3, 1, '2014-10-27 16:54:34'),
(11, 'Sin datos', 3, 2, '2014-10-27 16:55:04'),
(12, 'Carta Nacional Pesquera (2012) Golfo Mex y Caribe zona 1 ', 4, 0, '2014-10-27 16:55:04'),
(13, 'Desconocida', 4, 1, '2014-10-27 16:56:17'),
(14, 'Deterioro', 4, 2, '2014-10-27 16:56:17'),
(15, 'Máximo aprovechamiento permisible', 4, 3, '2014-10-27 16:56:17'),
(16, 'Máximo aprovechamiento permisible / Deterioro', 4, 4, '2014-10-27 16:56:17'),
(17, 'Sin datos', 4, 5, '2014-10-27 16:56:17'),
(18, 'Carta Nacional Pesquera (2012) Golfo Mex y Caribe zona 2 ', 5, 0, '2014-10-27 16:56:49'),
(19, 'Desconocida', 5, 1, '2014-10-27 16:56:49'),
(20, 'Deterioro', 5, 2, '2014-10-27 16:58:28'),
(21, 'Máximo aprovechamiento permisible', 5, 3, '2014-10-27 16:58:28'),
(22, 'Sin datos', 5, 4, '2014-10-27 16:58:28'),
(23, 'Carta Nacional Pesquera (2012) Golfo Mex y Caribe zona 3 ', 6, 0, '2014-10-27 16:58:28'),
(24, 'Desconocida', 6, 1, '2014-10-27 16:58:28'),
(25, 'Deterioro', 6, 2, '2014-10-27 16:58:55'),
(26, 'Máximo aprovechamiento permisible', 6, 3, '2014-10-27 16:58:55'),
(27, 'Sin datos', 6, 4, '2014-10-27 16:59:15');

-- --------------------------------------------------------

--
-- Estructura de tabla para la tabla `estado_conservacion`
--

CREATE TABLE IF NOT EXISTS `estado_conservacion` (
`id` int(11) NOT NULL,
  `nombre` varchar(255) NOT NULL,
  `Nivel1` int(11) NOT NULL,
  `Nivel2` int(11) NOT NULL,
  `fecha_creacion` timestamp NOT NULL DEFAULT CURRENT_TIMESTAMP ON UPDATE CURRENT_TIMESTAMP
) ENGINE=InnoDB AUTO_INCREMENT=13 DEFAULT CHARSET=latin1;

--
-- Volcado de datos para la tabla `estado_conservacion`
--

INSERT INTO `estado_conservacion` (`id`, `nombre`, `Nivel1`, `Nivel2`, `fecha_creacion`) VALUES
(1, 'Lista Roja IUCN', 1, 0, '2014-10-24 18:41:41'),
(3, 'Cites', 2, 0, '2014-10-24 18:42:51'),
(4, 'NOM-059-SEMARNAT-2010', 3, 0, '2014-10-24 18:43:16'),
(5, 'Casi amenazada', 1, 1, '2014-10-24 18:43:54'),
(6, 'En peligro', 1, 2, '2014-10-24 18:43:54'),
(7, 'En peligro crítico', 1, 3, '2014-10-24 18:44:37'),
(8, 'Vulnerable', 1, 4, '2014-10-24 18:44:37'),
(9, 'Apéndice I', 2, 1, '2014-10-24 18:46:23'),
(10, 'Apéndice II', 2, 2, '2014-10-24 18:46:23'),
(11, 'Amenazada', 3, 1, '2014-10-24 18:47:32'),
(12, 'En peligro crítico', 3, 2, '2014-10-24 18:47:32');

-- --------------------------------------------------------

--
-- Estructura de tabla para la tabla `grupos`
--

CREATE TABLE IF NOT EXISTS `grupos` (
`id` int(11) NOT NULL,
  `nombre` varchar(255) NOT NULL,
  `fecha_creacion` timestamp NOT NULL DEFAULT CURRENT_TIMESTAMP ON UPDATE CURRENT_TIMESTAMP
) ENGINE=InnoDB AUTO_INCREMENT=51 DEFAULT CHARSET=latin1;

--
-- Volcado de datos para la tabla `grupos`
--

INSERT INTO `grupos` (`id`, `nombre`, `fecha_creacion`) VALUES
(1, 'Anchovetas', '2014-10-24 17:38:34'),
(2, 'Atún', '2014-10-24 17:38:34'),
(4, 'Bacalao', '2014-10-24 17:38:34'),
(5, 'Bagres', '2014-10-24 17:38:34'),
(6, 'Baqueta', '2014-10-24 17:38:34'),
(7, 'Barrilete', '2014-10-24 17:38:34'),
(8, 'Berrugata', '2014-10-24 17:38:34'),
(9, 'Besugo', '2014-10-24 17:38:34'),
(10, 'Bonito', '2014-10-24 17:38:34'),
(11, 'Botetes', '2014-10-24 17:38:34'),
(12, 'Cabrilla', '2014-10-24 17:38:34'),
(13, 'Cazón', '2014-10-24 17:38:34'),
(14, 'Cazones', '2014-10-24 17:38:34'),
(15, 'Chile', '2014-10-24 17:38:35'),
(16, 'Cintilla', '2014-10-24 17:38:35'),
(17, 'Corvina', '2014-10-24 17:38:35'),
(18, 'Escama', '2014-10-24 17:38:35'),
(19, 'Esmedregal', '2014-10-24 17:38:35'),
(20, 'Gallineta', '2014-10-24 17:38:35'),
(21, 'Garropas', '2014-10-24 17:38:35'),
(23, 'Huachinango', '2014-10-24 17:38:35'),
(24, 'Importado', '2014-10-24 17:38:35'),
(25, 'Jurel', '2014-10-24 17:38:35'),
(26, 'Lebrancha', '2014-10-24 17:38:35'),
(27, 'Lenguados', '2014-10-24 17:38:35'),
(28, 'Lisa', '2014-10-24 17:38:35'),
(29, 'Macarela', '2014-10-24 17:38:35'),
(30, 'Marlíns', '2014-10-24 17:38:35'),
(31, 'Mero', '2014-10-24 17:38:35'),
(32, 'Mojarras', '2014-10-24 17:38:35'),
(33, 'otros', '2014-10-24 17:38:35'),
(34, 'Pámpano', '2014-10-24 17:38:35'),
(35, 'Pargo', '2014-10-24 17:38:35'),
(36, 'Peces', '2014-10-24 17:38:35'),
(37, 'Pejepuercos', '2014-10-24 17:38:35'),
(38, 'Peto', '2014-10-24 17:38:35'),
(39, 'Pierna', '2014-10-24 17:38:35'),
(40, 'Rayas', '2014-10-24 17:38:35'),
(41, 'Robalo', '2014-10-24 17:38:35'),
(42, 'Ronco', '2014-10-24 17:38:35'),
(43, 'Ronco', '2014-10-24 17:38:35'),
(44, 'Rubia-Villajaiba', '2014-10-24 17:38:35'),
(45, 'Rubio', '2014-10-24 17:38:35'),
(46, 'Sardina', '2014-10-24 17:38:35'),
(47, 'Sierra', '2014-10-24 17:38:35'),
(48, 'Tiburón', '2014-10-24 17:38:35'),
(49, 'Tiburón', '2014-10-24 17:38:35'),
(50, 'Tiburones', '2014-10-24 17:38:35');

-- --------------------------------------------------------

--
-- Estructura de tabla para la tabla `peces`
--

CREATE TABLE IF NOT EXISTS `peces` (
`especie_id` int(11) NOT NULL,
  `nombre_comun` varchar(255) NOT NULL,
  `nombre_ingles` varchar(255) DEFAULT NULL,
  `nombre_cientifico` varchar(255) NOT NULL,
  `clase` varchar(255) DEFAULT NULL,
  `orden` varchar(255) DEFAULT NULL,
  `familia` varchar(255) DEFAULT NULL,
  `grupo_id` int(11) DEFAULT NULL,
  `nacional_importado` varchar(255) DEFAULT NULL,
  `tipo_imagen` varchar(255) DEFAULT NULL,
  `imagen` varchar(255) DEFAULT NULL,
  `triptico` varchar(255) DEFAULT NULL,
  `talla_captura` varchar(255) DEFAULT NULL,
  `arte_pesca` longtext,
  `tipo_veda_id` int(11) NOT NULL,
  `veda` varchar(255) NOT NULL,
  `generalidades` longtext,
  `descripcion_distribucion` varchar(255) DEFAULT NULL,
  `cultivado_capturado` tinyint(1) DEFAULT NULL,
  `comercio` varchar(255) DEFAULT NULL,
  `pais_importacion` varchar(255) DEFAULT NULL,
  `html` longtext NOT NULL,
  `fecha_creacion` timestamp NOT NULL DEFAULT CURRENT_TIMESTAMP ON UPDATE CURRENT_TIMESTAMP,
  `fecha_actualizacion` datetime NOT NULL
) ENGINE=InnoDB AUTO_INCREMENT=480 DEFAULT CHARSET=latin1;

--
-- Volcado de datos para la tabla `peces`
--

INSERT INTO `peces` (`especie_id`, `nombre_comun`, `nombre_ingles`, `nombre_cientifico`, `clase`, `orden`, `familia`, `grupo_id`, `nacional_importado`, `tipo_imagen`, `imagen`, `triptico`, `talla_captura`, `arte_pesca`, `tipo_veda_id`, `veda`, `generalidades`, `descripcion_distribucion`, `cultivado_capturado`, `comercio`, `pais_importacion`, `html`, `fecha_creacion`, `fecha_actualizacion`) VALUES
(1, 'Cirujano aleta amarilla', 'Yellowfin Surgeonfish', 'Acanthurus xanthopterus', 'Actinopterygii', 'Perciformes', 'Acanthuridae', 18, '', '', '', '', '', 'Línea de mano o cuerda, red agallera de fondo y palangre escamero (cimbra)', 0, '', 'Especie marina de hábitos costeros . Vive en arrecifes coralinos y rocosos. Se alimenta de algas microscópicas (diatomeas) y detritus.', 'Se distribuye en el Indo Pacífico y Pacífico Oriental, desde el este de África, Australia, Japón, Golfo de California, Panamá e Islas Galápagos.', 0, 'Se utiliza la carne.', '', '0', '0000-00-00 00:00:00', '0000-00-00 00:00:00'),
(2, 'Cirujano aleta amarilla', 'Yellowfin Surgeonfish', 'Acanthurus xanthopterus', 'Actinopterygii', 'Perciformes', 'Acanthuridae', 0, '', '', '', '', '', 'Línea de mano o cuerda, red agallera de fondo y palangre escamero (cimbra)', 0, '', 'Especie marina de hábitos costeros . Vive en arrecifes coralinos y rocosos. Se alimenta de algas microscópicas (diatomeas) y detritus.', 'Se distribuye en el Indo Pacífico y Pacífico Oriental, desde el este de África, Australia, Japón, Golfo de California, Panamá e Islas Galápagos.', 0, 'Se utiliza la carne.', '', '0', '0000-00-00 00:00:00', '0000-00-00 00:00:00'),
(3, 'Cirujano aleta amarilla', 'Yellowfin Surgeonfish', 'Acanthurus xanthopterus', 'Actinopterygii', 'Perciformes', 'Acanthuridae', 0, '', '', '', '', '', 'Línea de mano o cuerda, red agallera de fondo y palangre escamero (cimbra)', 0, '', 'Especie marina de hábitos costeros . Vive en arrecifes coralinos y rocosos. Se alimenta de algas microscópicas (diatomeas) y detritus.', 'Se distribuye en el Indo Pacífico y Pacífico Oriental, desde el este de África, Australia, Japón, Golfo de California, Panamá e Islas Galápagos.', 0, 'Se utiliza la carne.', '', '0', '0000-00-00 00:00:00', '0000-00-00 00:00:00'),
(4, 'Cirujano aleta amarilla', 'Yellowfin Surgeonfish', 'Acanthurus xanthopterus', 'Actinopterygii', 'Perciformes', 'Acanthuridae', 0, '', '', '', '', '', 'Línea de mano o cuerda, red agallera de fondo y palangre escamero (cimbra)', 0, '', 'Especie marina de hábitos costeros . Vive en arrecifes coralinos y rocosos. Se alimenta de algas microscópicas (diatomeas) y detritus.', 'Se distribuye en el Indo Pacífico y Pacífico Oriental, desde el este de África, Australia, Japón, Golfo de California, Panamá e Islas Galápagos.', 0, 'Se utiliza la carne.', '', '0', '0000-00-00 00:00:00', '0000-00-00 00:00:00'),
(5, 'Cirujano aleta amarilla', 'Yellowfin Surgeonfish', 'Acanthurus xanthopterus', 'Actinopterygii', 'Perciformes', 'Acanthuridae', 18, '', '', '', '', '', 'Línea de mano o cuerda, red agallera de fondo y palangre escamero (cimbra)', 0, '', 'Especie marina de hábitos costeros . Vive en arrecifes coralinos y rocosos. Se alimenta de algas microscópicas (diatomeas) y detritus.', 'Se distribuye en el Indo Pacífico y Pacífico Oriental, desde el este de África, Australia, Japón, Golfo de California, Panamá e Islas Galápagos.', 0, 'Se utiliza la carne.', '', '0', '0000-00-00 00:00:00', '0000-00-00 00:00:00'),
(6, 'Cirujano aleta amarilla', 'Yellowfin Surgeonfish', 'Acanthurus xanthopterus', 'Actinopterygii', 'Perciformes', 'Acanthuridae', 18, '', '', '', '', '', 'Línea de mano o cuerda, red agallera de fondo y palangre escamero (cimbra)', 0, '', 'Especie marina de hábitos costeros . Vive en arrecifes coralinos y rocosos. Se alimenta de algas microscópicas (diatomeas) y detritus.', 'Se distribuye en el Indo Pacífico y Pacífico Oriental, desde el este de África, Australia, Japón, Golfo de California, Panamá e Islas Galápagos.', 0, 'Se utiliza la carne.', '', '0', '0000-00-00 00:00:00', '0000-00-00 00:00:00'),
(7, 'Cirujano aleta amarilla', 'Yellowfin Surgeonfish', 'Acanthurus xanthopterus', 'Actinopterygii', 'Perciformes', 'Acanthuridae', 50, '', '', '', '', '', 'Línea de mano o cuerda, red agallera de fondo y palangre escamero (cimbra)', 3, '', 'Especie marina de hábitos costeros . Vive en arrecifes coralinos y rocosos. Se alimenta de algas microscópicas (diatomeas) y detritus.', 'Se distribuye en el Indo Pacífico y Pacífico Oriental, desde el este de África, Australia, Japón, Golfo de California, Panamá e Islas Galápagos.', 0, 'Se utiliza la carne.', '', '0', '0000-00-00 00:00:00', '0000-00-00 00:00:00'),
(8, 'Cirujano aleta amarilla', 'Yellowfin Surgeonfish', 'Acanthurus xanthopterus', 'Actinopterygii', 'Perciformes', 'Acanthuridae', 50, '', '', '', '', '', 'Línea de mano o cuerda, red agallera de fondo y palangre escamero (cimbra)', 3, '', 'Especie marina de hábitos costeros . Vive en arrecifes coralinos y rocosos. Se alimenta de algas microscópicas (diatomeas) y detritus.', 'Se distribuye en el Indo Pacífico y Pacífico Oriental, desde el este de África, Australia, Japón, Golfo de California, Panamá e Islas Galápagos.', 0, 'Se utiliza la carne.', '', '0', '0000-00-00 00:00:00', '0000-00-00 00:00:00'),
(9, 'Cirujano aleta amarilla', 'Yellowfin Surgeonfish', 'Acanthurus xanthopterus', 'Actinopterygii', 'Perciformes', 'Acanthuridae', 50, '', '', '', '', '', 'Línea de mano o cuerda, red agallera de fondo y palangre escamero (cimbra)', 3, '', 'Especie marina de hábitos costeros . Vive en arrecifes coralinos y rocosos. Se alimenta de algas microscópicas (diatomeas) y detritus.', 'Se distribuye en el Indo Pacífico y Pacífico Oriental, desde el este de África, Australia, Japón, Golfo de California, Panamá e Islas Galápagos.', 0, 'Se utiliza la carne.', '', '0', '0000-00-00 00:00:00', '0000-00-00 00:00:00'),
(10, 'Cirujano aleta amarilla', 'Yellowfin Surgeonfish', 'Acanthurus xanthopterus', 'Actinopterygii', 'Perciformes', 'Acanthuridae', 24, '', '', '', '', '', 'Línea de mano o cuerda, red agallera de fondo y palangre escamero (cimbra)', 0, '', 'Especie marina de hábitos costeros . Vive en arrecifes coralinos y rocosos. Se alimenta de algas microscópicas (diatomeas) y detritus.', 'Se distribuye en el Indo Pacífico y Pacífico Oriental, desde el este de África, Australia, Japón, Golfo de California, Panamá e Islas Galápagos.', 0, 'Se utiliza la carne.', '', '0', '0000-00-00 00:00:00', '0000-00-00 00:00:00'),
(11, 'Cirujano aleta amarilla', 'Yellowfin Surgeonfish', 'Acanthurus xanthopterus', 'Actinopterygii', 'Perciformes', 'Acanthuridae', 4, '', '', '', '', '', 'Línea de mano o cuerda, red agallera de fondo y palangre escamero (cimbra)', 0, '', 'Especie marina de hábitos costeros . Vive en arrecifes coralinos y rocosos. Se alimenta de algas microscópicas (diatomeas) y detritus.', 'Se distribuye en el Indo Pacífico y Pacífico Oriental, desde el este de África, Australia, Japón, Golfo de California, Panamá e Islas Galápagos.', 0, 'Se utiliza la carne.', '', '0', '0000-00-00 00:00:00', '0000-00-00 00:00:00'),
(12, 'Cirujano aleta amarilla', 'Yellowfin Surgeonfish', 'Acanthurus xanthopterus', 'Actinopterygii', 'Perciformes', 'Acanthuridae', 5, '', '', '', '', '', 'Línea de mano o cuerda, red agallera de fondo y palangre escamero (cimbra)', 0, '', 'Especie marina de hábitos costeros . Vive en arrecifes coralinos y rocosos. Se alimenta de algas microscópicas (diatomeas) y detritus.', 'Se distribuye en el Indo Pacífico y Pacífico Oriental, desde el este de África, Australia, Japón, Golfo de California, Panamá e Islas Galápagos.', 0, 'Se utiliza la carne.', '', '0', '0000-00-00 00:00:00', '0000-00-00 00:00:00'),
(13, 'Cirujano aleta amarilla', 'Yellowfin Surgeonfish', 'Acanthurus xanthopterus', 'Actinopterygii', 'Perciformes', 'Acanthuridae', 5, '', '', '', '', '', 'Línea de mano o cuerda, red agallera de fondo y palangre escamero (cimbra)', 0, '', 'Especie marina de hábitos costeros . Vive en arrecifes coralinos y rocosos. Se alimenta de algas microscópicas (diatomeas) y detritus.', 'Se distribuye en el Indo Pacífico y Pacífico Oriental, desde el este de África, Australia, Japón, Golfo de California, Panamá e Islas Galápagos.', 0, 'Se utiliza la carne.', '', '0', '0000-00-00 00:00:00', '0000-00-00 00:00:00'),
(14, 'Cirujano aleta amarilla', 'Yellowfin Surgeonfish', 'Acanthurus xanthopterus', 'Actinopterygii', 'Perciformes', 'Acanthuridae', 5, '', '', '', '', '', 'Línea de mano o cuerda, red agallera de fondo y palangre escamero (cimbra)', 0, '', 'Especie marina de hábitos costeros . Vive en arrecifes coralinos y rocosos. Se alimenta de algas microscópicas (diatomeas) y detritus.', 'Se distribuye en el Indo Pacífico y Pacífico Oriental, desde el este de África, Australia, Japón, Golfo de California, Panamá e Islas Galápagos.', 0, 'Se utiliza la carne.', '', '0', '0000-00-00 00:00:00', '0000-00-00 00:00:00'),
(15, 'Cirujano aleta amarilla', 'Yellowfin Surgeonfish', 'Acanthurus xanthopterus', 'Actinopterygii', 'Perciformes', 'Acanthuridae', 5, '', '', '', '', '', 'Línea de mano o cuerda, red agallera de fondo y palangre escamero (cimbra)', 0, '', 'Especie marina de hábitos costeros . Vive en arrecifes coralinos y rocosos. Se alimenta de algas microscópicas (diatomeas) y detritus.', 'Se distribuye en el Indo Pacífico y Pacífico Oriental, desde el este de África, Australia, Japón, Golfo de California, Panamá e Islas Galápagos.', 0, 'Se utiliza la carne.', '', '0', '0000-00-00 00:00:00', '0000-00-00 00:00:00'),
(16, 'Cirujano aleta amarilla', 'Yellowfin Surgeonfish', 'Acanthurus xanthopterus', 'Actinopterygii', 'Perciformes', 'Acanthuridae', 5, '', '', '', '', '', 'Línea de mano o cuerda, red agallera de fondo y palangre escamero (cimbra)', 0, '', 'Especie marina de hábitos costeros . Vive en arrecifes coralinos y rocosos. Se alimenta de algas microscópicas (diatomeas) y detritus.', 'Se distribuye en el Indo Pacífico y Pacífico Oriental, desde el este de África, Australia, Japón, Golfo de California, Panamá e Islas Galápagos.', 0, 'Se utiliza la carne.', '', '0', '0000-00-00 00:00:00', '0000-00-00 00:00:00'),
(17, 'Cirujano aleta amarilla', 'Yellowfin Surgeonfish', 'Acanthurus xanthopterus', 'Actinopterygii', 'Perciformes', 'Acanthuridae', 5, '', '', '', '', '', 'Línea de mano o cuerda, red agallera de fondo y palangre escamero (cimbra)', 0, '', 'Especie marina de hábitos costeros . Vive en arrecifes coralinos y rocosos. Se alimenta de algas microscópicas (diatomeas) y detritus.', 'Se distribuye en el Indo Pacífico y Pacífico Oriental, desde el este de África, Australia, Japón, Golfo de California, Panamá e Islas Galápagos.', 0, 'Se utiliza la carne.', '', '0', '0000-00-00 00:00:00', '0000-00-00 00:00:00'),
(18, 'Cirujano aleta amarilla', 'Yellowfin Surgeonfish', 'Acanthurus xanthopterus', 'Actinopterygii', 'Perciformes', 'Acanthuridae', 5, '', '', '', '', '', 'Línea de mano o cuerda, red agallera de fondo y palangre escamero (cimbra)', 0, '', 'Especie marina de hábitos costeros . Vive en arrecifes coralinos y rocosos. Se alimenta de algas microscópicas (diatomeas) y detritus.', 'Se distribuye en el Indo Pacífico y Pacífico Oriental, desde el este de África, Australia, Japón, Golfo de California, Panamá e Islas Galápagos.', 0, 'Se utiliza la carne.', '', '0', '0000-00-00 00:00:00', '0000-00-00 00:00:00'),
(19, 'Cirujano aleta amarilla', 'Yellowfin Surgeonfish', 'Acanthurus xanthopterus', 'Actinopterygii', 'Perciformes', 'Acanthuridae', 5, '', '', '', '', '', 'Línea de mano o cuerda, red agallera de fondo y palangre escamero (cimbra)', 0, '', 'Especie marina de hábitos costeros . Vive en arrecifes coralinos y rocosos. Se alimenta de algas microscópicas (diatomeas) y detritus.', 'Se distribuye en el Indo Pacífico y Pacífico Oriental, desde el este de África, Australia, Japón, Golfo de California, Panamá e Islas Galápagos.', 0, 'Se utiliza la carne.', '', '0', '0000-00-00 00:00:00', '0000-00-00 00:00:00'),
(20, 'Cirujano aleta amarilla', 'Yellowfin Surgeonfish', 'Acanthurus xanthopterus', 'Actinopterygii', 'Perciformes', 'Acanthuridae', 37, '', '', '', '', '', 'Línea de mano o cuerda, red agallera de fondo y palangre escamero (cimbra)', 0, '', 'Especie marina de hábitos costeros . Vive en arrecifes coralinos y rocosos. Se alimenta de algas microscópicas (diatomeas) y detritus.', 'Se distribuye en el Indo Pacífico y Pacífico Oriental, desde el este de África, Australia, Japón, Golfo de California, Panamá e Islas Galápagos.', 0, 'Se utiliza la carne.', '', '0', '0000-00-00 00:00:00', '0000-00-00 00:00:00'),
(21, 'Cirujano aleta amarilla', 'Yellowfin Surgeonfish', 'Acanthurus xanthopterus', 'Actinopterygii', 'Perciformes', 'Acanthuridae', 37, '', '', '', '', '', 'Línea de mano o cuerda, red agallera de fondo y palangre escamero (cimbra)', 0, '', 'Especie marina de hábitos costeros . Vive en arrecifes coralinos y rocosos. Se alimenta de algas microscópicas (diatomeas) y detritus.', 'Se distribuye en el Indo Pacífico y Pacífico Oriental, desde el este de África, Australia, Japón, Golfo de California, Panamá e Islas Galápagos.', 0, 'Se utiliza la carne.', '', '0', '0000-00-00 00:00:00', '0000-00-00 00:00:00'),
(22, 'Cirujano aleta amarilla', 'Yellowfin Surgeonfish', 'Acanthurus xanthopterus', 'Actinopterygii', 'Perciformes', 'Acanthuridae', 37, '', '', '', '', '', 'Línea de mano o cuerda, red agallera de fondo y palangre escamero (cimbra)', 0, '', 'Especie marina de hábitos costeros . Vive en arrecifes coralinos y rocosos. Se alimenta de algas microscópicas (diatomeas) y detritus.', 'Se distribuye en el Indo Pacífico y Pacífico Oriental, desde el este de África, Australia, Japón, Golfo de California, Panamá e Islas Galápagos.', 0, 'Se utiliza la carne.', '', '0', '0000-00-00 00:00:00', '0000-00-00 00:00:00'),
(23, 'Cirujano aleta amarilla', 'Yellowfin Surgeonfish', 'Acanthurus xanthopterus', 'Actinopterygii', 'Perciformes', 'Acanthuridae', 18, '', '', '', '', '', 'Línea de mano o cuerda, red agallera de fondo y palangre escamero (cimbra)', 0, '', 'Especie marina de hábitos costeros . Vive en arrecifes coralinos y rocosos. Se alimenta de algas microscópicas (diatomeas) y detritus.', 'Se distribuye en el Indo Pacífico y Pacífico Oriental, desde el este de África, Australia, Japón, Golfo de California, Panamá e Islas Galápagos.', 0, 'Se utiliza la carne.', '', '0', '0000-00-00 00:00:00', '0000-00-00 00:00:00'),
(24, 'Cirujano aleta amarilla', 'Yellowfin Surgeonfish', 'Acanthurus xanthopterus', 'Actinopterygii', 'Perciformes', 'Acanthuridae', 0, '', '', '', '', '', 'Línea de mano o cuerda, red agallera de fondo y palangre escamero (cimbra)', 0, '', 'Especie marina de hábitos costeros . Vive en arrecifes coralinos y rocosos. Se alimenta de algas microscópicas (diatomeas) y detritus.', 'Se distribuye en el Indo Pacífico y Pacífico Oriental, desde el este de África, Australia, Japón, Golfo de California, Panamá e Islas Galápagos.', 0, 'Se utiliza la carne.', '', '0', '0000-00-00 00:00:00', '0000-00-00 00:00:00'),
(25, 'Cirujano aleta amarilla', 'Yellowfin Surgeonfish', 'Acanthurus xanthopterus', 'Actinopterygii', 'Perciformes', 'Acanthuridae', 0, '', '', '', '', '', 'Línea de mano o cuerda, red agallera de fondo y palangre escamero (cimbra)', 0, '', 'Especie marina de hábitos costeros . Vive en arrecifes coralinos y rocosos. Se alimenta de algas microscópicas (diatomeas) y detritus.', 'Se distribuye en el Indo Pacífico y Pacífico Oriental, desde el este de África, Australia, Japón, Golfo de California, Panamá e Islas Galápagos.', 0, 'Se utiliza la carne.', '', '0', '0000-00-00 00:00:00', '0000-00-00 00:00:00'),
(26, 'Cirujano aleta amarilla', 'Yellowfin Surgeonfish', 'Acanthurus xanthopterus', 'Actinopterygii', 'Perciformes', 'Acanthuridae', 19, '', '', '', '', '', 'Línea de mano o cuerda, red agallera de fondo y palangre escamero (cimbra)', 0, '', 'Especie marina de hábitos costeros . Vive en arrecifes coralinos y rocosos. Se alimenta de algas microscópicas (diatomeas) y detritus.', 'Se distribuye en el Indo Pacífico y Pacífico Oriental, desde el este de África, Australia, Japón, Golfo de California, Panamá e Islas Galápagos.', 0, 'Se utiliza la carne.', '', '0', '0000-00-00 00:00:00', '0000-00-00 00:00:00'),
(27, 'Cirujano aleta amarilla', 'Yellowfin Surgeonfish', 'Acanthurus xanthopterus', 'Actinopterygii', 'Perciformes', 'Acanthuridae', 19, '', '', '', '', '', 'Línea de mano o cuerda, red agallera de fondo y palangre escamero (cimbra)', 0, '', 'Especie marina de hábitos costeros . Vive en arrecifes coralinos y rocosos. Se alimenta de algas microscópicas (diatomeas) y detritus.', 'Se distribuye en el Indo Pacífico y Pacífico Oriental, desde el este de África, Australia, Japón, Golfo de California, Panamá e Islas Galápagos.', 0, 'Se utiliza la carne.', '', '0', '0000-00-00 00:00:00', '0000-00-00 00:00:00'),
(28, 'Cirujano aleta amarilla', 'Yellowfin Surgeonfish', 'Acanthurus xanthopterus', 'Actinopterygii', 'Perciformes', 'Acanthuridae', 19, '', '', '', '', '', 'Línea de mano o cuerda, red agallera de fondo y palangre escamero (cimbra)', 0, '', 'Especie marina de hábitos costeros . Vive en arrecifes coralinos y rocosos. Se alimenta de algas microscópicas (diatomeas) y detritus.', 'Se distribuye en el Indo Pacífico y Pacífico Oriental, desde el este de África, Australia, Japón, Golfo de California, Panamá e Islas Galápagos.', 0, 'Se utiliza la carne.', '', '0', '0000-00-00 00:00:00', '0000-00-00 00:00:00'),
(29, 'Cirujano aleta amarilla', 'Yellowfin Surgeonfish', 'Acanthurus xanthopterus', 'Actinopterygii', 'Perciformes', 'Acanthuridae', 19, '', '', '', '', '', 'Línea de mano o cuerda, red agallera de fondo y palangre escamero (cimbra)', 0, '', 'Especie marina de hábitos costeros . Vive en arrecifes coralinos y rocosos. Se alimenta de algas microscópicas (diatomeas) y detritus.', 'Se distribuye en el Indo Pacífico y Pacífico Oriental, desde el este de África, Australia, Japón, Golfo de California, Panamá e Islas Galápagos.', 0, 'Se utiliza la carne.', '', '0', '0000-00-00 00:00:00', '0000-00-00 00:00:00'),
(30, 'Cirujano aleta amarilla', 'Yellowfin Surgeonfish', 'Acanthurus xanthopterus', 'Actinopterygii', 'Perciformes', 'Acanthuridae', 24, '', '', '', '', '', 'Línea de mano o cuerda, red agallera de fondo y palangre escamero (cimbra)', 0, '', 'Especie marina de hábitos costeros . Vive en arrecifes coralinos y rocosos. Se alimenta de algas microscópicas (diatomeas) y detritus.', 'Se distribuye en el Indo Pacífico y Pacífico Oriental, desde el este de África, Australia, Japón, Golfo de California, Panamá e Islas Galápagos.', 0, 'Se utiliza la carne.', '', '0', '0000-00-00 00:00:00', '0000-00-00 00:00:00'),
(31, 'Cirujano aleta amarilla', 'Yellowfin Surgeonfish', 'Acanthurus xanthopterus', 'Actinopterygii', 'Perciformes', 'Acanthuridae', 25, '', '', '', '', '', 'Línea de mano o cuerda, red agallera de fondo y palangre escamero (cimbra)', 0, '', 'Especie marina de hábitos costeros . Vive en arrecifes coralinos y rocosos. Se alimenta de algas microscópicas (diatomeas) y detritus.', 'Se distribuye en el Indo Pacífico y Pacífico Oriental, desde el este de África, Australia, Japón, Golfo de California, Panamá e Islas Galápagos.', 0, 'Se utiliza la carne.', '', '0', '0000-00-00 00:00:00', '0000-00-00 00:00:00'),
(32, 'Cirujano aleta amarilla', 'Yellowfin Surgeonfish', 'Acanthurus xanthopterus', 'Actinopterygii', 'Perciformes', 'Acanthuridae', 18, '', '', '', '', '', 'Línea de mano o cuerda, red agallera de fondo y palangre escamero (cimbra)', 0, '', 'Especie marina de hábitos costeros . Vive en arrecifes coralinos y rocosos. Se alimenta de algas microscópicas (diatomeas) y detritus.', 'Se distribuye en el Indo Pacífico y Pacífico Oriental, desde el este de África, Australia, Japón, Golfo de California, Panamá e Islas Galápagos.', 0, 'Se utiliza la carne.', '', '0', '0000-00-00 00:00:00', '0000-00-00 00:00:00'),
(33, 'Cirujano aleta amarilla', 'Yellowfin Surgeonfish', 'Acanthurus xanthopterus', 'Actinopterygii', 'Perciformes', 'Acanthuridae', 25, '', '', '', '', '', 'Línea de mano o cuerda, red agallera de fondo y palangre escamero (cimbra)', 0, '', 'Especie marina de hábitos costeros . Vive en arrecifes coralinos y rocosos. Se alimenta de algas microscópicas (diatomeas) y detritus.', 'Se distribuye en el Indo Pacífico y Pacífico Oriental, desde el este de África, Australia, Japón, Golfo de California, Panamá e Islas Galápagos.', 0, 'Se utiliza la carne.', '', '0', '0000-00-00 00:00:00', '0000-00-00 00:00:00'),
(34, 'Cirujano aleta amarilla', 'Yellowfin Surgeonfish', 'Acanthurus xanthopterus', 'Actinopterygii', 'Perciformes', 'Acanthuridae', 25, '', '', '', '', '', 'Línea de mano o cuerda, red agallera de fondo y palangre escamero (cimbra)', 0, '', 'Especie marina de hábitos costeros . Vive en arrecifes coralinos y rocosos. Se alimenta de algas microscópicas (diatomeas) y detritus.', 'Se distribuye en el Indo Pacífico y Pacífico Oriental, desde el este de África, Australia, Japón, Golfo de California, Panamá e Islas Galápagos.', 0, 'Se utiliza la carne.', '', '0', '0000-00-00 00:00:00', '0000-00-00 00:00:00'),
(35, 'Cirujano aleta amarilla', 'Yellowfin Surgeonfish', 'Acanthurus xanthopterus', 'Actinopterygii', 'Perciformes', 'Acanthuridae', 25, '', '', '', '', '', 'Línea de mano o cuerda, red agallera de fondo y palangre escamero (cimbra)', 0, '', 'Especie marina de hábitos costeros . Vive en arrecifes coralinos y rocosos. Se alimenta de algas microscópicas (diatomeas) y detritus.', 'Se distribuye en el Indo Pacífico y Pacífico Oriental, desde el este de África, Australia, Japón, Golfo de California, Panamá e Islas Galápagos.', 0, 'Se utiliza la carne.', '', '0', '0000-00-00 00:00:00', '0000-00-00 00:00:00'),
(36, 'Cirujano aleta amarilla', 'Yellowfin Surgeonfish', 'Acanthurus xanthopterus', 'Actinopterygii', 'Perciformes', 'Acanthuridae', 25, '', '', '', '', '', 'Línea de mano o cuerda, red agallera de fondo y palangre escamero (cimbra)', 0, '', 'Especie marina de hábitos costeros . Vive en arrecifes coralinos y rocosos. Se alimenta de algas microscópicas (diatomeas) y detritus.', 'Se distribuye en el Indo Pacífico y Pacífico Oriental, desde el este de África, Australia, Japón, Golfo de California, Panamá e Islas Galápagos.', 0, 'Se utiliza la carne.', '', '0', '0000-00-00 00:00:00', '0000-00-00 00:00:00'),
(37, 'Cirujano aleta amarilla', 'Yellowfin Surgeonfish', 'Acanthurus xanthopterus', 'Actinopterygii', 'Perciformes', 'Acanthuridae', 25, '', '', '', '', '', 'Línea de mano o cuerda, red agallera de fondo y palangre escamero (cimbra)', 0, '', 'Especie marina de hábitos costeros . Vive en arrecifes coralinos y rocosos. Se alimenta de algas microscópicas (diatomeas) y detritus.', 'Se distribuye en el Indo Pacífico y Pacífico Oriental, desde el este de África, Australia, Japón, Golfo de California, Panamá e Islas Galápagos.', 0, 'Se utiliza la carne.', '', '0', '0000-00-00 00:00:00', '0000-00-00 00:00:00'),
(38, 'Cirujano aleta amarilla', 'Yellowfin Surgeonfish', 'Acanthurus xanthopterus', 'Actinopterygii', 'Perciformes', 'Acanthuridae', 25, '', '', '', '', '', 'Línea de mano o cuerda, red agallera de fondo y palangre escamero (cimbra)', 0, '', 'Especie marina de hábitos costeros . Vive en arrecifes coralinos y rocosos. Se alimenta de algas microscópicas (diatomeas) y detritus.', 'Se distribuye en el Indo Pacífico y Pacífico Oriental, desde el este de África, Australia, Japón, Golfo de California, Panamá e Islas Galápagos.', 0, 'Se utiliza la carne.', '', '0', '0000-00-00 00:00:00', '0000-00-00 00:00:00'),
(39, 'Cirujano aleta amarilla', 'Yellowfin Surgeonfish', 'Acanthurus xanthopterus', 'Actinopterygii', 'Perciformes', 'Acanthuridae', 18, '', '', '', '', '', 'Línea de mano o cuerda, red agallera de fondo y palangre escamero (cimbra)', 0, '', 'Especie marina de hábitos costeros . Vive en arrecifes coralinos y rocosos. Se alimenta de algas microscópicas (diatomeas) y detritus.', 'Se distribuye en el Indo Pacífico y Pacífico Oriental, desde el este de África, Australia, Japón, Golfo de California, Panamá e Islas Galápagos.', 0, 'Se utiliza la carne.', '', '0', '0000-00-00 00:00:00', '0000-00-00 00:00:00'),
(40, 'Cirujano aleta amarilla', 'Yellowfin Surgeonfish', 'Acanthurus xanthopterus', 'Actinopterygii', 'Perciformes', 'Acanthuridae', 25, '', '', '', '', '', 'Línea de mano o cuerda, red agallera de fondo y palangre escamero (cimbra)', 0, '', 'Especie marina de hábitos costeros . Vive en arrecifes coralinos y rocosos. Se alimenta de algas microscópicas (diatomeas) y detritus.', 'Se distribuye en el Indo Pacífico y Pacífico Oriental, desde el este de África, Australia, Japón, Golfo de California, Panamá e Islas Galápagos.', 0, 'Se utiliza la carne.', '', '0', '0000-00-00 00:00:00', '0000-00-00 00:00:00'),
(41, 'Cirujano aleta amarilla', 'Yellowfin Surgeonfish', 'Acanthurus xanthopterus', 'Actinopterygii', 'Perciformes', 'Acanthuridae', 18, '', '', '', '', '', 'Línea de mano o cuerda, red agallera de fondo y palangre escamero (cimbra)', 0, '', 'Especie marina de hábitos costeros . Vive en arrecifes coralinos y rocosos. Se alimenta de algas microscópicas (diatomeas) y detritus.', 'Se distribuye en el Indo Pacífico y Pacífico Oriental, desde el este de África, Australia, Japón, Golfo de California, Panamá e Islas Galápagos.', 0, 'Se utiliza la carne.', '', '0', '0000-00-00 00:00:00', '0000-00-00 00:00:00'),
(42, 'Cirujano aleta amarilla', 'Yellowfin Surgeonfish', 'Acanthurus xanthopterus', 'Actinopterygii', 'Perciformes', 'Acanthuridae', 25, '', '', '', '', '', 'Línea de mano o cuerda, red agallera de fondo y palangre escamero (cimbra)', 0, '', 'Especie marina de hábitos costeros . Vive en arrecifes coralinos y rocosos. Se alimenta de algas microscópicas (diatomeas) y detritus.', 'Se distribuye en el Indo Pacífico y Pacífico Oriental, desde el este de África, Australia, Japón, Golfo de California, Panamá e Islas Galápagos.', 0, 'Se utiliza la carne.', '', '0', '0000-00-00 00:00:00', '0000-00-00 00:00:00'),
(43, 'Cirujano aleta amarilla', 'Yellowfin Surgeonfish', 'Acanthurus xanthopterus', 'Actinopterygii', 'Perciformes', 'Acanthuridae', 33, '', '', '', '', '', 'Línea de mano o cuerda, red agallera de fondo y palangre escamero (cimbra)', 0, '', 'Especie marina de hábitos costeros . Vive en arrecifes coralinos y rocosos. Se alimenta de algas microscópicas (diatomeas) y detritus.', 'Se distribuye en el Indo Pacífico y Pacífico Oriental, desde el este de África, Australia, Japón, Golfo de California, Panamá e Islas Galápagos.', 0, 'Se utiliza la carne.', '', '0', '0000-00-00 00:00:00', '0000-00-00 00:00:00'),
(44, 'Cirujano aleta amarilla', 'Yellowfin Surgeonfish', 'Acanthurus xanthopterus', 'Actinopterygii', 'Perciformes', 'Acanthuridae', 33, '', '', '', '', '', 'Línea de mano o cuerda, red agallera de fondo y palangre escamero (cimbra)', 0, '', 'Especie marina de hábitos costeros . Vive en arrecifes coralinos y rocosos. Se alimenta de algas microscópicas (diatomeas) y detritus.', 'Se distribuye en el Indo Pacífico y Pacífico Oriental, desde el este de África, Australia, Japón, Golfo de California, Panamá e Islas Galápagos.', 0, 'Se utiliza la carne.', '', '0', '0000-00-00 00:00:00', '0000-00-00 00:00:00'),
(45, 'Cirujano aleta amarilla', 'Yellowfin Surgeonfish', 'Acanthurus xanthopterus', 'Actinopterygii', 'Perciformes', 'Acanthuridae', 33, '', '', '', '', '', 'Línea de mano o cuerda, red agallera de fondo y palangre escamero (cimbra)', 0, '', 'Especie marina de hábitos costeros . Vive en arrecifes coralinos y rocosos. Se alimenta de algas microscópicas (diatomeas) y detritus.', 'Se distribuye en el Indo Pacífico y Pacífico Oriental, desde el este de África, Australia, Japón, Golfo de California, Panamá e Islas Galápagos.', 0, 'Se utiliza la carne.', '', '0', '0000-00-00 00:00:00', '0000-00-00 00:00:00'),
(46, 'Cirujano aleta amarilla', 'Yellowfin Surgeonfish', 'Acanthurus xanthopterus', 'Actinopterygii', 'Perciformes', 'Acanthuridae', 18, '', '', '', '', '', 'Línea de mano o cuerda, red agallera de fondo y palangre escamero (cimbra)', 0, '', 'Especie marina de hábitos costeros . Vive en arrecifes coralinos y rocosos. Se alimenta de algas microscópicas (diatomeas) y detritus.', 'Se distribuye en el Indo Pacífico y Pacífico Oriental, desde el este de África, Australia, Japón, Golfo de California, Panamá e Islas Galápagos.', 0, 'Se utiliza la carne.', '', '0', '0000-00-00 00:00:00', '0000-00-00 00:00:00'),
(47, 'Cirujano aleta amarilla', 'Yellowfin Surgeonfish', 'Acanthurus xanthopterus', 'Actinopterygii', 'Perciformes', 'Acanthuridae', 18, '', '', '', '', '', 'Línea de mano o cuerda, red agallera de fondo y palangre escamero (cimbra)', 0, '', 'Especie marina de hábitos costeros . Vive en arrecifes coralinos y rocosos. Se alimenta de algas microscópicas (diatomeas) y detritus.', 'Se distribuye en el Indo Pacífico y Pacífico Oriental, desde el este de África, Australia, Japón, Golfo de California, Panamá e Islas Galápagos.', 0, 'Se utiliza la carne.', '', '0', '0000-00-00 00:00:00', '0000-00-00 00:00:00'),
(48, 'Cirujano aleta amarilla', 'Yellowfin Surgeonfish', 'Acanthurus xanthopterus', 'Actinopterygii', 'Perciformes', 'Acanthuridae', 18, '', '', '', '', '', 'Línea de mano o cuerda, red agallera de fondo y palangre escamero (cimbra)', 0, '', 'Especie marina de hábitos costeros . Vive en arrecifes coralinos y rocosos. Se alimenta de algas microscópicas (diatomeas) y detritus.', 'Se distribuye en el Indo Pacífico y Pacífico Oriental, desde el este de África, Australia, Japón, Golfo de California, Panamá e Islas Galápagos.', 0, 'Se utiliza la carne.', '', '0', '0000-00-00 00:00:00', '0000-00-00 00:00:00'),
(49, 'Cirujano aleta amarilla', 'Yellowfin Surgeonfish', 'Acanthurus xanthopterus', 'Actinopterygii', 'Perciformes', 'Acanthuridae', 46, '', '', '', '', '', 'Línea de mano o cuerda, red agallera de fondo y palangre escamero (cimbra)', 0, '', 'Especie marina de hábitos costeros . Vive en arrecifes coralinos y rocosos. Se alimenta de algas microscópicas (diatomeas) y detritus.', 'Se distribuye en el Indo Pacífico y Pacífico Oriental, desde el este de África, Australia, Japón, Golfo de California, Panamá e Islas Galápagos.', 0, 'Se utiliza la carne.', '', '0', '0000-00-00 00:00:00', '0000-00-00 00:00:00'),
(50, 'Cirujano aleta amarilla', 'Yellowfin Surgeonfish', 'Acanthurus xanthopterus', 'Actinopterygii', 'Perciformes', 'Acanthuridae', 18, '', '', '', '', '', 'Línea de mano o cuerda, red agallera de fondo y palangre escamero (cimbra)', 0, '', 'Especie marina de hábitos costeros . Vive en arrecifes coralinos y rocosos. Se alimenta de algas microscópicas (diatomeas) y detritus.', 'Se distribuye en el Indo Pacífico y Pacífico Oriental, desde el este de África, Australia, Japón, Golfo de California, Panamá e Islas Galápagos.', 0, 'Se utiliza la carne.', '', '0', '0000-00-00 00:00:00', '0000-00-00 00:00:00'),
(51, 'Cirujano aleta amarilla', 'Yellowfin Surgeonfish', 'Acanthurus xanthopterus', 'Actinopterygii', 'Perciformes', 'Acanthuridae', 18, '', '', '', '', '', 'Línea de mano o cuerda, red agallera de fondo y palangre escamero (cimbra)', 0, '', 'Especie marina de hábitos costeros . Vive en arrecifes coralinos y rocosos. Se alimenta de algas microscópicas (diatomeas) y detritus.', 'Se distribuye en el Indo Pacífico y Pacífico Oriental, desde el este de África, Australia, Japón, Golfo de California, Panamá e Islas Galápagos.', 0, 'Se utiliza la carne.', '', '0', '0000-00-00 00:00:00', '0000-00-00 00:00:00'),
(52, 'Cirujano aleta amarilla', 'Yellowfin Surgeonfish', 'Acanthurus xanthopterus', 'Actinopterygii', 'Perciformes', 'Acanthuridae', 25, '', '', '', '', '', 'Línea de mano o cuerda, red agallera de fondo y palangre escamero (cimbra)', 0, '', 'Especie marina de hábitos costeros . Vive en arrecifes coralinos y rocosos. Se alimenta de algas microscópicas (diatomeas) y detritus.', 'Se distribuye en el Indo Pacífico y Pacífico Oriental, desde el este de África, Australia, Japón, Golfo de California, Panamá e Islas Galápagos.', 0, 'Se utiliza la carne.', '', '0', '0000-00-00 00:00:00', '0000-00-00 00:00:00'),
(53, 'Cirujano aleta amarilla', 'Yellowfin Surgeonfish', 'Acanthurus xanthopterus', 'Actinopterygii', 'Perciformes', 'Acanthuridae', 18, '', '', '', '', '', 'Línea de mano o cuerda, red agallera de fondo y palangre escamero (cimbra)', 0, '', 'Especie marina de hábitos costeros . Vive en arrecifes coralinos y rocosos. Se alimenta de algas microscópicas (diatomeas) y detritus.', 'Se distribuye en el Indo Pacífico y Pacífico Oriental, desde el este de África, Australia, Japón, Golfo de California, Panamá e Islas Galápagos.', 0, 'Se utiliza la carne.', '', '0', '0000-00-00 00:00:00', '0000-00-00 00:00:00'),
(54, 'Cirujano aleta amarilla', 'Yellowfin Surgeonfish', 'Acanthurus xanthopterus', 'Actinopterygii', 'Perciformes', 'Acanthuridae', 0, '', '', '', '', '', 'Línea de mano o cuerda, red agallera de fondo y palangre escamero (cimbra)', 0, '', 'Especie marina de hábitos costeros . Vive en arrecifes coralinos y rocosos. Se alimenta de algas microscópicas (diatomeas) y detritus.', 'Se distribuye en el Indo Pacífico y Pacífico Oriental, desde el este de África, Australia, Japón, Golfo de California, Panamá e Islas Galápagos.', 0, 'Se utiliza la carne.', '', '0', '0000-00-00 00:00:00', '0000-00-00 00:00:00'),
(55, 'Cirujano aleta amarilla', 'Yellowfin Surgeonfish', 'Acanthurus xanthopterus', 'Actinopterygii', 'Perciformes', 'Acanthuridae', 0, '', '', '', '', '', 'Línea de mano o cuerda, red agallera de fondo y palangre escamero (cimbra)', 0, '', 'Especie marina de hábitos costeros . Vive en arrecifes coralinos y rocosos. Se alimenta de algas microscópicas (diatomeas) y detritus.', 'Se distribuye en el Indo Pacífico y Pacífico Oriental, desde el este de África, Australia, Japón, Golfo de California, Panamá e Islas Galápagos.', 0, 'Se utiliza la carne.', '', '0', '0000-00-00 00:00:00', '0000-00-00 00:00:00'),
(56, 'Cirujano aleta amarilla', 'Yellowfin Surgeonfish', 'Acanthurus xanthopterus', 'Actinopterygii', 'Perciformes', 'Acanthuridae', 0, '', '', '', '', '', 'Línea de mano o cuerda, red agallera de fondo y palangre escamero (cimbra)', 0, '', 'Especie marina de hábitos costeros . Vive en arrecifes coralinos y rocosos. Se alimenta de algas microscópicas (diatomeas) y detritus.', 'Se distribuye en el Indo Pacífico y Pacífico Oriental, desde el este de África, Australia, Japón, Golfo de California, Panamá e Islas Galápagos.', 0, 'Se utiliza la carne.', '', '0', '0000-00-00 00:00:00', '0000-00-00 00:00:00'),
(57, 'Cirujano aleta amarilla', 'Yellowfin Surgeonfish', 'Acanthurus xanthopterus', 'Actinopterygii', 'Perciformes', 'Acanthuridae', 0, '', '', '', '', '', 'Línea de mano o cuerda, red agallera de fondo y palangre escamero (cimbra)', 0, '', 'Especie marina de hábitos costeros . Vive en arrecifes coralinos y rocosos. Se alimenta de algas microscópicas (diatomeas) y detritus.', 'Se distribuye en el Indo Pacífico y Pacífico Oriental, desde el este de África, Australia, Japón, Golfo de California, Panamá e Islas Galápagos.', 0, 'Se utiliza la carne.', '', '0', '0000-00-00 00:00:00', '0000-00-00 00:00:00'),
(58, 'Cirujano aleta amarilla', 'Yellowfin Surgeonfish', 'Acanthurus xanthopterus', 'Actinopterygii', 'Perciformes', 'Acanthuridae', 0, '', '', '', '', '', 'Línea de mano o cuerda, red agallera de fondo y palangre escamero (cimbra)', 0, '', 'Especie marina de hábitos costeros . Vive en arrecifes coralinos y rocosos. Se alimenta de algas microscópicas (diatomeas) y detritus.', 'Se distribuye en el Indo Pacífico y Pacífico Oriental, desde el este de África, Australia, Japón, Golfo de California, Panamá e Islas Galápagos.', 0, 'Se utiliza la carne.', '', '0', '0000-00-00 00:00:00', '0000-00-00 00:00:00'),
(59, 'Cirujano aleta amarilla', 'Yellowfin Surgeonfish', 'Acanthurus xanthopterus', 'Actinopterygii', 'Perciformes', 'Acanthuridae', 0, '', '', '', '', '', 'Línea de mano o cuerda, red agallera de fondo y palangre escamero (cimbra)', 0, '', 'Especie marina de hábitos costeros . Vive en arrecifes coralinos y rocosos. Se alimenta de algas microscópicas (diatomeas) y detritus.', 'Se distribuye en el Indo Pacífico y Pacífico Oriental, desde el este de África, Australia, Japón, Golfo de California, Panamá e Islas Galápagos.', 0, 'Se utiliza la carne.', '', '0', '0000-00-00 00:00:00', '0000-00-00 00:00:00'),
(60, 'Cirujano aleta amarilla', 'Yellowfin Surgeonfish', 'Acanthurus xanthopterus', 'Actinopterygii', 'Perciformes', 'Acanthuridae', 0, '', '', '', '', '', 'Línea de mano o cuerda, red agallera de fondo y palangre escamero (cimbra)', 0, '', 'Especie marina de hábitos costeros . Vive en arrecifes coralinos y rocosos. Se alimenta de algas microscópicas (diatomeas) y detritus.', 'Se distribuye en el Indo Pacífico y Pacífico Oriental, desde el este de África, Australia, Japón, Golfo de California, Panamá e Islas Galápagos.', 0, 'Se utiliza la carne.', '', '0', '0000-00-00 00:00:00', '0000-00-00 00:00:00'),
(61, 'Cirujano aleta amarilla', 'Yellowfin Surgeonfish', 'Acanthurus xanthopterus', 'Actinopterygii', 'Perciformes', 'Acanthuridae', 0, '', '', '', '', '', 'Línea de mano o cuerda, red agallera de fondo y palangre escamero (cimbra)', 0, '', 'Especie marina de hábitos costeros . Vive en arrecifes coralinos y rocosos. Se alimenta de algas microscópicas (diatomeas) y detritus.', 'Se distribuye en el Indo Pacífico y Pacífico Oriental, desde el este de África, Australia, Japón, Golfo de California, Panamá e Islas Galápagos.', 0, 'Se utiliza la carne.', '', '0', '0000-00-00 00:00:00', '0000-00-00 00:00:00'),
(62, 'Cirujano aleta amarilla', 'Yellowfin Surgeonfish', 'Acanthurus xanthopterus', 'Actinopterygii', 'Perciformes', 'Acanthuridae', 0, '', '', '', '', '', 'Línea de mano o cuerda, red agallera de fondo y palangre escamero (cimbra)', 0, '', 'Especie marina de hábitos costeros . Vive en arrecifes coralinos y rocosos. Se alimenta de algas microscópicas (diatomeas) y detritus.', 'Se distribuye en el Indo Pacífico y Pacífico Oriental, desde el este de África, Australia, Japón, Golfo de California, Panamá e Islas Galápagos.', 0, 'Se utiliza la carne.', '', '0', '0000-00-00 00:00:00', '0000-00-00 00:00:00'),
(63, 'Cirujano aleta amarilla', 'Yellowfin Surgeonfish', 'Acanthurus xanthopterus', 'Actinopterygii', 'Perciformes', 'Acanthuridae', 14, '', '', '', '', '', 'Línea de mano o cuerda, red agallera de fondo y palangre escamero (cimbra)', 3, '', 'Especie marina de hábitos costeros . Vive en arrecifes coralinos y rocosos. Se alimenta de algas microscópicas (diatomeas) y detritus.', 'Se distribuye en el Indo Pacífico y Pacífico Oriental, desde el este de África, Australia, Japón, Golfo de California, Panamá e Islas Galápagos.', 0, 'Se utiliza la carne.', '', '0', '0000-00-00 00:00:00', '0000-00-00 00:00:00'),
(64, 'Cirujano aleta amarilla', 'Yellowfin Surgeonfish', 'Acanthurus xanthopterus', 'Actinopterygii', 'Perciformes', 'Acanthuridae', 14, '', '', '', '', '', 'Línea de mano o cuerda, red agallera de fondo y palangre escamero (cimbra)', 3, '', 'Especie marina de hábitos costeros . Vive en arrecifes coralinos y rocosos. Se alimenta de algas microscópicas (diatomeas) y detritus.', 'Se distribuye en el Indo Pacífico y Pacífico Oriental, desde el este de África, Australia, Japón, Golfo de California, Panamá e Islas Galápagos.', 0, 'Se utiliza la carne.', '', '0', '0000-00-00 00:00:00', '0000-00-00 00:00:00'),
(65, 'Cirujano aleta amarilla', 'Yellowfin Surgeonfish', 'Acanthurus xanthopterus', 'Actinopterygii', 'Perciformes', 'Acanthuridae', 14, '', '', '', '', '', 'Línea de mano o cuerda, red agallera de fondo y palangre escamero (cimbra)', 3, '', 'Especie marina de hábitos costeros . Vive en arrecifes coralinos y rocosos. Se alimenta de algas microscópicas (diatomeas) y detritus.', 'Se distribuye en el Indo Pacífico y Pacífico Oriental, desde el este de África, Australia, Japón, Golfo de California, Panamá e Islas Galápagos.', 0, 'Se utiliza la carne.', '', '0', '0000-00-00 00:00:00', '0000-00-00 00:00:00'),
(66, 'Cirujano aleta amarilla', 'Yellowfin Surgeonfish', 'Acanthurus xanthopterus', 'Actinopterygii', 'Perciformes', 'Acanthuridae', 14, '', '', '', '', '', 'Línea de mano o cuerda, red agallera de fondo y palangre escamero (cimbra)', 3, '', 'Especie marina de hábitos costeros . Vive en arrecifes coralinos y rocosos. Se alimenta de algas microscópicas (diatomeas) y detritus.', 'Se distribuye en el Indo Pacífico y Pacífico Oriental, desde el este de África, Australia, Japón, Golfo de California, Panamá e Islas Galápagos.', 0, 'Se utiliza la carne.', '', '0', '0000-00-00 00:00:00', '0000-00-00 00:00:00'),
(67, 'Cirujano aleta amarilla', 'Yellowfin Surgeonfish', 'Acanthurus xanthopterus', 'Actinopterygii', 'Perciformes', 'Acanthuridae', 50, '', '', '', '', '', 'Línea de mano o cuerda, red agallera de fondo y palangre escamero (cimbra)', 3, '', 'Especie marina de hábitos costeros . Vive en arrecifes coralinos y rocosos. Se alimenta de algas microscópicas (diatomeas) y detritus.', 'Se distribuye en el Indo Pacífico y Pacífico Oriental, desde el este de África, Australia, Japón, Golfo de California, Panamá e Islas Galápagos.', 0, 'Se utiliza la carne.', '', '0', '0000-00-00 00:00:00', '0000-00-00 00:00:00'),
(68, 'Cirujano aleta amarilla', 'Yellowfin Surgeonfish', 'Acanthurus xanthopterus', 'Actinopterygii', 'Perciformes', 'Acanthuridae', 50, '', '', '', '', '', 'Línea de mano o cuerda, red agallera de fondo y palangre escamero (cimbra)', 3, '', 'Especie marina de hábitos costeros . Vive en arrecifes coralinos y rocosos. Se alimenta de algas microscópicas (diatomeas) y detritus.', 'Se distribuye en el Indo Pacífico y Pacífico Oriental, desde el este de África, Australia, Japón, Golfo de California, Panamá e Islas Galápagos.', 0, 'Se utiliza la carne.', '', '0', '0000-00-00 00:00:00', '0000-00-00 00:00:00'),
(69, 'Cirujano aleta amarilla', 'Yellowfin Surgeonfish', 'Acanthurus xanthopterus', 'Actinopterygii', 'Perciformes', 'Acanthuridae', 50, '', '', '', '', '', 'Línea de mano o cuerda, red agallera de fondo y palangre escamero (cimbra)', 3, '', 'Especie marina de hábitos costeros . Vive en arrecifes coralinos y rocosos. Se alimenta de algas microscópicas (diatomeas) y detritus.', 'Se distribuye en el Indo Pacífico y Pacífico Oriental, desde el este de África, Australia, Japón, Golfo de California, Panamá e Islas Galápagos.', 0, 'Se utiliza la carne.', '', '0', '0000-00-00 00:00:00', '0000-00-00 00:00:00'),
(70, 'Cirujano aleta amarilla', 'Yellowfin Surgeonfish', 'Acanthurus xanthopterus', 'Actinopterygii', 'Perciformes', 'Acanthuridae', 50, '', '', '', '', '', 'Línea de mano o cuerda, red agallera de fondo y palangre escamero (cimbra)', 3, '', 'Especie marina de hábitos costeros . Vive en arrecifes coralinos y rocosos. Se alimenta de algas microscópicas (diatomeas) y detritus.', 'Se distribuye en el Indo Pacífico y Pacífico Oriental, desde el este de África, Australia, Japón, Golfo de California, Panamá e Islas Galápagos.', 0, 'Se utiliza la carne.', '', '0', '0000-00-00 00:00:00', '0000-00-00 00:00:00'),
(71, 'Cirujano aleta amarilla', 'Yellowfin Surgeonfish', 'Acanthurus xanthopterus', 'Actinopterygii', 'Perciformes', 'Acanthuridae', 50, '', '', '', '', '', 'Línea de mano o cuerda, red agallera de fondo y palangre escamero (cimbra)', 3, '', 'Especie marina de hábitos costeros . Vive en arrecifes coralinos y rocosos. Se alimenta de algas microscópicas (diatomeas) y detritus.', 'Se distribuye en el Indo Pacífico y Pacífico Oriental, desde el este de África, Australia, Japón, Golfo de California, Panamá e Islas Galápagos.', 0, 'Se utiliza la carne.', '', '0', '0000-00-00 00:00:00', '0000-00-00 00:00:00'),
(72, 'Cirujano aleta amarilla', 'Yellowfin Surgeonfish', 'Acanthurus xanthopterus', 'Actinopterygii', 'Perciformes', 'Acanthuridae', 50, '', '', '', '', '', 'Línea de mano o cuerda, red agallera de fondo y palangre escamero (cimbra)', 3, '', 'Especie marina de hábitos costeros . Vive en arrecifes coralinos y rocosos. Se alimenta de algas microscópicas (diatomeas) y detritus.', 'Se distribuye en el Indo Pacífico y Pacífico Oriental, desde el este de África, Australia, Japón, Golfo de California, Panamá e Islas Galápagos.', 0, 'Se utiliza la carne.', '', '0', '0000-00-00 00:00:00', '0000-00-00 00:00:00'),
(73, 'Cirujano aleta amarilla', 'Yellowfin Surgeonfish', 'Acanthurus xanthopterus', 'Actinopterygii', 'Perciformes', 'Acanthuridae', 50, '', '', '', '', '', 'Línea de mano o cuerda, red agallera de fondo y palangre escamero (cimbra)', 3, '', 'Especie marina de hábitos costeros . Vive en arrecifes coralinos y rocosos. Se alimenta de algas microscópicas (diatomeas) y detritus.', 'Se distribuye en el Indo Pacífico y Pacífico Oriental, desde el este de África, Australia, Japón, Golfo de California, Panamá e Islas Galápagos.', 0, 'Se utiliza la carne.', '', '0', '0000-00-00 00:00:00', '0000-00-00 00:00:00'),
(74, 'Cirujano aleta amarilla', 'Yellowfin Surgeonfish', 'Acanthurus xanthopterus', 'Actinopterygii', 'Perciformes', 'Acanthuridae', 50, '', '', '', '', '', 'Línea de mano o cuerda, red agallera de fondo y palangre escamero (cimbra)', 3, '', 'Especie marina de hábitos costeros . Vive en arrecifes coralinos y rocosos. Se alimenta de algas microscópicas (diatomeas) y detritus.', 'Se distribuye en el Indo Pacífico y Pacífico Oriental, desde el este de África, Australia, Japón, Golfo de California, Panamá e Islas Galápagos.', 0, 'Se utiliza la carne.', '', '0', '0000-00-00 00:00:00', '0000-00-00 00:00:00'),
(75, 'Cirujano aleta amarilla', 'Yellowfin Surgeonfish', 'Acanthurus xanthopterus', 'Actinopterygii', 'Perciformes', 'Acanthuridae', 50, '', '', '', '', '', 'Línea de mano o cuerda, red agallera de fondo y palangre escamero (cimbra)', 3, '', 'Especie marina de hábitos costeros . Vive en arrecifes coralinos y rocosos. Se alimenta de algas microscópicas (diatomeas) y detritus.', 'Se distribuye en el Indo Pacífico y Pacífico Oriental, desde el este de África, Australia, Japón, Golfo de California, Panamá e Islas Galápagos.', 0, 'Se utiliza la carne.', '', '0', '0000-00-00 00:00:00', '0000-00-00 00:00:00'),
(76, 'Cirujano aleta amarilla', 'Yellowfin Surgeonfish', 'Acanthurus xanthopterus', 'Actinopterygii', 'Perciformes', 'Acanthuridae', 50, '', '', '', '', '', 'Línea de mano o cuerda, red agallera de fondo y palangre escamero (cimbra)', 3, '', 'Especie marina de hábitos costeros . Vive en arrecifes coralinos y rocosos. Se alimenta de algas microscópicas (diatomeas) y detritus.', 'Se distribuye en el Indo Pacífico y Pacífico Oriental, desde el este de África, Australia, Japón, Golfo de California, Panamá e Islas Galápagos.', 0, 'Se utiliza la carne.', '', '0', '0000-00-00 00:00:00', '0000-00-00 00:00:00'),
(77, 'Cirujano aleta amarilla', 'Yellowfin Surgeonfish', 'Acanthurus xanthopterus', 'Actinopterygii', 'Perciformes', 'Acanthuridae', 50, '', '', '', '', '', 'Línea de mano o cuerda, red agallera de fondo y palangre escamero (cimbra)', 3, '', 'Especie marina de hábitos costeros . Vive en arrecifes coralinos y rocosos. Se alimenta de algas microscópicas (diatomeas) y detritus.', 'Se distribuye en el Indo Pacífico y Pacífico Oriental, desde el este de África, Australia, Japón, Golfo de California, Panamá e Islas Galápagos.', 0, 'Se utiliza la carne.', '', '0', '0000-00-00 00:00:00', '0000-00-00 00:00:00'),
(78, 'Cirujano aleta amarilla', 'Yellowfin Surgeonfish', 'Acanthurus xanthopterus', 'Actinopterygii', 'Perciformes', 'Acanthuridae', 50, '', '', '', '', '', 'Línea de mano o cuerda, red agallera de fondo y palangre escamero (cimbra)', 3, '', 'Especie marina de hábitos costeros . Vive en arrecifes coralinos y rocosos. Se alimenta de algas microscópicas (diatomeas) y detritus.', 'Se distribuye en el Indo Pacífico y Pacífico Oriental, desde el este de África, Australia, Japón, Golfo de California, Panamá e Islas Galápagos.', 0, 'Se utiliza la carne.', '', '0', '0000-00-00 00:00:00', '0000-00-00 00:00:00'),
(79, 'Cirujano aleta amarilla', 'Yellowfin Surgeonfish', 'Acanthurus xanthopterus', 'Actinopterygii', 'Perciformes', 'Acanthuridae', 50, '', '', '', '', '', 'Línea de mano o cuerda, red agallera de fondo y palangre escamero (cimbra)', 3, '', 'Especie marina de hábitos costeros . Vive en arrecifes coralinos y rocosos. Se alimenta de algas microscópicas (diatomeas) y detritus.', 'Se distribuye en el Indo Pacífico y Pacífico Oriental, desde el este de África, Australia, Japón, Golfo de California, Panamá e Islas Galápagos.', 0, 'Se utiliza la carne.', '', '0', '0000-00-00 00:00:00', '0000-00-00 00:00:00'),
(80, 'Cirujano aleta amarilla', 'Yellowfin Surgeonfish', 'Acanthurus xanthopterus', 'Actinopterygii', 'Perciformes', 'Acanthuridae', 33, '', '', '', '', '', 'Línea de mano o cuerda, red agallera de fondo y palangre escamero (cimbra)', 3, '', 'Especie marina de hábitos costeros . Vive en arrecifes coralinos y rocosos. Se alimenta de algas microscópicas (diatomeas) y detritus.', 'Se distribuye en el Indo Pacífico y Pacífico Oriental, desde el este de África, Australia, Japón, Golfo de California, Panamá e Islas Galápagos.', 0, 'Se utiliza la carne.', '', '0', '0000-00-00 00:00:00', '0000-00-00 00:00:00');
INSERT INTO `peces` (`especie_id`, `nombre_comun`, `nombre_ingles`, `nombre_cientifico`, `clase`, `orden`, `familia`, `grupo_id`, `nacional_importado`, `tipo_imagen`, `imagen`, `triptico`, `talla_captura`, `arte_pesca`, `tipo_veda_id`, `veda`, `generalidades`, `descripcion_distribucion`, `cultivado_capturado`, `comercio`, `pais_importacion`, `html`, `fecha_creacion`, `fecha_actualizacion`) VALUES
(81, 'Cirujano aleta amarilla', 'Yellowfin Surgeonfish', 'Acanthurus xanthopterus', 'Actinopterygii', 'Perciformes', 'Acanthuridae', 41, '', '', '', '', '', 'Línea de mano o cuerda, red agallera de fondo y palangre escamero (cimbra)', 0, '', 'Especie marina de hábitos costeros . Vive en arrecifes coralinos y rocosos. Se alimenta de algas microscópicas (diatomeas) y detritus.', 'Se distribuye en el Indo Pacífico y Pacífico Oriental, desde el este de África, Australia, Japón, Golfo de California, Panamá e Islas Galápagos.', 0, 'Se utiliza la carne.', '', '0', '0000-00-00 00:00:00', '0000-00-00 00:00:00'),
(82, 'Cirujano aleta amarilla', 'Yellowfin Surgeonfish', 'Acanthurus xanthopterus', 'Actinopterygii', 'Perciformes', 'Acanthuridae', 41, '', '', '', '', '', 'Línea de mano o cuerda, red agallera de fondo y palangre escamero (cimbra)', 0, '', 'Especie marina de hábitos costeros . Vive en arrecifes coralinos y rocosos. Se alimenta de algas microscópicas (diatomeas) y detritus.', 'Se distribuye en el Indo Pacífico y Pacífico Oriental, desde el este de África, Australia, Japón, Golfo de California, Panamá e Islas Galápagos.', 0, 'Se utiliza la carne.', '', '0', '0000-00-00 00:00:00', '0000-00-00 00:00:00'),
(83, 'Cirujano aleta amarilla', 'Yellowfin Surgeonfish', 'Acanthurus xanthopterus', 'Actinopterygii', 'Perciformes', 'Acanthuridae', 41, '', '', '', '', '', 'Línea de mano o cuerda, red agallera de fondo y palangre escamero (cimbra)', 0, '', 'Especie marina de hábitos costeros . Vive en arrecifes coralinos y rocosos. Se alimenta de algas microscópicas (diatomeas) y detritus.', 'Se distribuye en el Indo Pacífico y Pacífico Oriental, desde el este de África, Australia, Japón, Golfo de California, Panamá e Islas Galápagos.', 0, 'Se utiliza la carne.', '', '0', '0000-00-00 00:00:00', '0000-00-00 00:00:00'),
(84, 'Cirujano aleta amarilla', 'Yellowfin Surgeonfish', 'Acanthurus xanthopterus', 'Actinopterygii', 'Perciformes', 'Acanthuridae', 41, '', '', '', '', '', 'Línea de mano o cuerda, red agallera de fondo y palangre escamero (cimbra)', 3, '', 'Especie marina de hábitos costeros . Vive en arrecifes coralinos y rocosos. Se alimenta de algas microscópicas (diatomeas) y detritus.', 'Se distribuye en el Indo Pacífico y Pacífico Oriental, desde el este de África, Australia, Japón, Golfo de California, Panamá e Islas Galápagos.', 0, 'Se utiliza la carne.', '', '0', '0000-00-00 00:00:00', '0000-00-00 00:00:00'),
(85, 'Cirujano aleta amarilla', 'Yellowfin Surgeonfish', 'Acanthurus xanthopterus', 'Actinopterygii', 'Perciformes', 'Acanthuridae', 41, '', '', '', '', '', 'Línea de mano o cuerda, red agallera de fondo y palangre escamero (cimbra)', 0, '', 'Especie marina de hábitos costeros . Vive en arrecifes coralinos y rocosos. Se alimenta de algas microscópicas (diatomeas) y detritus.', 'Se distribuye en el Indo Pacífico y Pacífico Oriental, desde el este de África, Australia, Japón, Golfo de California, Panamá e Islas Galápagos.', 0, 'Se utiliza la carne.', '', '0', '0000-00-00 00:00:00', '0000-00-00 00:00:00'),
(86, 'Cirujano aleta amarilla', 'Yellowfin Surgeonfish', 'Acanthurus xanthopterus', 'Actinopterygii', 'Perciformes', 'Acanthuridae', 41, '', '', '', '', '', 'Línea de mano o cuerda, red agallera de fondo y palangre escamero (cimbra)', 3, '', 'Especie marina de hábitos costeros . Vive en arrecifes coralinos y rocosos. Se alimenta de algas microscópicas (diatomeas) y detritus.', 'Se distribuye en el Indo Pacífico y Pacífico Oriental, desde el este de África, Australia, Japón, Golfo de California, Panamá e Islas Galápagos.', 0, 'Se utiliza la carne.', '', '0', '0000-00-00 00:00:00', '0000-00-00 00:00:00'),
(87, 'Cirujano aleta amarilla', 'Yellowfin Surgeonfish', 'Acanthurus xanthopterus', 'Actinopterygii', 'Perciformes', 'Acanthuridae', 41, '', '', '', '', '', 'Línea de mano o cuerda, red agallera de fondo y palangre escamero (cimbra)', 0, '', 'Especie marina de hábitos costeros . Vive en arrecifes coralinos y rocosos. Se alimenta de algas microscópicas (diatomeas) y detritus.', 'Se distribuye en el Indo Pacífico y Pacífico Oriental, desde el este de África, Australia, Japón, Golfo de California, Panamá e Islas Galápagos.', 0, 'Se utiliza la carne.', '', '0', '0000-00-00 00:00:00', '0000-00-00 00:00:00'),
(88, 'Cirujano aleta amarilla', 'Yellowfin Surgeonfish', 'Acanthurus xanthopterus', 'Actinopterygii', 'Perciformes', 'Acanthuridae', 18, '', '', '', '', '', 'Línea de mano o cuerda, red agallera de fondo y palangre escamero (cimbra)', 0, '', 'Especie marina de hábitos costeros . Vive en arrecifes coralinos y rocosos. Se alimenta de algas microscópicas (diatomeas) y detritus.', 'Se distribuye en el Indo Pacífico y Pacífico Oriental, desde el este de África, Australia, Japón, Golfo de California, Panamá e Islas Galápagos.', 0, 'Se utiliza la carne.', '', '0', '0000-00-00 00:00:00', '0000-00-00 00:00:00'),
(89, 'Cirujano aleta amarilla', 'Yellowfin Surgeonfish', 'Acanthurus xanthopterus', 'Actinopterygii', 'Perciformes', 'Acanthuridae', 33, '', '', '', '', '', 'Línea de mano o cuerda, red agallera de fondo y palangre escamero (cimbra)', 0, '', 'Especie marina de hábitos costeros . Vive en arrecifes coralinos y rocosos. Se alimenta de algas microscópicas (diatomeas) y detritus.', 'Se distribuye en el Indo Pacífico y Pacífico Oriental, desde el este de África, Australia, Japón, Golfo de California, Panamá e Islas Galápagos.', 0, 'Se utiliza la carne.', '', '0', '0000-00-00 00:00:00', '0000-00-00 00:00:00'),
(90, 'Cirujano aleta amarilla', 'Yellowfin Surgeonfish', 'Acanthurus xanthopterus', 'Actinopterygii', 'Perciformes', 'Acanthuridae', 24, '', '', '', '', '', 'Línea de mano o cuerda, red agallera de fondo y palangre escamero (cimbra)', 0, '', 'Especie marina de hábitos costeros . Vive en arrecifes coralinos y rocosos. Se alimenta de algas microscópicas (diatomeas) y detritus.', 'Se distribuye en el Indo Pacífico y Pacífico Oriental, desde el este de África, Australia, Japón, Golfo de California, Panamá e Islas Galápagos.', 0, 'Se utiliza la carne.', '', '0', '0000-00-00 00:00:00', '0000-00-00 00:00:00'),
(91, 'Cirujano aleta amarilla', 'Yellowfin Surgeonfish', 'Acanthurus xanthopterus', 'Actinopterygii', 'Perciformes', 'Acanthuridae', 24, '', '', '', '', '', 'Línea de mano o cuerda, red agallera de fondo y palangre escamero (cimbra)', 0, '', 'Especie marina de hábitos costeros . Vive en arrecifes coralinos y rocosos. Se alimenta de algas microscópicas (diatomeas) y detritus.', 'Se distribuye en el Indo Pacífico y Pacífico Oriental, desde el este de África, Australia, Japón, Golfo de California, Panamá e Islas Galápagos.', 0, 'Se utiliza la carne.', '', '0', '0000-00-00 00:00:00', '0000-00-00 00:00:00'),
(92, 'Cirujano aleta amarilla', 'Yellowfin Surgeonfish', 'Acanthurus xanthopterus', 'Actinopterygii', 'Perciformes', 'Acanthuridae', 24, '', '', '', '', '', 'Línea de mano o cuerda, red agallera de fondo y palangre escamero (cimbra)', 0, '', 'Especie marina de hábitos costeros . Vive en arrecifes coralinos y rocosos. Se alimenta de algas microscópicas (diatomeas) y detritus.', 'Se distribuye en el Indo Pacífico y Pacífico Oriental, desde el este de África, Australia, Japón, Golfo de California, Panamá e Islas Galápagos.', 0, 'Se utiliza la carne.', '', '0', '0000-00-00 00:00:00', '0000-00-00 00:00:00'),
(93, 'Cirujano aleta amarilla', 'Yellowfin Surgeonfish', 'Acanthurus xanthopterus', 'Actinopterygii', 'Perciformes', 'Acanthuridae', 24, '', '', '', '', '', 'Línea de mano o cuerda, red agallera de fondo y palangre escamero (cimbra)', 0, '', 'Especie marina de hábitos costeros . Vive en arrecifes coralinos y rocosos. Se alimenta de algas microscópicas (diatomeas) y detritus.', 'Se distribuye en el Indo Pacífico y Pacífico Oriental, desde el este de África, Australia, Japón, Golfo de California, Panamá e Islas Galápagos.', 0, 'Se utiliza la carne.', '', '0', '0000-00-00 00:00:00', '0000-00-00 00:00:00'),
(94, 'Cirujano aleta amarilla', 'Yellowfin Surgeonfish', 'Acanthurus xanthopterus', 'Actinopterygii', 'Perciformes', 'Acanthuridae', 46, '', '', '', '', '', 'Línea de mano o cuerda, red agallera de fondo y palangre escamero (cimbra)', 0, '', 'Especie marina de hábitos costeros . Vive en arrecifes coralinos y rocosos. Se alimenta de algas microscópicas (diatomeas) y detritus.', 'Se distribuye en el Indo Pacífico y Pacífico Oriental, desde el este de África, Australia, Japón, Golfo de California, Panamá e Islas Galápagos.', 0, 'Se utiliza la carne.', '', '0', '0000-00-00 00:00:00', '0000-00-00 00:00:00'),
(95, 'Cirujano aleta amarilla', 'Yellowfin Surgeonfish', 'Acanthurus xanthopterus', 'Actinopterygii', 'Perciformes', 'Acanthuridae', 46, '', '', '', '', '', 'Línea de mano o cuerda, red agallera de fondo y palangre escamero (cimbra)', 0, '', 'Especie marina de hábitos costeros . Vive en arrecifes coralinos y rocosos. Se alimenta de algas microscópicas (diatomeas) y detritus.', 'Se distribuye en el Indo Pacífico y Pacífico Oriental, desde el este de África, Australia, Japón, Golfo de California, Panamá e Islas Galápagos.', 0, 'Se utiliza la carne.', '', '0', '0000-00-00 00:00:00', '0000-00-00 00:00:00'),
(96, 'Cirujano aleta amarilla', 'Yellowfin Surgeonfish', 'Acanthurus xanthopterus', 'Actinopterygii', 'Perciformes', 'Acanthuridae', 46, '', '', '', '', '', 'Línea de mano o cuerda, red agallera de fondo y palangre escamero (cimbra)', 0, '', 'Especie marina de hábitos costeros . Vive en arrecifes coralinos y rocosos. Se alimenta de algas microscópicas (diatomeas) y detritus.', 'Se distribuye en el Indo Pacífico y Pacífico Oriental, desde el este de África, Australia, Japón, Golfo de California, Panamá e Islas Galápagos.', 0, 'Se utiliza la carne.', '', '0', '0000-00-00 00:00:00', '0000-00-00 00:00:00'),
(97, 'Cirujano aleta amarilla', 'Yellowfin Surgeonfish', 'Acanthurus xanthopterus', 'Actinopterygii', 'Perciformes', 'Acanthuridae', 46, '', '', '', '', '', 'Línea de mano o cuerda, red agallera de fondo y palangre escamero (cimbra)', 0, '', 'Especie marina de hábitos costeros . Vive en arrecifes coralinos y rocosos. Se alimenta de algas microscópicas (diatomeas) y detritus.', 'Se distribuye en el Indo Pacífico y Pacífico Oriental, desde el este de África, Australia, Japón, Golfo de California, Panamá e Islas Galápagos.', 0, 'Se utiliza la carne.', '', '0', '0000-00-00 00:00:00', '0000-00-00 00:00:00'),
(98, 'Cirujano aleta amarilla', 'Yellowfin Surgeonfish', 'Acanthurus xanthopterus', 'Actinopterygii', 'Perciformes', 'Acanthuridae', 46, '', '', '', '', '', 'Línea de mano o cuerda, red agallera de fondo y palangre escamero (cimbra)', 0, '', 'Especie marina de hábitos costeros . Vive en arrecifes coralinos y rocosos. Se alimenta de algas microscópicas (diatomeas) y detritus.', 'Se distribuye en el Indo Pacífico y Pacífico Oriental, desde el este de África, Australia, Japón, Golfo de California, Panamá e Islas Galápagos.', 0, 'Se utiliza la carne.', '', '0', '0000-00-00 00:00:00', '0000-00-00 00:00:00'),
(99, 'Cirujano aleta amarilla', 'Yellowfin Surgeonfish', 'Acanthurus xanthopterus', 'Actinopterygii', 'Perciformes', 'Acanthuridae', 46, '', '', '', '', '', 'Línea de mano o cuerda, red agallera de fondo y palangre escamero (cimbra)', 0, '', 'Especie marina de hábitos costeros . Vive en arrecifes coralinos y rocosos. Se alimenta de algas microscópicas (diatomeas) y detritus.', 'Se distribuye en el Indo Pacífico y Pacífico Oriental, desde el este de África, Australia, Japón, Golfo de California, Panamá e Islas Galápagos.', 0, 'Se utiliza la carne.', '', '0', '0000-00-00 00:00:00', '0000-00-00 00:00:00'),
(100, 'Cirujano aleta amarilla', 'Yellowfin Surgeonfish', 'Acanthurus xanthopterus', 'Actinopterygii', 'Perciformes', 'Acanthuridae', 46, '', '', '', '', '', 'Línea de mano o cuerda, red agallera de fondo y palangre escamero (cimbra)', 0, '', 'Especie marina de hábitos costeros . Vive en arrecifes coralinos y rocosos. Se alimenta de algas microscópicas (diatomeas) y detritus.', 'Se distribuye en el Indo Pacífico y Pacífico Oriental, desde el este de África, Australia, Japón, Golfo de California, Panamá e Islas Galápagos.', 0, 'Se utiliza la carne.', '', '0', '0000-00-00 00:00:00', '0000-00-00 00:00:00'),
(101, 'Cirujano aleta amarilla', 'Yellowfin Surgeonfish', 'Acanthurus xanthopterus', 'Actinopterygii', 'Perciformes', 'Acanthuridae', 46, '', '', '', '', '', 'Línea de mano o cuerda, red agallera de fondo y palangre escamero (cimbra)', 0, '', 'Especie marina de hábitos costeros . Vive en arrecifes coralinos y rocosos. Se alimenta de algas microscópicas (diatomeas) y detritus.', 'Se distribuye en el Indo Pacífico y Pacífico Oriental, desde el este de África, Australia, Japón, Golfo de California, Panamá e Islas Galápagos.', 0, 'Se utiliza la carne.', '', '0', '0000-00-00 00:00:00', '0000-00-00 00:00:00'),
(102, 'Cirujano aleta amarilla', 'Yellowfin Surgeonfish', 'Acanthurus xanthopterus', 'Actinopterygii', 'Perciformes', 'Acanthuridae', 46, '', '', '', '', '', 'Línea de mano o cuerda, red agallera de fondo y palangre escamero (cimbra)', 0, '', 'Especie marina de hábitos costeros . Vive en arrecifes coralinos y rocosos. Se alimenta de algas microscópicas (diatomeas) y detritus.', 'Se distribuye en el Indo Pacífico y Pacífico Oriental, desde el este de África, Australia, Japón, Golfo de California, Panamá e Islas Galápagos.', 0, 'Se utiliza la carne.', '', '0', '0000-00-00 00:00:00', '0000-00-00 00:00:00'),
(103, 'Cirujano aleta amarilla', 'Yellowfin Surgeonfish', 'Acanthurus xanthopterus', 'Actinopterygii', 'Perciformes', 'Acanthuridae', 33, '', '', '', '', '', 'Línea de mano o cuerda, red agallera de fondo y palangre escamero (cimbra)', 0, '', 'Especie marina de hábitos costeros . Vive en arrecifes coralinos y rocosos. Se alimenta de algas microscópicas (diatomeas) y detritus.', 'Se distribuye en el Indo Pacífico y Pacífico Oriental, desde el este de África, Australia, Japón, Golfo de California, Panamá e Islas Galápagos.', 0, 'Se utiliza la carne.', '', '0', '0000-00-00 00:00:00', '0000-00-00 00:00:00'),
(104, 'Cirujano aleta amarilla', 'Yellowfin Surgeonfish', 'Acanthurus xanthopterus', 'Actinopterygii', 'Perciformes', 'Acanthuridae', 0, '', '', '', '', '', 'Línea de mano o cuerda, red agallera de fondo y palangre escamero (cimbra)', 3, '', 'Especie marina de hábitos costeros . Vive en arrecifes coralinos y rocosos. Se alimenta de algas microscópicas (diatomeas) y detritus.', 'Se distribuye en el Indo Pacífico y Pacífico Oriental, desde el este de África, Australia, Japón, Golfo de California, Panamá e Islas Galápagos.', 0, 'Se utiliza la carne.', '', '0', '0000-00-00 00:00:00', '0000-00-00 00:00:00'),
(105, 'Cirujano aleta amarilla', 'Yellowfin Surgeonfish', 'Acanthurus xanthopterus', 'Actinopterygii', 'Perciformes', 'Acanthuridae', 0, '', '', '', '', '', 'Línea de mano o cuerda, red agallera de fondo y palangre escamero (cimbra)', 3, '', 'Especie marina de hábitos costeros . Vive en arrecifes coralinos y rocosos. Se alimenta de algas microscópicas (diatomeas) y detritus.', 'Se distribuye en el Indo Pacífico y Pacífico Oriental, desde el este de África, Australia, Japón, Golfo de California, Panamá e Islas Galápagos.', 0, 'Se utiliza la carne.', '', '0', '0000-00-00 00:00:00', '0000-00-00 00:00:00'),
(106, 'Cirujano aleta amarilla', 'Yellowfin Surgeonfish', 'Acanthurus xanthopterus', 'Actinopterygii', 'Perciformes', 'Acanthuridae', 0, '', '', '', '', '', 'Línea de mano o cuerda, red agallera de fondo y palangre escamero (cimbra)', 0, '', 'Especie marina de hábitos costeros . Vive en arrecifes coralinos y rocosos. Se alimenta de algas microscópicas (diatomeas) y detritus.', 'Se distribuye en el Indo Pacífico y Pacífico Oriental, desde el este de África, Australia, Japón, Golfo de California, Panamá e Islas Galápagos.', 0, 'Se utiliza la carne.', '', '0', '0000-00-00 00:00:00', '0000-00-00 00:00:00'),
(107, 'Cirujano aleta amarilla', 'Yellowfin Surgeonfish', 'Acanthurus xanthopterus', 'Actinopterygii', 'Perciformes', 'Acanthuridae', 0, '', '', '', '', '', 'Línea de mano o cuerda, red agallera de fondo y palangre escamero (cimbra)', 3, '', 'Especie marina de hábitos costeros . Vive en arrecifes coralinos y rocosos. Se alimenta de algas microscópicas (diatomeas) y detritus.', 'Se distribuye en el Indo Pacífico y Pacífico Oriental, desde el este de África, Australia, Japón, Golfo de California, Panamá e Islas Galápagos.', 0, 'Se utiliza la carne.', '', '0', '0000-00-00 00:00:00', '0000-00-00 00:00:00'),
(108, 'Cirujano aleta amarilla', 'Yellowfin Surgeonfish', 'Acanthurus xanthopterus', 'Actinopterygii', 'Perciformes', 'Acanthuridae', 0, '', '', '', '', '', 'Línea de mano o cuerda, red agallera de fondo y palangre escamero (cimbra)', 3, '', 'Especie marina de hábitos costeros . Vive en arrecifes coralinos y rocosos. Se alimenta de algas microscópicas (diatomeas) y detritus.', 'Se distribuye en el Indo Pacífico y Pacífico Oriental, desde el este de África, Australia, Japón, Golfo de California, Panamá e Islas Galápagos.', 0, 'Se utiliza la carne.', '', '0', '0000-00-00 00:00:00', '0000-00-00 00:00:00'),
(109, 'Cirujano aleta amarilla', 'Yellowfin Surgeonfish', 'Acanthurus xanthopterus', 'Actinopterygii', 'Perciformes', 'Acanthuridae', 0, '', '', '', '', '', 'Línea de mano o cuerda, red agallera de fondo y palangre escamero (cimbra)', 3, '', 'Especie marina de hábitos costeros . Vive en arrecifes coralinos y rocosos. Se alimenta de algas microscópicas (diatomeas) y detritus.', 'Se distribuye en el Indo Pacífico y Pacífico Oriental, desde el este de África, Australia, Japón, Golfo de California, Panamá e Islas Galápagos.', 0, 'Se utiliza la carne.', '', '0', '0000-00-00 00:00:00', '0000-00-00 00:00:00'),
(110, 'Cirujano aleta amarilla', 'Yellowfin Surgeonfish', 'Acanthurus xanthopterus', 'Actinopterygii', 'Perciformes', 'Acanthuridae', 0, '', '', '', '', '', 'Línea de mano o cuerda, red agallera de fondo y palangre escamero (cimbra)', 0, '', 'Especie marina de hábitos costeros . Vive en arrecifes coralinos y rocosos. Se alimenta de algas microscópicas (diatomeas) y detritus.', 'Se distribuye en el Indo Pacífico y Pacífico Oriental, desde el este de África, Australia, Japón, Golfo de California, Panamá e Islas Galápagos.', 0, 'Se utiliza la carne.', '', '0', '0000-00-00 00:00:00', '0000-00-00 00:00:00'),
(111, 'Cirujano aleta amarilla', 'Yellowfin Surgeonfish', 'Acanthurus xanthopterus', 'Actinopterygii', 'Perciformes', 'Acanthuridae', 33, '', '', '', '', '', 'Línea de mano o cuerda, red agallera de fondo y palangre escamero (cimbra)', 0, '', 'Especie marina de hábitos costeros . Vive en arrecifes coralinos y rocosos. Se alimenta de algas microscópicas (diatomeas) y detritus.', 'Se distribuye en el Indo Pacífico y Pacífico Oriental, desde el este de África, Australia, Japón, Golfo de California, Panamá e Islas Galápagos.', 0, 'Se utiliza la carne.', '', '0', '0000-00-00 00:00:00', '0000-00-00 00:00:00'),
(112, 'Cirujano aleta amarilla', 'Yellowfin Surgeonfish', 'Acanthurus xanthopterus', 'Actinopterygii', 'Perciformes', 'Acanthuridae', 50, '', '', '', '', '', 'Línea de mano o cuerda, red agallera de fondo y palangre escamero (cimbra)', 3, '', 'Especie marina de hábitos costeros . Vive en arrecifes coralinos y rocosos. Se alimenta de algas microscópicas (diatomeas) y detritus.', 'Se distribuye en el Indo Pacífico y Pacífico Oriental, desde el este de África, Australia, Japón, Golfo de California, Panamá e Islas Galápagos.', 0, 'Se utiliza la carne.', '', '0', '0000-00-00 00:00:00', '0000-00-00 00:00:00'),
(113, 'Cirujano aleta amarilla', 'Yellowfin Surgeonfish', 'Acanthurus xanthopterus', 'Actinopterygii', 'Perciformes', 'Acanthuridae', 33, '', '', '', '', '', 'Línea de mano o cuerda, red agallera de fondo y palangre escamero (cimbra)', 0, '', 'Especie marina de hábitos costeros . Vive en arrecifes coralinos y rocosos. Se alimenta de algas microscópicas (diatomeas) y detritus.', 'Se distribuye en el Indo Pacífico y Pacífico Oriental, desde el este de África, Australia, Japón, Golfo de California, Panamá e Islas Galápagos.', 0, 'Se utiliza la carne.', '', '0', '0000-00-00 00:00:00', '0000-00-00 00:00:00'),
(114, 'Cirujano aleta amarilla', 'Yellowfin Surgeonfish', 'Acanthurus xanthopterus', 'Actinopterygii', 'Perciformes', 'Acanthuridae', 33, '', '', '', '', '', 'Línea de mano o cuerda, red agallera de fondo y palangre escamero (cimbra)', 0, '', 'Especie marina de hábitos costeros . Vive en arrecifes coralinos y rocosos. Se alimenta de algas microscópicas (diatomeas) y detritus.', 'Se distribuye en el Indo Pacífico y Pacífico Oriental, desde el este de África, Australia, Japón, Golfo de California, Panamá e Islas Galápagos.', 0, 'Se utiliza la carne.', '', '0', '0000-00-00 00:00:00', '0000-00-00 00:00:00'),
(115, 'Cirujano aleta amarilla', 'Yellowfin Surgeonfish', 'Acanthurus xanthopterus', 'Actinopterygii', 'Perciformes', 'Acanthuridae', 33, '', '', '', '', '', 'Línea de mano o cuerda, red agallera de fondo y palangre escamero (cimbra)', 0, '', 'Especie marina de hábitos costeros . Vive en arrecifes coralinos y rocosos. Se alimenta de algas microscópicas (diatomeas) y detritus.', 'Se distribuye en el Indo Pacífico y Pacífico Oriental, desde el este de África, Australia, Japón, Golfo de California, Panamá e Islas Galápagos.', 0, 'Se utiliza la carne.', '', '0', '0000-00-00 00:00:00', '0000-00-00 00:00:00'),
(116, 'Cirujano aleta amarilla', 'Yellowfin Surgeonfish', 'Acanthurus xanthopterus', 'Actinopterygii', 'Perciformes', 'Acanthuridae', 1, '', '', '', '', '', 'Línea de mano o cuerda, red agallera de fondo y palangre escamero (cimbra)', 0, '', 'Especie marina de hábitos costeros . Vive en arrecifes coralinos y rocosos. Se alimenta de algas microscópicas (diatomeas) y detritus.', 'Se distribuye en el Indo Pacífico y Pacífico Oriental, desde el este de África, Australia, Japón, Golfo de California, Panamá e Islas Galápagos.', 0, 'Se utiliza la carne.', '', '0', '0000-00-00 00:00:00', '0000-00-00 00:00:00'),
(117, 'Cirujano aleta amarilla', 'Yellowfin Surgeonfish', 'Acanthurus xanthopterus', 'Actinopterygii', 'Perciformes', 'Acanthuridae', 1, '', '', '', '', '', 'Línea de mano o cuerda, red agallera de fondo y palangre escamero (cimbra)', 0, '', 'Especie marina de hábitos costeros . Vive en arrecifes coralinos y rocosos. Se alimenta de algas microscópicas (diatomeas) y detritus.', 'Se distribuye en el Indo Pacífico y Pacífico Oriental, desde el este de África, Australia, Japón, Golfo de California, Panamá e Islas Galápagos.', 0, 'Se utiliza la carne.', '', '0', '0000-00-00 00:00:00', '0000-00-00 00:00:00'),
(118, 'Cirujano aleta amarilla', 'Yellowfin Surgeonfish', 'Acanthurus xanthopterus', 'Actinopterygii', 'Perciformes', 'Acanthuridae', 1, '', '', '', '', '', 'Línea de mano o cuerda, red agallera de fondo y palangre escamero (cimbra)', 0, '', 'Especie marina de hábitos costeros . Vive en arrecifes coralinos y rocosos. Se alimenta de algas microscópicas (diatomeas) y detritus.', 'Se distribuye en el Indo Pacífico y Pacífico Oriental, desde el este de África, Australia, Japón, Golfo de California, Panamá e Islas Galápagos.', 0, 'Se utiliza la carne.', '', '0', '0000-00-00 00:00:00', '0000-00-00 00:00:00'),
(119, 'Cirujano aleta amarilla', 'Yellowfin Surgeonfish', 'Acanthurus xanthopterus', 'Actinopterygii', 'Perciformes', 'Acanthuridae', 1, '', '', '', '', '', 'Línea de mano o cuerda, red agallera de fondo y palangre escamero (cimbra)', 0, '', 'Especie marina de hábitos costeros . Vive en arrecifes coralinos y rocosos. Se alimenta de algas microscópicas (diatomeas) y detritus.', 'Se distribuye en el Indo Pacífico y Pacífico Oriental, desde el este de África, Australia, Japón, Golfo de California, Panamá e Islas Galápagos.', 0, 'Se utiliza la carne.', '', '0', '0000-00-00 00:00:00', '0000-00-00 00:00:00'),
(120, 'Cirujano aleta amarilla', 'Yellowfin Surgeonfish', 'Acanthurus xanthopterus', 'Actinopterygii', 'Perciformes', 'Acanthuridae', 1, '', '', '', '', '', 'Línea de mano o cuerda, red agallera de fondo y palangre escamero (cimbra)', 0, '', 'Especie marina de hábitos costeros . Vive en arrecifes coralinos y rocosos. Se alimenta de algas microscópicas (diatomeas) y detritus.', 'Se distribuye en el Indo Pacífico y Pacífico Oriental, desde el este de África, Australia, Japón, Golfo de California, Panamá e Islas Galápagos.', 0, 'Se utiliza la carne.', '', '0', '0000-00-00 00:00:00', '0000-00-00 00:00:00'),
(121, 'Cirujano aleta amarilla', 'Yellowfin Surgeonfish', 'Acanthurus xanthopterus', 'Actinopterygii', 'Perciformes', 'Acanthuridae', 1, '', '', '', '', '', 'Línea de mano o cuerda, red agallera de fondo y palangre escamero (cimbra)', 0, '', 'Especie marina de hábitos costeros . Vive en arrecifes coralinos y rocosos. Se alimenta de algas microscópicas (diatomeas) y detritus.', 'Se distribuye en el Indo Pacífico y Pacífico Oriental, desde el este de África, Australia, Japón, Golfo de California, Panamá e Islas Galápagos.', 0, 'Se utiliza la carne.', '', '0', '0000-00-00 00:00:00', '0000-00-00 00:00:00'),
(122, 'Cirujano aleta amarilla', 'Yellowfin Surgeonfish', 'Acanthurus xanthopterus', 'Actinopterygii', 'Perciformes', 'Acanthuridae', 1, '', '', '', '', '', 'Línea de mano o cuerda, red agallera de fondo y palangre escamero (cimbra)', 0, '', 'Especie marina de hábitos costeros . Vive en arrecifes coralinos y rocosos. Se alimenta de algas microscópicas (diatomeas) y detritus.', 'Se distribuye en el Indo Pacífico y Pacífico Oriental, desde el este de África, Australia, Japón, Golfo de California, Panamá e Islas Galápagos.', 0, 'Se utiliza la carne.', '', '0', '0000-00-00 00:00:00', '0000-00-00 00:00:00'),
(123, 'Cirujano aleta amarilla', 'Yellowfin Surgeonfish', 'Acanthurus xanthopterus', 'Actinopterygii', 'Perciformes', 'Acanthuridae', 33, '', '', '', '', '', 'Línea de mano o cuerda, red agallera de fondo y palangre escamero (cimbra)', 0, '', 'Especie marina de hábitos costeros . Vive en arrecifes coralinos y rocosos. Se alimenta de algas microscópicas (diatomeas) y detritus.', 'Se distribuye en el Indo Pacífico y Pacífico Oriental, desde el este de África, Australia, Japón, Golfo de California, Panamá e Islas Galápagos.', 0, 'Se utiliza la carne.', '', '0', '0000-00-00 00:00:00', '0000-00-00 00:00:00'),
(124, 'Cirujano aleta amarilla', 'Yellowfin Surgeonfish', 'Acanthurus xanthopterus', 'Actinopterygii', 'Perciformes', 'Acanthuridae', 33, '', '', '', '', '', 'Línea de mano o cuerda, red agallera de fondo y palangre escamero (cimbra)', 0, '', 'Especie marina de hábitos costeros . Vive en arrecifes coralinos y rocosos. Se alimenta de algas microscópicas (diatomeas) y detritus.', 'Se distribuye en el Indo Pacífico y Pacífico Oriental, desde el este de África, Australia, Japón, Golfo de California, Panamá e Islas Galápagos.', 0, 'Se utiliza la carne.', '', '0', '0000-00-00 00:00:00', '0000-00-00 00:00:00'),
(125, 'Cirujano aleta amarilla', 'Yellowfin Surgeonfish', 'Acanthurus xanthopterus', 'Actinopterygii', 'Perciformes', 'Acanthuridae', 24, '', '', '', '', '', 'Línea de mano o cuerda, red agallera de fondo y palangre escamero (cimbra)', 0, '', 'Especie marina de hábitos costeros . Vive en arrecifes coralinos y rocosos. Se alimenta de algas microscópicas (diatomeas) y detritus.', 'Se distribuye en el Indo Pacífico y Pacífico Oriental, desde el este de África, Australia, Japón, Golfo de California, Panamá e Islas Galápagos.', 0, 'Se utiliza la carne.', '', '0', '0000-00-00 00:00:00', '0000-00-00 00:00:00'),
(126, 'Cirujano aleta amarilla', 'Yellowfin Surgeonfish', 'Acanthurus xanthopterus', 'Actinopterygii', 'Perciformes', 'Acanthuridae', 24, '', '', '', '', '', 'Línea de mano o cuerda, red agallera de fondo y palangre escamero (cimbra)', 0, '', 'Especie marina de hábitos costeros . Vive en arrecifes coralinos y rocosos. Se alimenta de algas microscópicas (diatomeas) y detritus.', 'Se distribuye en el Indo Pacífico y Pacífico Oriental, desde el este de África, Australia, Japón, Golfo de California, Panamá e Islas Galápagos.', 0, 'Se utiliza la carne.', '', '0', '0000-00-00 00:00:00', '0000-00-00 00:00:00'),
(127, 'Cirujano aleta amarilla', 'Yellowfin Surgeonfish', 'Acanthurus xanthopterus', 'Actinopterygii', 'Perciformes', 'Acanthuridae', 24, '', '', '', '', '', 'Línea de mano o cuerda, red agallera de fondo y palangre escamero (cimbra)', 0, '', 'Especie marina de hábitos costeros . Vive en arrecifes coralinos y rocosos. Se alimenta de algas microscópicas (diatomeas) y detritus.', 'Se distribuye en el Indo Pacífico y Pacífico Oriental, desde el este de África, Australia, Japón, Golfo de California, Panamá e Islas Galápagos.', 0, 'Se utiliza la carne.', '', '0', '0000-00-00 00:00:00', '0000-00-00 00:00:00'),
(128, 'Cirujano aleta amarilla', 'Yellowfin Surgeonfish', 'Acanthurus xanthopterus', 'Actinopterygii', 'Perciformes', 'Acanthuridae', 32, '', '', '', '', '', 'Línea de mano o cuerda, red agallera de fondo y palangre escamero (cimbra)', 0, '', 'Especie marina de hábitos costeros . Vive en arrecifes coralinos y rocosos. Se alimenta de algas microscópicas (diatomeas) y detritus.', 'Se distribuye en el Indo Pacífico y Pacífico Oriental, desde el este de África, Australia, Japón, Golfo de California, Panamá e Islas Galápagos.', 0, 'Se utiliza la carne.', '', '0', '0000-00-00 00:00:00', '0000-00-00 00:00:00'),
(129, 'Cirujano aleta amarilla', 'Yellowfin Surgeonfish', 'Acanthurus xanthopterus', 'Actinopterygii', 'Perciformes', 'Acanthuridae', 32, '', '', '', '', '', 'Línea de mano o cuerda, red agallera de fondo y palangre escamero (cimbra)', 0, '', 'Especie marina de hábitos costeros . Vive en arrecifes coralinos y rocosos. Se alimenta de algas microscópicas (diatomeas) y detritus.', 'Se distribuye en el Indo Pacífico y Pacífico Oriental, desde el este de África, Australia, Japón, Golfo de California, Panamá e Islas Galápagos.', 0, 'Se utiliza la carne.', '', '0', '0000-00-00 00:00:00', '0000-00-00 00:00:00'),
(130, 'Cirujano aleta amarilla', 'Yellowfin Surgeonfish', 'Acanthurus xanthopterus', 'Actinopterygii', 'Perciformes', 'Acanthuridae', 32, '', '', '', '', '', 'Línea de mano o cuerda, red agallera de fondo y palangre escamero (cimbra)', 0, '', 'Especie marina de hábitos costeros . Vive en arrecifes coralinos y rocosos. Se alimenta de algas microscópicas (diatomeas) y detritus.', 'Se distribuye en el Indo Pacífico y Pacífico Oriental, desde el este de África, Australia, Japón, Golfo de California, Panamá e Islas Galápagos.', 0, 'Se utiliza la carne.', '', '0', '0000-00-00 00:00:00', '0000-00-00 00:00:00'),
(131, 'Cirujano aleta amarilla', 'Yellowfin Surgeonfish', 'Acanthurus xanthopterus', 'Actinopterygii', 'Perciformes', 'Acanthuridae', 32, '', '', '', '', '', 'Línea de mano o cuerda, red agallera de fondo y palangre escamero (cimbra)', 0, '', 'Especie marina de hábitos costeros . Vive en arrecifes coralinos y rocosos. Se alimenta de algas microscópicas (diatomeas) y detritus.', 'Se distribuye en el Indo Pacífico y Pacífico Oriental, desde el este de África, Australia, Japón, Golfo de California, Panamá e Islas Galápagos.', 0, 'Se utiliza la carne.', '', '0', '0000-00-00 00:00:00', '0000-00-00 00:00:00'),
(132, 'Cirujano aleta amarilla', 'Yellowfin Surgeonfish', 'Acanthurus xanthopterus', 'Actinopterygii', 'Perciformes', 'Acanthuridae', 32, '', '', '', '', '', 'Línea de mano o cuerda, red agallera de fondo y palangre escamero (cimbra)', 0, '', 'Especie marina de hábitos costeros . Vive en arrecifes coralinos y rocosos. Se alimenta de algas microscópicas (diatomeas) y detritus.', 'Se distribuye en el Indo Pacífico y Pacífico Oriental, desde el este de África, Australia, Japón, Golfo de California, Panamá e Islas Galápagos.', 0, 'Se utiliza la carne.', '', '0', '0000-00-00 00:00:00', '0000-00-00 00:00:00'),
(133, 'Cirujano aleta amarilla', 'Yellowfin Surgeonfish', 'Acanthurus xanthopterus', 'Actinopterygii', 'Perciformes', 'Acanthuridae', 32, '', '', '', '', '', 'Línea de mano o cuerda, red agallera de fondo y palangre escamero (cimbra)', 0, '', 'Especie marina de hábitos costeros . Vive en arrecifes coralinos y rocosos. Se alimenta de algas microscópicas (diatomeas) y detritus.', 'Se distribuye en el Indo Pacífico y Pacífico Oriental, desde el este de África, Australia, Japón, Golfo de California, Panamá e Islas Galápagos.', 0, 'Se utiliza la carne.', '', '0', '0000-00-00 00:00:00', '0000-00-00 00:00:00'),
(134, 'Cirujano aleta amarilla', 'Yellowfin Surgeonfish', 'Acanthurus xanthopterus', 'Actinopterygii', 'Perciformes', 'Acanthuridae', 32, '', '', '', '', '', 'Línea de mano o cuerda, red agallera de fondo y palangre escamero (cimbra)', 0, '', 'Especie marina de hábitos costeros . Vive en arrecifes coralinos y rocosos. Se alimenta de algas microscópicas (diatomeas) y detritus.', 'Se distribuye en el Indo Pacífico y Pacífico Oriental, desde el este de África, Australia, Japón, Golfo de California, Panamá e Islas Galápagos.', 0, 'Se utiliza la carne.', '', '0', '0000-00-00 00:00:00', '0000-00-00 00:00:00'),
(135, 'Cirujano aleta amarilla', 'Yellowfin Surgeonfish', 'Acanthurus xanthopterus', 'Actinopterygii', 'Perciformes', 'Acanthuridae', 32, '', '', '', '', '', 'Línea de mano o cuerda, red agallera de fondo y palangre escamero (cimbra)', 0, '', 'Especie marina de hábitos costeros . Vive en arrecifes coralinos y rocosos. Se alimenta de algas microscópicas (diatomeas) y detritus.', 'Se distribuye en el Indo Pacífico y Pacífico Oriental, desde el este de África, Australia, Japón, Golfo de California, Panamá e Islas Galápagos.', 0, 'Se utiliza la carne.', '', '0', '0000-00-00 00:00:00', '0000-00-00 00:00:00'),
(136, 'Cirujano aleta amarilla', 'Yellowfin Surgeonfish', 'Acanthurus xanthopterus', 'Actinopterygii', 'Perciformes', 'Acanthuridae', 32, '', '', '', '', '', 'Línea de mano o cuerda, red agallera de fondo y palangre escamero (cimbra)', 0, '', 'Especie marina de hábitos costeros . Vive en arrecifes coralinos y rocosos. Se alimenta de algas microscópicas (diatomeas) y detritus.', 'Se distribuye en el Indo Pacífico y Pacífico Oriental, desde el este de África, Australia, Japón, Golfo de California, Panamá e Islas Galápagos.', 0, 'Se utiliza la carne.', '', '0', '0000-00-00 00:00:00', '0000-00-00 00:00:00'),
(137, 'Cirujano aleta amarilla', 'Yellowfin Surgeonfish', 'Acanthurus xanthopterus', 'Actinopterygii', 'Perciformes', 'Acanthuridae', 32, '', '', '', '', '', 'Línea de mano o cuerda, red agallera de fondo y palangre escamero (cimbra)', 0, '', 'Especie marina de hábitos costeros . Vive en arrecifes coralinos y rocosos. Se alimenta de algas microscópicas (diatomeas) y detritus.', 'Se distribuye en el Indo Pacífico y Pacífico Oriental, desde el este de África, Australia, Japón, Golfo de California, Panamá e Islas Galápagos.', 0, 'Se utiliza la carne.', '', '0', '0000-00-00 00:00:00', '0000-00-00 00:00:00'),
(138, 'Cirujano aleta amarilla', 'Yellowfin Surgeonfish', 'Acanthurus xanthopterus', 'Actinopterygii', 'Perciformes', 'Acanthuridae', 32, '', '', '', '', '', 'Línea de mano o cuerda, red agallera de fondo y palangre escamero (cimbra)', 0, '', 'Especie marina de hábitos costeros . Vive en arrecifes coralinos y rocosos. Se alimenta de algas microscópicas (diatomeas) y detritus.', 'Se distribuye en el Indo Pacífico y Pacífico Oriental, desde el este de África, Australia, Japón, Golfo de California, Panamá e Islas Galápagos.', 0, 'Se utiliza la carne.', '', '0', '0000-00-00 00:00:00', '0000-00-00 00:00:00'),
(139, 'Cirujano aleta amarilla', 'Yellowfin Surgeonfish', 'Acanthurus xanthopterus', 'Actinopterygii', 'Perciformes', 'Acanthuridae', 32, '', '', '', '', '', 'Línea de mano o cuerda, red agallera de fondo y palangre escamero (cimbra)', 0, '', 'Especie marina de hábitos costeros . Vive en arrecifes coralinos y rocosos. Se alimenta de algas microscópicas (diatomeas) y detritus.', 'Se distribuye en el Indo Pacífico y Pacífico Oriental, desde el este de África, Australia, Japón, Golfo de California, Panamá e Islas Galápagos.', 0, 'Se utiliza la carne.', '', '0', '0000-00-00 00:00:00', '0000-00-00 00:00:00'),
(140, 'Cirujano aleta amarilla', 'Yellowfin Surgeonfish', 'Acanthurus xanthopterus', 'Actinopterygii', 'Perciformes', 'Acanthuridae', 32, '', '', '', '', '', 'Línea de mano o cuerda, red agallera de fondo y palangre escamero (cimbra)', 0, '', 'Especie marina de hábitos costeros . Vive en arrecifes coralinos y rocosos. Se alimenta de algas microscópicas (diatomeas) y detritus.', 'Se distribuye en el Indo Pacífico y Pacífico Oriental, desde el este de África, Australia, Japón, Golfo de California, Panamá e Islas Galápagos.', 0, 'Se utiliza la carne.', '', '0', '0000-00-00 00:00:00', '0000-00-00 00:00:00'),
(141, 'Cirujano aleta amarilla', 'Yellowfin Surgeonfish', 'Acanthurus xanthopterus', 'Actinopterygii', 'Perciformes', 'Acanthuridae', 32, '', '', '', '', '', 'Línea de mano o cuerda, red agallera de fondo y palangre escamero (cimbra)', 0, '', 'Especie marina de hábitos costeros . Vive en arrecifes coralinos y rocosos. Se alimenta de algas microscópicas (diatomeas) y detritus.', 'Se distribuye en el Indo Pacífico y Pacífico Oriental, desde el este de África, Australia, Japón, Golfo de California, Panamá e Islas Galápagos.', 0, 'Se utiliza la carne.', '', '0', '0000-00-00 00:00:00', '0000-00-00 00:00:00'),
(142, 'Cirujano aleta amarilla', 'Yellowfin Surgeonfish', 'Acanthurus xanthopterus', 'Actinopterygii', 'Perciformes', 'Acanthuridae', 32, '', '', '', '', '', 'Línea de mano o cuerda, red agallera de fondo y palangre escamero (cimbra)', 0, '', 'Especie marina de hábitos costeros . Vive en arrecifes coralinos y rocosos. Se alimenta de algas microscópicas (diatomeas) y detritus.', 'Se distribuye en el Indo Pacífico y Pacífico Oriental, desde el este de África, Australia, Japón, Golfo de California, Panamá e Islas Galápagos.', 0, 'Se utiliza la carne.', '', '0', '0000-00-00 00:00:00', '0000-00-00 00:00:00'),
(143, 'Cirujano aleta amarilla', 'Yellowfin Surgeonfish', 'Acanthurus xanthopterus', 'Actinopterygii', 'Perciformes', 'Acanthuridae', 0, '', '', '', '', '', 'Línea de mano o cuerda, red agallera de fondo y palangre escamero (cimbra)', 0, '', 'Especie marina de hábitos costeros . Vive en arrecifes coralinos y rocosos. Se alimenta de algas microscópicas (diatomeas) y detritus.', 'Se distribuye en el Indo Pacífico y Pacífico Oriental, desde el este de África, Australia, Japón, Golfo de California, Panamá e Islas Galápagos.', 0, 'Se utiliza la carne.', '', '0', '0000-00-00 00:00:00', '0000-00-00 00:00:00'),
(144, 'Cirujano aleta amarilla', 'Yellowfin Surgeonfish', 'Acanthurus xanthopterus', 'Actinopterygii', 'Perciformes', 'Acanthuridae', 0, '', '', '', '', '', 'Línea de mano o cuerda, red agallera de fondo y palangre escamero (cimbra)', 0, '', 'Especie marina de hábitos costeros . Vive en arrecifes coralinos y rocosos. Se alimenta de algas microscópicas (diatomeas) y detritus.', 'Se distribuye en el Indo Pacífico y Pacífico Oriental, desde el este de África, Australia, Japón, Golfo de California, Panamá e Islas Galápagos.', 0, 'Se utiliza la carne.', '', '0', '0000-00-00 00:00:00', '0000-00-00 00:00:00'),
(145, 'Cirujano aleta amarilla', 'Yellowfin Surgeonfish', 'Acanthurus xanthopterus', 'Actinopterygii', 'Perciformes', 'Acanthuridae', 0, '', '', '', '', '', 'Línea de mano o cuerda, red agallera de fondo y palangre escamero (cimbra)', 0, '', 'Especie marina de hábitos costeros . Vive en arrecifes coralinos y rocosos. Se alimenta de algas microscópicas (diatomeas) y detritus.', 'Se distribuye en el Indo Pacífico y Pacífico Oriental, desde el este de África, Australia, Japón, Golfo de California, Panamá e Islas Galápagos.', 0, 'Se utiliza la carne.', '', '0', '0000-00-00 00:00:00', '0000-00-00 00:00:00'),
(146, 'Cirujano aleta amarilla', 'Yellowfin Surgeonfish', 'Acanthurus xanthopterus', 'Actinopterygii', 'Perciformes', 'Acanthuridae', 0, '', '', '', '', '', 'Línea de mano o cuerda, red agallera de fondo y palangre escamero (cimbra)', 3, '', 'Especie marina de hábitos costeros . Vive en arrecifes coralinos y rocosos. Se alimenta de algas microscópicas (diatomeas) y detritus.', 'Se distribuye en el Indo Pacífico y Pacífico Oriental, desde el este de África, Australia, Japón, Golfo de California, Panamá e Islas Galápagos.', 0, 'Se utiliza la carne.', '', '0', '0000-00-00 00:00:00', '0000-00-00 00:00:00'),
(147, 'Cirujano aleta amarilla', 'Yellowfin Surgeonfish', 'Acanthurus xanthopterus', 'Actinopterygii', 'Perciformes', 'Acanthuridae', 0, '', '', '', '', '', 'Línea de mano o cuerda, red agallera de fondo y palangre escamero (cimbra)', 3, '', 'Especie marina de hábitos costeros . Vive en arrecifes coralinos y rocosos. Se alimenta de algas microscópicas (diatomeas) y detritus.', 'Se distribuye en el Indo Pacífico y Pacífico Oriental, desde el este de África, Australia, Japón, Golfo de California, Panamá e Islas Galápagos.', 0, 'Se utiliza la carne.', '', '0', '0000-00-00 00:00:00', '0000-00-00 00:00:00'),
(148, 'Cirujano aleta amarilla', 'Yellowfin Surgeonfish', 'Acanthurus xanthopterus', 'Actinopterygii', 'Perciformes', 'Acanthuridae', 0, '', '', '', '', '', 'Línea de mano o cuerda, red agallera de fondo y palangre escamero (cimbra)', 0, '', 'Especie marina de hábitos costeros . Vive en arrecifes coralinos y rocosos. Se alimenta de algas microscópicas (diatomeas) y detritus.', 'Se distribuye en el Indo Pacífico y Pacífico Oriental, desde el este de África, Australia, Japón, Golfo de California, Panamá e Islas Galápagos.', 0, 'Se utiliza la carne.', '', '0', '0000-00-00 00:00:00', '0000-00-00 00:00:00'),
(149, 'Cirujano aleta amarilla', 'Yellowfin Surgeonfish', 'Acanthurus xanthopterus', 'Actinopterygii', 'Perciformes', 'Acanthuridae', 33, '', '', '', '', '', 'Línea de mano o cuerda, red agallera de fondo y palangre escamero (cimbra)', 0, '', 'Especie marina de hábitos costeros . Vive en arrecifes coralinos y rocosos. Se alimenta de algas microscópicas (diatomeas) y detritus.', 'Se distribuye en el Indo Pacífico y Pacífico Oriental, desde el este de África, Australia, Japón, Golfo de California, Panamá e Islas Galápagos.', 0, 'Se utiliza la carne.', '', '0', '0000-00-00 00:00:00', '0000-00-00 00:00:00'),
(150, 'Cirujano aleta amarilla', 'Yellowfin Surgeonfish', 'Acanthurus xanthopterus', 'Actinopterygii', 'Perciformes', 'Acanthuridae', 33, '', '', '', '', '', 'Línea de mano o cuerda, red agallera de fondo y palangre escamero (cimbra)', 0, '', 'Especie marina de hábitos costeros . Vive en arrecifes coralinos y rocosos. Se alimenta de algas microscópicas (diatomeas) y detritus.', 'Se distribuye en el Indo Pacífico y Pacífico Oriental, desde el este de África, Australia, Japón, Golfo de California, Panamá e Islas Galápagos.', 0, 'Se utiliza la carne.', '', '0', '0000-00-00 00:00:00', '0000-00-00 00:00:00'),
(151, 'Cirujano aleta amarilla', 'Yellowfin Surgeonfish', 'Acanthurus xanthopterus', 'Actinopterygii', 'Perciformes', 'Acanthuridae', 33, '', '', '', '', '', 'Línea de mano o cuerda, red agallera de fondo y palangre escamero (cimbra)', 0, '', 'Especie marina de hábitos costeros . Vive en arrecifes coralinos y rocosos. Se alimenta de algas microscópicas (diatomeas) y detritus.', 'Se distribuye en el Indo Pacífico y Pacífico Oriental, desde el este de África, Australia, Japón, Golfo de California, Panamá e Islas Galápagos.', 0, 'Se utiliza la carne.', '', '0', '0000-00-00 00:00:00', '0000-00-00 00:00:00'),
(152, 'Cirujano aleta amarilla', 'Yellowfin Surgeonfish', 'Acanthurus xanthopterus', 'Actinopterygii', 'Perciformes', 'Acanthuridae', 33, '', '', '', '', '', 'Línea de mano o cuerda, red agallera de fondo y palangre escamero (cimbra)', 0, '', 'Especie marina de hábitos costeros . Vive en arrecifes coralinos y rocosos. Se alimenta de algas microscópicas (diatomeas) y detritus.', 'Se distribuye en el Indo Pacífico y Pacífico Oriental, desde el este de África, Australia, Japón, Golfo de California, Panamá e Islas Galápagos.', 0, 'Se utiliza la carne.', '', '0', '0000-00-00 00:00:00', '0000-00-00 00:00:00'),
(153, 'Cirujano aleta amarilla', 'Yellowfin Surgeonfish', 'Acanthurus xanthopterus', 'Actinopterygii', 'Perciformes', 'Acanthuridae', 33, '', '', '', '', '', 'Línea de mano o cuerda, red agallera de fondo y palangre escamero (cimbra)', 0, '', 'Especie marina de hábitos costeros . Vive en arrecifes coralinos y rocosos. Se alimenta de algas microscópicas (diatomeas) y detritus.', 'Se distribuye en el Indo Pacífico y Pacífico Oriental, desde el este de África, Australia, Japón, Golfo de California, Panamá e Islas Galápagos.', 0, 'Se utiliza la carne.', '', '0', '0000-00-00 00:00:00', '0000-00-00 00:00:00'),
(154, 'Cirujano aleta amarilla', 'Yellowfin Surgeonfish', 'Acanthurus xanthopterus', 'Actinopterygii', 'Perciformes', 'Acanthuridae', 33, '', '', '', '', '', 'Línea de mano o cuerda, red agallera de fondo y palangre escamero (cimbra)', 0, '', 'Especie marina de hábitos costeros . Vive en arrecifes coralinos y rocosos. Se alimenta de algas microscópicas (diatomeas) y detritus.', 'Se distribuye en el Indo Pacífico y Pacífico Oriental, desde el este de África, Australia, Japón, Golfo de California, Panamá e Islas Galápagos.', 0, 'Se utiliza la carne.', '', '0', '0000-00-00 00:00:00', '0000-00-00 00:00:00'),
(155, 'Cirujano aleta amarilla', 'Yellowfin Surgeonfish', 'Acanthurus xanthopterus', 'Actinopterygii', 'Perciformes', 'Acanthuridae', 33, '', '', '', '', '', 'Línea de mano o cuerda, red agallera de fondo y palangre escamero (cimbra)', 0, '', 'Especie marina de hábitos costeros . Vive en arrecifes coralinos y rocosos. Se alimenta de algas microscópicas (diatomeas) y detritus.', 'Se distribuye en el Indo Pacífico y Pacífico Oriental, desde el este de África, Australia, Japón, Golfo de California, Panamá e Islas Galápagos.', 0, 'Se utiliza la carne.', '', '0', '0000-00-00 00:00:00', '0000-00-00 00:00:00'),
(156, 'Cirujano aleta amarilla', 'Yellowfin Surgeonfish', 'Acanthurus xanthopterus', 'Actinopterygii', 'Perciformes', 'Acanthuridae', 33, '', '', '', '', '', 'Línea de mano o cuerda, red agallera de fondo y palangre escamero (cimbra)', 0, '', 'Especie marina de hábitos costeros . Vive en arrecifes coralinos y rocosos. Se alimenta de algas microscópicas (diatomeas) y detritus.', 'Se distribuye en el Indo Pacífico y Pacífico Oriental, desde el este de África, Australia, Japón, Golfo de California, Panamá e Islas Galápagos.', 0, 'Se utiliza la carne.', '', '0', '0000-00-00 00:00:00', '0000-00-00 00:00:00'),
(157, 'Cirujano aleta amarilla', 'Yellowfin Surgeonfish', 'Acanthurus xanthopterus', 'Actinopterygii', 'Perciformes', 'Acanthuridae', 33, '', '', '', '', '', 'Línea de mano o cuerda, red agallera de fondo y palangre escamero (cimbra)', 0, '', 'Especie marina de hábitos costeros . Vive en arrecifes coralinos y rocosos. Se alimenta de algas microscópicas (diatomeas) y detritus.', 'Se distribuye en el Indo Pacífico y Pacífico Oriental, desde el este de África, Australia, Japón, Golfo de California, Panamá e Islas Galápagos.', 0, 'Se utiliza la carne.', '', '0', '0000-00-00 00:00:00', '0000-00-00 00:00:00'),
(158, 'Cirujano aleta amarilla', 'Yellowfin Surgeonfish', 'Acanthurus xanthopterus', 'Actinopterygii', 'Perciformes', 'Acanthuridae', 42, '', '', '', '', '', 'Línea de mano o cuerda, red agallera de fondo y palangre escamero (cimbra)', 0, '', 'Especie marina de hábitos costeros . Vive en arrecifes coralinos y rocosos. Se alimenta de algas microscópicas (diatomeas) y detritus.', 'Se distribuye en el Indo Pacífico y Pacífico Oriental, desde el este de África, Australia, Japón, Golfo de California, Panamá e Islas Galápagos.', 0, 'Se utiliza la carne.', '', '0', '0000-00-00 00:00:00', '0000-00-00 00:00:00'),
(159, 'Cirujano aleta amarilla', 'Yellowfin Surgeonfish', 'Acanthurus xanthopterus', 'Actinopterygii', 'Perciformes', 'Acanthuridae', 42, '', '', '', '', '', 'Línea de mano o cuerda, red agallera de fondo y palangre escamero (cimbra)', 0, '', 'Especie marina de hábitos costeros . Vive en arrecifes coralinos y rocosos. Se alimenta de algas microscópicas (diatomeas) y detritus.', 'Se distribuye en el Indo Pacífico y Pacífico Oriental, desde el este de África, Australia, Japón, Golfo de California, Panamá e Islas Galápagos.', 0, 'Se utiliza la carne.', '', '0', '0000-00-00 00:00:00', '0000-00-00 00:00:00'),
(160, 'Cirujano aleta amarilla', 'Yellowfin Surgeonfish', 'Acanthurus xanthopterus', 'Actinopterygii', 'Perciformes', 'Acanthuridae', 42, '', '', '', '', '', 'Línea de mano o cuerda, red agallera de fondo y palangre escamero (cimbra)', 0, '', 'Especie marina de hábitos costeros . Vive en arrecifes coralinos y rocosos. Se alimenta de algas microscópicas (diatomeas) y detritus.', 'Se distribuye en el Indo Pacífico y Pacífico Oriental, desde el este de África, Australia, Japón, Golfo de California, Panamá e Islas Galápagos.', 0, 'Se utiliza la carne.', '', '0', '0000-00-00 00:00:00', '0000-00-00 00:00:00');
INSERT INTO `peces` (`especie_id`, `nombre_comun`, `nombre_ingles`, `nombre_cientifico`, `clase`, `orden`, `familia`, `grupo_id`, `nacional_importado`, `tipo_imagen`, `imagen`, `triptico`, `talla_captura`, `arte_pesca`, `tipo_veda_id`, `veda`, `generalidades`, `descripcion_distribucion`, `cultivado_capturado`, `comercio`, `pais_importacion`, `html`, `fecha_creacion`, `fecha_actualizacion`) VALUES
(161, 'Cirujano aleta amarilla', 'Yellowfin Surgeonfish', 'Acanthurus xanthopterus', 'Actinopterygii', 'Perciformes', 'Acanthuridae', 42, '', '', '', '', '', 'Línea de mano o cuerda, red agallera de fondo y palangre escamero (cimbra)', 0, '', 'Especie marina de hábitos costeros . Vive en arrecifes coralinos y rocosos. Se alimenta de algas microscópicas (diatomeas) y detritus.', 'Se distribuye en el Indo Pacífico y Pacífico Oriental, desde el este de África, Australia, Japón, Golfo de California, Panamá e Islas Galápagos.', 0, 'Se utiliza la carne.', '', '0', '0000-00-00 00:00:00', '0000-00-00 00:00:00'),
(162, 'Cirujano aleta amarilla', 'Yellowfin Surgeonfish', 'Acanthurus xanthopterus', 'Actinopterygii', 'Perciformes', 'Acanthuridae', 42, '', '', '', '', '', 'Línea de mano o cuerda, red agallera de fondo y palangre escamero (cimbra)', 0, '', 'Especie marina de hábitos costeros . Vive en arrecifes coralinos y rocosos. Se alimenta de algas microscópicas (diatomeas) y detritus.', 'Se distribuye en el Indo Pacífico y Pacífico Oriental, desde el este de África, Australia, Japón, Golfo de California, Panamá e Islas Galápagos.', 0, 'Se utiliza la carne.', '', '0', '0000-00-00 00:00:00', '0000-00-00 00:00:00'),
(163, 'Cirujano aleta amarilla', 'Yellowfin Surgeonfish', 'Acanthurus xanthopterus', 'Actinopterygii', 'Perciformes', 'Acanthuridae', 42, '', '', '', '', '', 'Línea de mano o cuerda, red agallera de fondo y palangre escamero (cimbra)', 0, '', 'Especie marina de hábitos costeros . Vive en arrecifes coralinos y rocosos. Se alimenta de algas microscópicas (diatomeas) y detritus.', 'Se distribuye en el Indo Pacífico y Pacífico Oriental, desde el este de África, Australia, Japón, Golfo de California, Panamá e Islas Galápagos.', 0, 'Se utiliza la carne.', '', '0', '0000-00-00 00:00:00', '0000-00-00 00:00:00'),
(164, 'Cirujano aleta amarilla', 'Yellowfin Surgeonfish', 'Acanthurus xanthopterus', 'Actinopterygii', 'Perciformes', 'Acanthuridae', 42, '', '', '', '', '', 'Línea de mano o cuerda, red agallera de fondo y palangre escamero (cimbra)', 0, '', 'Especie marina de hábitos costeros . Vive en arrecifes coralinos y rocosos. Se alimenta de algas microscópicas (diatomeas) y detritus.', 'Se distribuye en el Indo Pacífico y Pacífico Oriental, desde el este de África, Australia, Japón, Golfo de California, Panamá e Islas Galápagos.', 0, 'Se utiliza la carne.', '', '0', '0000-00-00 00:00:00', '0000-00-00 00:00:00'),
(165, 'Cirujano aleta amarilla', 'Yellowfin Surgeonfish', 'Acanthurus xanthopterus', 'Actinopterygii', 'Perciformes', 'Acanthuridae', 42, '', '', '', '', '', 'Línea de mano o cuerda, red agallera de fondo y palangre escamero (cimbra)', 0, '', 'Especie marina de hábitos costeros . Vive en arrecifes coralinos y rocosos. Se alimenta de algas microscópicas (diatomeas) y detritus.', 'Se distribuye en el Indo Pacífico y Pacífico Oriental, desde el este de África, Australia, Japón, Golfo de California, Panamá e Islas Galápagos.', 0, 'Se utiliza la carne.', '', '0', '0000-00-00 00:00:00', '0000-00-00 00:00:00'),
(166, 'Cirujano aleta amarilla', 'Yellowfin Surgeonfish', 'Acanthurus xanthopterus', 'Actinopterygii', 'Perciformes', 'Acanthuridae', 42, '', '', '', '', '', 'Línea de mano o cuerda, red agallera de fondo y palangre escamero (cimbra)', 0, '', 'Especie marina de hábitos costeros . Vive en arrecifes coralinos y rocosos. Se alimenta de algas microscópicas (diatomeas) y detritus.', 'Se distribuye en el Indo Pacífico y Pacífico Oriental, desde el este de África, Australia, Japón, Golfo de California, Panamá e Islas Galápagos.', 0, 'Se utiliza la carne.', '', '0', '0000-00-00 00:00:00', '0000-00-00 00:00:00'),
(167, 'Cirujano aleta amarilla', 'Yellowfin Surgeonfish', 'Acanthurus xanthopterus', 'Actinopterygii', 'Perciformes', 'Acanthuridae', 42, '', '', '', '', '', 'Línea de mano o cuerda, red agallera de fondo y palangre escamero (cimbra)', 0, '', 'Especie marina de hábitos costeros . Vive en arrecifes coralinos y rocosos. Se alimenta de algas microscópicas (diatomeas) y detritus.', 'Se distribuye en el Indo Pacífico y Pacífico Oriental, desde el este de África, Australia, Japón, Golfo de California, Panamá e Islas Galápagos.', 0, 'Se utiliza la carne.', '', '0', '0000-00-00 00:00:00', '0000-00-00 00:00:00'),
(168, 'Cirujano aleta amarilla', 'Yellowfin Surgeonfish', 'Acanthurus xanthopterus', 'Actinopterygii', 'Perciformes', 'Acanthuridae', 42, '', '', '', '', '', 'Línea de mano o cuerda, red agallera de fondo y palangre escamero (cimbra)', 0, '', 'Especie marina de hábitos costeros . Vive en arrecifes coralinos y rocosos. Se alimenta de algas microscópicas (diatomeas) y detritus.', 'Se distribuye en el Indo Pacífico y Pacífico Oriental, desde el este de África, Australia, Japón, Golfo de California, Panamá e Islas Galápagos.', 0, 'Se utiliza la carne.', '', '0', '0000-00-00 00:00:00', '0000-00-00 00:00:00'),
(169, 'Cirujano aleta amarilla', 'Yellowfin Surgeonfish', 'Acanthurus xanthopterus', 'Actinopterygii', 'Perciformes', 'Acanthuridae', 42, '', '', '', '', '', 'Línea de mano o cuerda, red agallera de fondo y palangre escamero (cimbra)', 0, '', 'Especie marina de hábitos costeros . Vive en arrecifes coralinos y rocosos. Se alimenta de algas microscópicas (diatomeas) y detritus.', 'Se distribuye en el Indo Pacífico y Pacífico Oriental, desde el este de África, Australia, Japón, Golfo de California, Panamá e Islas Galápagos.', 0, 'Se utiliza la carne.', '', '0', '0000-00-00 00:00:00', '0000-00-00 00:00:00'),
(170, 'Cirujano aleta amarilla', 'Yellowfin Surgeonfish', 'Acanthurus xanthopterus', 'Actinopterygii', 'Perciformes', 'Acanthuridae', 42, '', '', '', '', '', 'Línea de mano o cuerda, red agallera de fondo y palangre escamero (cimbra)', 0, '', 'Especie marina de hábitos costeros . Vive en arrecifes coralinos y rocosos. Se alimenta de algas microscópicas (diatomeas) y detritus.', 'Se distribuye en el Indo Pacífico y Pacífico Oriental, desde el este de África, Australia, Japón, Golfo de California, Panamá e Islas Galápagos.', 0, 'Se utiliza la carne.', '', '0', '0000-00-00 00:00:00', '0000-00-00 00:00:00'),
(171, 'Cirujano aleta amarilla', 'Yellowfin Surgeonfish', 'Acanthurus xanthopterus', 'Actinopterygii', 'Perciformes', 'Acanthuridae', 0, '', '', '', '', '', 'Línea de mano o cuerda, red agallera de fondo y palangre escamero (cimbra)', 0, '', 'Especie marina de hábitos costeros . Vive en arrecifes coralinos y rocosos. Se alimenta de algas microscópicas (diatomeas) y detritus.', 'Se distribuye en el Indo Pacífico y Pacífico Oriental, desde el este de África, Australia, Japón, Golfo de California, Panamá e Islas Galápagos.', 0, 'Se utiliza la carne.', '', '0', '0000-00-00 00:00:00', '0000-00-00 00:00:00'),
(172, 'Cirujano aleta amarilla', 'Yellowfin Surgeonfish', 'Acanthurus xanthopterus', 'Actinopterygii', 'Perciformes', 'Acanthuridae', 0, '', '', '', '', '', 'Línea de mano o cuerda, red agallera de fondo y palangre escamero (cimbra)', 0, '', 'Especie marina de hábitos costeros . Vive en arrecifes coralinos y rocosos. Se alimenta de algas microscópicas (diatomeas) y detritus.', 'Se distribuye en el Indo Pacífico y Pacífico Oriental, desde el este de África, Australia, Japón, Golfo de California, Panamá e Islas Galápagos.', 0, 'Se utiliza la carne.', '', '0', '0000-00-00 00:00:00', '0000-00-00 00:00:00'),
(173, 'Cirujano aleta amarilla', 'Yellowfin Surgeonfish', 'Acanthurus xanthopterus', 'Actinopterygii', 'Perciformes', 'Acanthuridae', 33, '', '', '', '', '', 'Línea de mano o cuerda, red agallera de fondo y palangre escamero (cimbra)', 0, '', 'Especie marina de hábitos costeros . Vive en arrecifes coralinos y rocosos. Se alimenta de algas microscópicas (diatomeas) y detritus.', 'Se distribuye en el Indo Pacífico y Pacífico Oriental, desde el este de África, Australia, Japón, Golfo de California, Panamá e Islas Galápagos.', 0, 'Se utiliza la carne.', '', '0', '0000-00-00 00:00:00', '0000-00-00 00:00:00'),
(174, 'Cirujano aleta amarilla', 'Yellowfin Surgeonfish', 'Acanthurus xanthopterus', 'Actinopterygii', 'Perciformes', 'Acanthuridae', 0, '', '', '', '', '', 'Línea de mano o cuerda, red agallera de fondo y palangre escamero (cimbra)', 0, '', 'Especie marina de hábitos costeros . Vive en arrecifes coralinos y rocosos. Se alimenta de algas microscópicas (diatomeas) y detritus.', 'Se distribuye en el Indo Pacífico y Pacífico Oriental, desde el este de África, Australia, Japón, Golfo de California, Panamá e Islas Galápagos.', 0, 'Se utiliza la carne.', '', '0', '0000-00-00 00:00:00', '0000-00-00 00:00:00'),
(175, 'Cirujano aleta amarilla', 'Yellowfin Surgeonfish', 'Acanthurus xanthopterus', 'Actinopterygii', 'Perciformes', 'Acanthuridae', 0, '', '', '', '', '', 'Línea de mano o cuerda, red agallera de fondo y palangre escamero (cimbra)', 0, '', 'Especie marina de hábitos costeros . Vive en arrecifes coralinos y rocosos. Se alimenta de algas microscópicas (diatomeas) y detritus.', 'Se distribuye en el Indo Pacífico y Pacífico Oriental, desde el este de África, Australia, Japón, Golfo de California, Panamá e Islas Galápagos.', 0, 'Se utiliza la carne.', '', '0', '0000-00-00 00:00:00', '0000-00-00 00:00:00'),
(176, 'Cirujano aleta amarilla', 'Yellowfin Surgeonfish', 'Acanthurus xanthopterus', 'Actinopterygii', 'Perciformes', 'Acanthuridae', 33, '', '', '', '', '', 'Línea de mano o cuerda, red agallera de fondo y palangre escamero (cimbra)', 0, '', 'Especie marina de hábitos costeros . Vive en arrecifes coralinos y rocosos. Se alimenta de algas microscópicas (diatomeas) y detritus.', 'Se distribuye en el Indo Pacífico y Pacífico Oriental, desde el este de África, Australia, Japón, Golfo de California, Panamá e Islas Galápagos.', 0, 'Se utiliza la carne.', '', '0', '0000-00-00 00:00:00', '0000-00-00 00:00:00'),
(177, 'Cirujano aleta amarilla', 'Yellowfin Surgeonfish', 'Acanthurus xanthopterus', 'Actinopterygii', 'Perciformes', 'Acanthuridae', 0, '', '', '', '', '', 'Línea de mano o cuerda, red agallera de fondo y palangre escamero (cimbra)', 0, '', 'Especie marina de hábitos costeros . Vive en arrecifes coralinos y rocosos. Se alimenta de algas microscópicas (diatomeas) y detritus.', 'Se distribuye en el Indo Pacífico y Pacífico Oriental, desde el este de África, Australia, Japón, Golfo de California, Panamá e Islas Galápagos.', 0, 'Se utiliza la carne.', '', '0', '0000-00-00 00:00:00', '0000-00-00 00:00:00'),
(178, 'Cirujano aleta amarilla', 'Yellowfin Surgeonfish', 'Acanthurus xanthopterus', 'Actinopterygii', 'Perciformes', 'Acanthuridae', 0, '', '', '', '', '', 'Línea de mano o cuerda, red agallera de fondo y palangre escamero (cimbra)', 0, '', 'Especie marina de hábitos costeros . Vive en arrecifes coralinos y rocosos. Se alimenta de algas microscópicas (diatomeas) y detritus.', 'Se distribuye en el Indo Pacífico y Pacífico Oriental, desde el este de África, Australia, Japón, Golfo de California, Panamá e Islas Galápagos.', 0, 'Se utiliza la carne.', '', '0', '0000-00-00 00:00:00', '0000-00-00 00:00:00'),
(179, 'Cirujano aleta amarilla', 'Yellowfin Surgeonfish', 'Acanthurus xanthopterus', 'Actinopterygii', 'Perciformes', 'Acanthuridae', 0, '', '', '', '', '', 'Línea de mano o cuerda, red agallera de fondo y palangre escamero (cimbra)', 0, '', 'Especie marina de hábitos costeros . Vive en arrecifes coralinos y rocosos. Se alimenta de algas microscópicas (diatomeas) y detritus.', 'Se distribuye en el Indo Pacífico y Pacífico Oriental, desde el este de África, Australia, Japón, Golfo de California, Panamá e Islas Galápagos.', 0, 'Se utiliza la carne.', '', '0', '0000-00-00 00:00:00', '0000-00-00 00:00:00'),
(180, 'Cirujano aleta amarilla', 'Yellowfin Surgeonfish', 'Acanthurus xanthopterus', 'Actinopterygii', 'Perciformes', 'Acanthuridae', 0, '', '', '', '', '', 'Línea de mano o cuerda, red agallera de fondo y palangre escamero (cimbra)', 0, '', 'Especie marina de hábitos costeros . Vive en arrecifes coralinos y rocosos. Se alimenta de algas microscópicas (diatomeas) y detritus.', 'Se distribuye en el Indo Pacífico y Pacífico Oriental, desde el este de África, Australia, Japón, Golfo de California, Panamá e Islas Galápagos.', 0, 'Se utiliza la carne.', '', '0', '0000-00-00 00:00:00', '0000-00-00 00:00:00'),
(181, 'Cirujano aleta amarilla', 'Yellowfin Surgeonfish', 'Acanthurus xanthopterus', 'Actinopterygii', 'Perciformes', 'Acanthuridae', 33, '', '', '', '', '', 'Línea de mano o cuerda, red agallera de fondo y palangre escamero (cimbra)', 0, '', 'Especie marina de hábitos costeros . Vive en arrecifes coralinos y rocosos. Se alimenta de algas microscópicas (diatomeas) y detritus.', 'Se distribuye en el Indo Pacífico y Pacífico Oriental, desde el este de África, Australia, Japón, Golfo de California, Panamá e Islas Galápagos.', 0, 'Se utiliza la carne.', '', '0', '0000-00-00 00:00:00', '0000-00-00 00:00:00'),
(182, 'Cirujano aleta amarilla', 'Yellowfin Surgeonfish', 'Acanthurus xanthopterus', 'Actinopterygii', 'Perciformes', 'Acanthuridae', 33, '', '', '', '', '', 'Línea de mano o cuerda, red agallera de fondo y palangre escamero (cimbra)', 0, '', 'Especie marina de hábitos costeros . Vive en arrecifes coralinos y rocosos. Se alimenta de algas microscópicas (diatomeas) y detritus.', 'Se distribuye en el Indo Pacífico y Pacífico Oriental, desde el este de África, Australia, Japón, Golfo de California, Panamá e Islas Galápagos.', 0, 'Se utiliza la carne.', '', '0', '0000-00-00 00:00:00', '0000-00-00 00:00:00'),
(183, 'Cirujano aleta amarilla', 'Yellowfin Surgeonfish', 'Acanthurus xanthopterus', 'Actinopterygii', 'Perciformes', 'Acanthuridae', 33, '', '', '', '', '', 'Línea de mano o cuerda, red agallera de fondo y palangre escamero (cimbra)', 0, '', 'Especie marina de hábitos costeros . Vive en arrecifes coralinos y rocosos. Se alimenta de algas microscópicas (diatomeas) y detritus.', 'Se distribuye en el Indo Pacífico y Pacífico Oriental, desde el este de África, Australia, Japón, Golfo de California, Panamá e Islas Galápagos.', 0, 'Se utiliza la carne.', '', '0', '0000-00-00 00:00:00', '0000-00-00 00:00:00'),
(184, 'Cirujano aleta amarilla', 'Yellowfin Surgeonfish', 'Acanthurus xanthopterus', 'Actinopterygii', 'Perciformes', 'Acanthuridae', 33, '', '', '', '', '', 'Línea de mano o cuerda, red agallera de fondo y palangre escamero (cimbra)', 0, '', 'Especie marina de hábitos costeros . Vive en arrecifes coralinos y rocosos. Se alimenta de algas microscópicas (diatomeas) y detritus.', 'Se distribuye en el Indo Pacífico y Pacífico Oriental, desde el este de África, Australia, Japón, Golfo de California, Panamá e Islas Galápagos.', 0, 'Se utiliza la carne.', '', '0', '0000-00-00 00:00:00', '0000-00-00 00:00:00'),
(185, 'Cirujano aleta amarilla', 'Yellowfin Surgeonfish', 'Acanthurus xanthopterus', 'Actinopterygii', 'Perciformes', 'Acanthuridae', 33, '', '', '', '', '', 'Línea de mano o cuerda, red agallera de fondo y palangre escamero (cimbra)', 0, '', 'Especie marina de hábitos costeros . Vive en arrecifes coralinos y rocosos. Se alimenta de algas microscópicas (diatomeas) y detritus.', 'Se distribuye en el Indo Pacífico y Pacífico Oriental, desde el este de África, Australia, Japón, Golfo de California, Panamá e Islas Galápagos.', 0, 'Se utiliza la carne.', '', '0', '0000-00-00 00:00:00', '0000-00-00 00:00:00'),
(186, 'Cirujano aleta amarilla', 'Yellowfin Surgeonfish', 'Acanthurus xanthopterus', 'Actinopterygii', 'Perciformes', 'Acanthuridae', 0, '', '', '', '', '', 'Línea de mano o cuerda, red agallera de fondo y palangre escamero (cimbra)', 0, '', 'Especie marina de hábitos costeros . Vive en arrecifes coralinos y rocosos. Se alimenta de algas microscópicas (diatomeas) y detritus.', 'Se distribuye en el Indo Pacífico y Pacífico Oriental, desde el este de África, Australia, Japón, Golfo de California, Panamá e Islas Galápagos.', 0, 'Se utiliza la carne.', '', '0', '0000-00-00 00:00:00', '0000-00-00 00:00:00'),
(187, 'Cirujano aleta amarilla', 'Yellowfin Surgeonfish', 'Acanthurus xanthopterus', 'Actinopterygii', 'Perciformes', 'Acanthuridae', 33, '', '', '', '', '', 'Línea de mano o cuerda, red agallera de fondo y palangre escamero (cimbra)', 0, '', 'Especie marina de hábitos costeros . Vive en arrecifes coralinos y rocosos. Se alimenta de algas microscópicas (diatomeas) y detritus.', 'Se distribuye en el Indo Pacífico y Pacífico Oriental, desde el este de África, Australia, Japón, Golfo de California, Panamá e Islas Galápagos.', 0, 'Se utiliza la carne.', '', '0', '0000-00-00 00:00:00', '0000-00-00 00:00:00'),
(188, 'Cirujano aleta amarilla', 'Yellowfin Surgeonfish', 'Acanthurus xanthopterus', 'Actinopterygii', 'Perciformes', 'Acanthuridae', 33, '', '', '', '', '', 'Línea de mano o cuerda, red agallera de fondo y palangre escamero (cimbra)', 0, '', 'Especie marina de hábitos costeros . Vive en arrecifes coralinos y rocosos. Se alimenta de algas microscópicas (diatomeas) y detritus.', 'Se distribuye en el Indo Pacífico y Pacífico Oriental, desde el este de África, Australia, Japón, Golfo de California, Panamá e Islas Galápagos.', 0, 'Se utiliza la carne.', '', '0', '0000-00-00 00:00:00', '0000-00-00 00:00:00'),
(189, 'Cirujano aleta amarilla', 'Yellowfin Surgeonfish', 'Acanthurus xanthopterus', 'Actinopterygii', 'Perciformes', 'Acanthuridae', 33, '', '', '', '', '', 'Línea de mano o cuerda, red agallera de fondo y palangre escamero (cimbra)', 0, '', 'Especie marina de hábitos costeros . Vive en arrecifes coralinos y rocosos. Se alimenta de algas microscópicas (diatomeas) y detritus.', 'Se distribuye en el Indo Pacífico y Pacífico Oriental, desde el este de África, Australia, Japón, Golfo de California, Panamá e Islas Galápagos.', 0, 'Se utiliza la carne.', '', '0', '0000-00-00 00:00:00', '0000-00-00 00:00:00'),
(190, 'Cirujano aleta amarilla', 'Yellowfin Surgeonfish', 'Acanthurus xanthopterus', 'Actinopterygii', 'Perciformes', 'Acanthuridae', 0, '', '', '', '', '', 'Línea de mano o cuerda, red agallera de fondo y palangre escamero (cimbra)', 0, '', 'Especie marina de hábitos costeros . Vive en arrecifes coralinos y rocosos. Se alimenta de algas microscópicas (diatomeas) y detritus.', 'Se distribuye en el Indo Pacífico y Pacífico Oriental, desde el este de África, Australia, Japón, Golfo de California, Panamá e Islas Galápagos.', 0, 'Se utiliza la carne.', '', '0', '0000-00-00 00:00:00', '0000-00-00 00:00:00'),
(191, 'Cirujano aleta amarilla', 'Yellowfin Surgeonfish', 'Acanthurus xanthopterus', 'Actinopterygii', 'Perciformes', 'Acanthuridae', 0, '', '', '', '', '', 'Línea de mano o cuerda, red agallera de fondo y palangre escamero (cimbra)', 0, '', 'Especie marina de hábitos costeros . Vive en arrecifes coralinos y rocosos. Se alimenta de algas microscópicas (diatomeas) y detritus.', 'Se distribuye en el Indo Pacífico y Pacífico Oriental, desde el este de África, Australia, Japón, Golfo de California, Panamá e Islas Galápagos.', 0, 'Se utiliza la carne.', '', '0', '0000-00-00 00:00:00', '0000-00-00 00:00:00'),
(192, 'Cirujano aleta amarilla', 'Yellowfin Surgeonfish', 'Acanthurus xanthopterus', 'Actinopterygii', 'Perciformes', 'Acanthuridae', 0, '', '', '', '', '', 'Línea de mano o cuerda, red agallera de fondo y palangre escamero (cimbra)', 3, '', 'Especie marina de hábitos costeros . Vive en arrecifes coralinos y rocosos. Se alimenta de algas microscópicas (diatomeas) y detritus.', 'Se distribuye en el Indo Pacífico y Pacífico Oriental, desde el este de África, Australia, Japón, Golfo de California, Panamá e Islas Galápagos.', 0, 'Se utiliza la carne.', '', '0', '0000-00-00 00:00:00', '0000-00-00 00:00:00'),
(193, 'Cirujano aleta amarilla', 'Yellowfin Surgeonfish', 'Acanthurus xanthopterus', 'Actinopterygii', 'Perciformes', 'Acanthuridae', 0, '', '', '', '', '', 'Línea de mano o cuerda, red agallera de fondo y palangre escamero (cimbra)', 0, '', 'Especie marina de hábitos costeros . Vive en arrecifes coralinos y rocosos. Se alimenta de algas microscópicas (diatomeas) y detritus.', 'Se distribuye en el Indo Pacífico y Pacífico Oriental, desde el este de África, Australia, Japón, Golfo de California, Panamá e Islas Galápagos.', 0, 'Se utiliza la carne.', '', '0', '0000-00-00 00:00:00', '0000-00-00 00:00:00'),
(194, 'Cirujano aleta amarilla', 'Yellowfin Surgeonfish', 'Acanthurus xanthopterus', 'Actinopterygii', 'Perciformes', 'Acanthuridae', 9, '', '', '', '', '', 'Línea de mano o cuerda, red agallera de fondo y palangre escamero (cimbra)', 0, '', 'Especie marina de hábitos costeros . Vive en arrecifes coralinos y rocosos. Se alimenta de algas microscópicas (diatomeas) y detritus.', 'Se distribuye en el Indo Pacífico y Pacífico Oriental, desde el este de África, Australia, Japón, Golfo de California, Panamá e Islas Galápagos.', 0, 'Se utiliza la carne.', '', '0', '0000-00-00 00:00:00', '0000-00-00 00:00:00'),
(195, 'Cirujano aleta amarilla', 'Yellowfin Surgeonfish', 'Acanthurus xanthopterus', 'Actinopterygii', 'Perciformes', 'Acanthuridae', 23, '', '', '', '', '', 'Línea de mano o cuerda, red agallera de fondo y palangre escamero (cimbra)', 0, '', 'Especie marina de hábitos costeros . Vive en arrecifes coralinos y rocosos. Se alimenta de algas microscópicas (diatomeas) y detritus.', 'Se distribuye en el Indo Pacífico y Pacífico Oriental, desde el este de África, Australia, Japón, Golfo de California, Panamá e Islas Galápagos.', 0, 'Se utiliza la carne.', '', '0', '0000-00-00 00:00:00', '0000-00-00 00:00:00'),
(196, 'Cirujano aleta amarilla', 'Yellowfin Surgeonfish', 'Acanthurus xanthopterus', 'Actinopterygii', 'Perciformes', 'Acanthuridae', 23, '', '', '', '', '', 'Línea de mano o cuerda, red agallera de fondo y palangre escamero (cimbra)', 0, '', 'Especie marina de hábitos costeros . Vive en arrecifes coralinos y rocosos. Se alimenta de algas microscópicas (diatomeas) y detritus.', 'Se distribuye en el Indo Pacífico y Pacífico Oriental, desde el este de África, Australia, Japón, Golfo de California, Panamá e Islas Galápagos.', 0, 'Se utiliza la carne.', '', '0', '0000-00-00 00:00:00', '0000-00-00 00:00:00'),
(197, 'Cirujano aleta amarilla', 'Yellowfin Surgeonfish', 'Acanthurus xanthopterus', 'Actinopterygii', 'Perciformes', 'Acanthuridae', 23, '', '', '', '', '', 'Línea de mano o cuerda, red agallera de fondo y palangre escamero (cimbra)', 0, '', 'Especie marina de hábitos costeros . Vive en arrecifes coralinos y rocosos. Se alimenta de algas microscópicas (diatomeas) y detritus.', 'Se distribuye en el Indo Pacífico y Pacífico Oriental, desde el este de África, Australia, Japón, Golfo de California, Panamá e Islas Galápagos.', 0, 'Se utiliza la carne.', '', '0', '0000-00-00 00:00:00', '0000-00-00 00:00:00'),
(198, 'Cirujano aleta amarilla', 'Yellowfin Surgeonfish', 'Acanthurus xanthopterus', 'Actinopterygii', 'Perciformes', 'Acanthuridae', 23, '', '', '', '', '', 'Línea de mano o cuerda, red agallera de fondo y palangre escamero (cimbra)', 0, '', 'Especie marina de hábitos costeros . Vive en arrecifes coralinos y rocosos. Se alimenta de algas microscópicas (diatomeas) y detritus.', 'Se distribuye en el Indo Pacífico y Pacífico Oriental, desde el este de África, Australia, Japón, Golfo de California, Panamá e Islas Galápagos.', 0, 'Se utiliza la carne.', '', '0', '0000-00-00 00:00:00', '0000-00-00 00:00:00'),
(199, 'Cirujano aleta amarilla', 'Yellowfin Surgeonfish', 'Acanthurus xanthopterus', 'Actinopterygii', 'Perciformes', 'Acanthuridae', 23, '', '', '', '', '', 'Línea de mano o cuerda, red agallera de fondo y palangre escamero (cimbra)', 0, '', 'Especie marina de hábitos costeros . Vive en arrecifes coralinos y rocosos. Se alimenta de algas microscópicas (diatomeas) y detritus.', 'Se distribuye en el Indo Pacífico y Pacífico Oriental, desde el este de África, Australia, Japón, Golfo de California, Panamá e Islas Galápagos.', 0, 'Se utiliza la carne.', '', '0', '0000-00-00 00:00:00', '0000-00-00 00:00:00'),
(200, 'Cirujano aleta amarilla', 'Yellowfin Surgeonfish', 'Acanthurus xanthopterus', 'Actinopterygii', 'Perciformes', 'Acanthuridae', 33, '', '', '', '', '', 'Línea de mano o cuerda, red agallera de fondo y palangre escamero (cimbra)', 0, '', 'Especie marina de hábitos costeros . Vive en arrecifes coralinos y rocosos. Se alimenta de algas microscópicas (diatomeas) y detritus.', 'Se distribuye en el Indo Pacífico y Pacífico Oriental, desde el este de África, Australia, Japón, Golfo de California, Panamá e Islas Galápagos.', 0, 'Se utiliza la carne.', '', '0', '0000-00-00 00:00:00', '0000-00-00 00:00:00'),
(201, 'Cirujano aleta amarilla', 'Yellowfin Surgeonfish', 'Acanthurus xanthopterus', 'Actinopterygii', 'Perciformes', 'Acanthuridae', 35, '', '', '', '', '', 'Línea de mano o cuerda, red agallera de fondo y palangre escamero (cimbra)', 0, '', 'Especie marina de hábitos costeros . Vive en arrecifes coralinos y rocosos. Se alimenta de algas microscópicas (diatomeas) y detritus.', 'Se distribuye en el Indo Pacífico y Pacífico Oriental, desde el este de África, Australia, Japón, Golfo de California, Panamá e Islas Galápagos.', 0, 'Se utiliza la carne.', '', '0', '0000-00-00 00:00:00', '0000-00-00 00:00:00'),
(202, 'Cirujano aleta amarilla', 'Yellowfin Surgeonfish', 'Acanthurus xanthopterus', 'Actinopterygii', 'Perciformes', 'Acanthuridae', 35, '', '', '', '', '', 'Línea de mano o cuerda, red agallera de fondo y palangre escamero (cimbra)', 0, '', 'Especie marina de hábitos costeros . Vive en arrecifes coralinos y rocosos. Se alimenta de algas microscópicas (diatomeas) y detritus.', 'Se distribuye en el Indo Pacífico y Pacífico Oriental, desde el este de África, Australia, Japón, Golfo de California, Panamá e Islas Galápagos.', 0, 'Se utiliza la carne.', '', '0', '0000-00-00 00:00:00', '0000-00-00 00:00:00'),
(203, 'Cirujano aleta amarilla', 'Yellowfin Surgeonfish', 'Acanthurus xanthopterus', 'Actinopterygii', 'Perciformes', 'Acanthuridae', 35, '', '', '', '', '', 'Línea de mano o cuerda, red agallera de fondo y palangre escamero (cimbra)', 0, '', 'Especie marina de hábitos costeros . Vive en arrecifes coralinos y rocosos. Se alimenta de algas microscópicas (diatomeas) y detritus.', 'Se distribuye en el Indo Pacífico y Pacífico Oriental, desde el este de África, Australia, Japón, Golfo de California, Panamá e Islas Galápagos.', 0, 'Se utiliza la carne.', '', '0', '0000-00-00 00:00:00', '0000-00-00 00:00:00'),
(204, 'Cirujano aleta amarilla', 'Yellowfin Surgeonfish', 'Acanthurus xanthopterus', 'Actinopterygii', 'Perciformes', 'Acanthuridae', 35, '', '', '', '', '', 'Línea de mano o cuerda, red agallera de fondo y palangre escamero (cimbra)', 0, '', 'Especie marina de hábitos costeros . Vive en arrecifes coralinos y rocosos. Se alimenta de algas microscópicas (diatomeas) y detritus.', 'Se distribuye en el Indo Pacífico y Pacífico Oriental, desde el este de África, Australia, Japón, Golfo de California, Panamá e Islas Galápagos.', 0, 'Se utiliza la carne.', '', '0', '0000-00-00 00:00:00', '0000-00-00 00:00:00'),
(205, 'Cirujano aleta amarilla', 'Yellowfin Surgeonfish', 'Acanthurus xanthopterus', 'Actinopterygii', 'Perciformes', 'Acanthuridae', 35, '', '', '', '', '', 'Línea de mano o cuerda, red agallera de fondo y palangre escamero (cimbra)', 0, '', 'Especie marina de hábitos costeros . Vive en arrecifes coralinos y rocosos. Se alimenta de algas microscópicas (diatomeas) y detritus.', 'Se distribuye en el Indo Pacífico y Pacífico Oriental, desde el este de África, Australia, Japón, Golfo de California, Panamá e Islas Galápagos.', 0, 'Se utiliza la carne.', '', '0', '0000-00-00 00:00:00', '0000-00-00 00:00:00'),
(206, 'Cirujano aleta amarilla', 'Yellowfin Surgeonfish', 'Acanthurus xanthopterus', 'Actinopterygii', 'Perciformes', 'Acanthuridae', 35, '', '', '', '', '', 'Línea de mano o cuerda, red agallera de fondo y palangre escamero (cimbra)', 0, '', 'Especie marina de hábitos costeros . Vive en arrecifes coralinos y rocosos. Se alimenta de algas microscópicas (diatomeas) y detritus.', 'Se distribuye en el Indo Pacífico y Pacífico Oriental, desde el este de África, Australia, Japón, Golfo de California, Panamá e Islas Galápagos.', 0, 'Se utiliza la carne.', '', '0', '0000-00-00 00:00:00', '0000-00-00 00:00:00'),
(207, 'Cirujano aleta amarilla', 'Yellowfin Surgeonfish', 'Acanthurus xanthopterus', 'Actinopterygii', 'Perciformes', 'Acanthuridae', 35, '', '', '', '', '', 'Línea de mano o cuerda, red agallera de fondo y palangre escamero (cimbra)', 0, '', 'Especie marina de hábitos costeros . Vive en arrecifes coralinos y rocosos. Se alimenta de algas microscópicas (diatomeas) y detritus.', 'Se distribuye en el Indo Pacífico y Pacífico Oriental, desde el este de África, Australia, Japón, Golfo de California, Panamá e Islas Galápagos.', 0, 'Se utiliza la carne.', '', '0', '0000-00-00 00:00:00', '0000-00-00 00:00:00'),
(208, 'Cirujano aleta amarilla', 'Yellowfin Surgeonfish', 'Acanthurus xanthopterus', 'Actinopterygii', 'Perciformes', 'Acanthuridae', 35, '', '', '', '', '', 'Línea de mano o cuerda, red agallera de fondo y palangre escamero (cimbra)', 0, '', 'Especie marina de hábitos costeros . Vive en arrecifes coralinos y rocosos. Se alimenta de algas microscópicas (diatomeas) y detritus.', 'Se distribuye en el Indo Pacífico y Pacífico Oriental, desde el este de África, Australia, Japón, Golfo de California, Panamá e Islas Galápagos.', 0, 'Se utiliza la carne.', '', '0', '0000-00-00 00:00:00', '0000-00-00 00:00:00'),
(209, 'Cirujano aleta amarilla', 'Yellowfin Surgeonfish', 'Acanthurus xanthopterus', 'Actinopterygii', 'Perciformes', 'Acanthuridae', 35, '', '', '', '', '', 'Línea de mano o cuerda, red agallera de fondo y palangre escamero (cimbra)', 0, '', 'Especie marina de hábitos costeros . Vive en arrecifes coralinos y rocosos. Se alimenta de algas microscópicas (diatomeas) y detritus.', 'Se distribuye en el Indo Pacífico y Pacífico Oriental, desde el este de África, Australia, Japón, Golfo de California, Panamá e Islas Galápagos.', 0, 'Se utiliza la carne.', '', '0', '0000-00-00 00:00:00', '0000-00-00 00:00:00'),
(210, 'Cirujano aleta amarilla', 'Yellowfin Surgeonfish', 'Acanthurus xanthopterus', 'Actinopterygii', 'Perciformes', 'Acanthuridae', 35, '', '', '', '', '', 'Línea de mano o cuerda, red agallera de fondo y palangre escamero (cimbra)', 0, '', 'Especie marina de hábitos costeros . Vive en arrecifes coralinos y rocosos. Se alimenta de algas microscópicas (diatomeas) y detritus.', 'Se distribuye en el Indo Pacífico y Pacífico Oriental, desde el este de África, Australia, Japón, Golfo de California, Panamá e Islas Galápagos.', 0, 'Se utiliza la carne.', '', '0', '0000-00-00 00:00:00', '0000-00-00 00:00:00'),
(211, 'Cirujano aleta amarilla', 'Yellowfin Surgeonfish', 'Acanthurus xanthopterus', 'Actinopterygii', 'Perciformes', 'Acanthuridae', 35, '', '', '', '', '', 'Línea de mano o cuerda, red agallera de fondo y palangre escamero (cimbra)', 0, '', 'Especie marina de hábitos costeros . Vive en arrecifes coralinos y rocosos. Se alimenta de algas microscópicas (diatomeas) y detritus.', 'Se distribuye en el Indo Pacífico y Pacífico Oriental, desde el este de África, Australia, Japón, Golfo de California, Panamá e Islas Galápagos.', 0, 'Se utiliza la carne.', '', '0', '0000-00-00 00:00:00', '0000-00-00 00:00:00'),
(212, 'Cirujano aleta amarilla', 'Yellowfin Surgeonfish', 'Acanthurus xanthopterus', 'Actinopterygii', 'Perciformes', 'Acanthuridae', 35, '', '', '', '', '', 'Línea de mano o cuerda, red agallera de fondo y palangre escamero (cimbra)', 0, '', 'Especie marina de hábitos costeros . Vive en arrecifes coralinos y rocosos. Se alimenta de algas microscópicas (diatomeas) y detritus.', 'Se distribuye en el Indo Pacífico y Pacífico Oriental, desde el este de África, Australia, Japón, Golfo de California, Panamá e Islas Galápagos.', 0, 'Se utiliza la carne.', '', '0', '0000-00-00 00:00:00', '0000-00-00 00:00:00'),
(213, 'Cirujano aleta amarilla', 'Yellowfin Surgeonfish', 'Acanthurus xanthopterus', 'Actinopterygii', 'Perciformes', 'Acanthuridae', 35, '', '', '', '', '', 'Línea de mano o cuerda, red agallera de fondo y palangre escamero (cimbra)', 0, '', 'Especie marina de hábitos costeros . Vive en arrecifes coralinos y rocosos. Se alimenta de algas microscópicas (diatomeas) y detritus.', 'Se distribuye en el Indo Pacífico y Pacífico Oriental, desde el este de África, Australia, Japón, Golfo de California, Panamá e Islas Galápagos.', 0, 'Se utiliza la carne.', '', '0', '0000-00-00 00:00:00', '0000-00-00 00:00:00'),
(214, 'Cirujano aleta amarilla', 'Yellowfin Surgeonfish', 'Acanthurus xanthopterus', 'Actinopterygii', 'Perciformes', 'Acanthuridae', 44, '', '', '', '', '', 'Línea de mano o cuerda, red agallera de fondo y palangre escamero (cimbra)', 0, '', 'Especie marina de hábitos costeros . Vive en arrecifes coralinos y rocosos. Se alimenta de algas microscópicas (diatomeas) y detritus.', 'Se distribuye en el Indo Pacífico y Pacífico Oriental, desde el este de África, Australia, Japón, Golfo de California, Panamá e Islas Galápagos.', 0, 'Se utiliza la carne.', '', '0', '0000-00-00 00:00:00', '0000-00-00 00:00:00'),
(215, 'Cirujano aleta amarilla', 'Yellowfin Surgeonfish', 'Acanthurus xanthopterus', 'Actinopterygii', 'Perciformes', 'Acanthuridae', 44, '', '', '', '', '', 'Línea de mano o cuerda, red agallera de fondo y palangre escamero (cimbra)', 0, '', 'Especie marina de hábitos costeros . Vive en arrecifes coralinos y rocosos. Se alimenta de algas microscópicas (diatomeas) y detritus.', 'Se distribuye en el Indo Pacífico y Pacífico Oriental, desde el este de África, Australia, Japón, Golfo de California, Panamá e Islas Galápagos.', 0, 'Se utiliza la carne.', '', '0', '0000-00-00 00:00:00', '0000-00-00 00:00:00'),
(216, 'Cirujano aleta amarilla', 'Yellowfin Surgeonfish', 'Acanthurus xanthopterus', 'Actinopterygii', 'Perciformes', 'Acanthuridae', 44, '', '', '', '', '', 'Línea de mano o cuerda, red agallera de fondo y palangre escamero (cimbra)', 0, '', 'Especie marina de hábitos costeros . Vive en arrecifes coralinos y rocosos. Se alimenta de algas microscópicas (diatomeas) y detritus.', 'Se distribuye en el Indo Pacífico y Pacífico Oriental, desde el este de África, Australia, Japón, Golfo de California, Panamá e Islas Galápagos.', 0, 'Se utiliza la carne.', '', '0', '0000-00-00 00:00:00', '0000-00-00 00:00:00'),
(217, 'Cirujano aleta amarilla', 'Yellowfin Surgeonfish', 'Acanthurus xanthopterus', 'Actinopterygii', 'Perciformes', 'Acanthuridae', 0, '', '', '', '', '', 'Línea de mano o cuerda, red agallera de fondo y palangre escamero (cimbra)', 0, '', 'Especie marina de hábitos costeros . Vive en arrecifes coralinos y rocosos. Se alimenta de algas microscópicas (diatomeas) y detritus.', 'Se distribuye en el Indo Pacífico y Pacífico Oriental, desde el este de África, Australia, Japón, Golfo de California, Panamá e Islas Galápagos.', 0, 'Se utiliza la carne.', '', '0', '0000-00-00 00:00:00', '0000-00-00 00:00:00'),
(218, 'Cirujano aleta amarilla', 'Yellowfin Surgeonfish', 'Acanthurus xanthopterus', 'Actinopterygii', 'Perciformes', 'Acanthuridae', 33, '', '', '', '', '', 'Línea de mano o cuerda, red agallera de fondo y palangre escamero (cimbra)', 0, '', 'Especie marina de hábitos costeros . Vive en arrecifes coralinos y rocosos. Se alimenta de algas microscópicas (diatomeas) y detritus.', 'Se distribuye en el Indo Pacífico y Pacífico Oriental, desde el este de África, Australia, Japón, Golfo de California, Panamá e Islas Galápagos.', 0, 'Se utiliza la carne.', '', '0', '0000-00-00 00:00:00', '0000-00-00 00:00:00'),
(219, 'Cirujano aleta amarilla', 'Yellowfin Surgeonfish', 'Acanthurus xanthopterus', 'Actinopterygii', 'Perciformes', 'Acanthuridae', 39, '', '', '', '', '', 'Línea de mano o cuerda, red agallera de fondo y palangre escamero (cimbra)', 0, '', 'Especie marina de hábitos costeros . Vive en arrecifes coralinos y rocosos. Se alimenta de algas microscópicas (diatomeas) y detritus.', 'Se distribuye en el Indo Pacífico y Pacífico Oriental, desde el este de África, Australia, Japón, Golfo de California, Panamá e Islas Galápagos.', 0, 'Se utiliza la carne.', '', '0', '0000-00-00 00:00:00', '0000-00-00 00:00:00'),
(220, 'Cirujano aleta amarilla', 'Yellowfin Surgeonfish', 'Acanthurus xanthopterus', 'Actinopterygii', 'Perciformes', 'Acanthuridae', 39, '', '', '', '', '', 'Línea de mano o cuerda, red agallera de fondo y palangre escamero (cimbra)', 0, '', 'Especie marina de hábitos costeros . Vive en arrecifes coralinos y rocosos. Se alimenta de algas microscópicas (diatomeas) y detritus.', 'Se distribuye en el Indo Pacífico y Pacífico Oriental, desde el este de África, Australia, Japón, Golfo de California, Panamá e Islas Galápagos.', 0, 'Se utiliza la carne.', '', '0', '0000-00-00 00:00:00', '0000-00-00 00:00:00'),
(221, 'Cirujano aleta amarilla', 'Yellowfin Surgeonfish', 'Acanthurus xanthopterus', 'Actinopterygii', 'Perciformes', 'Acanthuridae', 0, '', '', '', '', '', 'Línea de mano o cuerda, red agallera de fondo y palangre escamero (cimbra)', 0, '', 'Especie marina de hábitos costeros . Vive en arrecifes coralinos y rocosos. Se alimenta de algas microscópicas (diatomeas) y detritus.', 'Se distribuye en el Indo Pacífico y Pacífico Oriental, desde el este de África, Australia, Japón, Golfo de California, Panamá e Islas Galápagos.', 0, 'Se utiliza la carne.', '', '0', '0000-00-00 00:00:00', '0000-00-00 00:00:00'),
(222, 'Cirujano aleta amarilla', 'Yellowfin Surgeonfish', 'Acanthurus xanthopterus', 'Actinopterygii', 'Perciformes', 'Acanthuridae', 0, '', '', '', '', '', 'Línea de mano o cuerda, red agallera de fondo y palangre escamero (cimbra)', 0, '', 'Especie marina de hábitos costeros . Vive en arrecifes coralinos y rocosos. Se alimenta de algas microscópicas (diatomeas) y detritus.', 'Se distribuye en el Indo Pacífico y Pacífico Oriental, desde el este de África, Australia, Japón, Golfo de California, Panamá e Islas Galápagos.', 0, 'Se utiliza la carne.', '', '0', '0000-00-00 00:00:00', '0000-00-00 00:00:00'),
(223, 'Cirujano aleta amarilla', 'Yellowfin Surgeonfish', 'Acanthurus xanthopterus', 'Actinopterygii', 'Perciformes', 'Acanthuridae', 0, '', '', '', '', '', 'Línea de mano o cuerda, red agallera de fondo y palangre escamero (cimbra)', 0, '', 'Especie marina de hábitos costeros . Vive en arrecifes coralinos y rocosos. Se alimenta de algas microscópicas (diatomeas) y detritus.', 'Se distribuye en el Indo Pacífico y Pacífico Oriental, desde el este de África, Australia, Japón, Golfo de California, Panamá e Islas Galápagos.', 0, 'Se utiliza la carne.', '', '0', '0000-00-00 00:00:00', '0000-00-00 00:00:00'),
(224, 'Cirujano aleta amarilla', 'Yellowfin Surgeonfish', 'Acanthurus xanthopterus', 'Actinopterygii', 'Perciformes', 'Acanthuridae', 24, '', '', '', '', '', 'Línea de mano o cuerda, red agallera de fondo y palangre escamero (cimbra)', 0, '', 'Especie marina de hábitos costeros . Vive en arrecifes coralinos y rocosos. Se alimenta de algas microscópicas (diatomeas) y detritus.', 'Se distribuye en el Indo Pacífico y Pacífico Oriental, desde el este de África, Australia, Japón, Golfo de California, Panamá e Islas Galápagos.', 0, 'Se utiliza la carne.', '', '0', '0000-00-00 00:00:00', '0000-00-00 00:00:00'),
(225, 'Cirujano aleta amarilla', 'Yellowfin Surgeonfish', 'Acanthurus xanthopterus', 'Actinopterygii', 'Perciformes', 'Acanthuridae', 33, '', '', '', '', '', 'Línea de mano o cuerda, red agallera de fondo y palangre escamero (cimbra)', 0, '', 'Especie marina de hábitos costeros . Vive en arrecifes coralinos y rocosos. Se alimenta de algas microscópicas (diatomeas) y detritus.', 'Se distribuye en el Indo Pacífico y Pacífico Oriental, desde el este de África, Australia, Japón, Golfo de California, Panamá e Islas Galápagos.', 0, 'Se utiliza la carne.', '', '0', '0000-00-00 00:00:00', '0000-00-00 00:00:00'),
(226, 'Cirujano aleta amarilla', 'Yellowfin Surgeonfish', 'Acanthurus xanthopterus', 'Actinopterygii', 'Perciformes', 'Acanthuridae', 33, '', '', '', '', '', 'Línea de mano o cuerda, red agallera de fondo y palangre escamero (cimbra)', 0, '', 'Especie marina de hábitos costeros . Vive en arrecifes coralinos y rocosos. Se alimenta de algas microscópicas (diatomeas) y detritus.', 'Se distribuye en el Indo Pacífico y Pacífico Oriental, desde el este de África, Australia, Japón, Golfo de California, Panamá e Islas Galápagos.', 0, 'Se utiliza la carne.', '', '0', '0000-00-00 00:00:00', '0000-00-00 00:00:00'),
(227, 'Cirujano aleta amarilla', 'Yellowfin Surgeonfish', 'Acanthurus xanthopterus', 'Actinopterygii', 'Perciformes', 'Acanthuridae', 24, '', '', '', '', '', 'Línea de mano o cuerda, red agallera de fondo y palangre escamero (cimbra)', 0, '', 'Especie marina de hábitos costeros . Vive en arrecifes coralinos y rocosos. Se alimenta de algas microscópicas (diatomeas) y detritus.', 'Se distribuye en el Indo Pacífico y Pacífico Oriental, desde el este de África, Australia, Japón, Golfo de California, Panamá e Islas Galápagos.', 0, 'Se utiliza la carne.', '', '0', '0000-00-00 00:00:00', '0000-00-00 00:00:00'),
(228, 'Cirujano aleta amarilla', 'Yellowfin Surgeonfish', 'Acanthurus xanthopterus', 'Actinopterygii', 'Perciformes', 'Acanthuridae', 26, '', '', '', '', '', 'Línea de mano o cuerda, red agallera de fondo y palangre escamero (cimbra)', 3, '', 'Especie marina de hábitos costeros . Vive en arrecifes coralinos y rocosos. Se alimenta de algas microscópicas (diatomeas) y detritus.', 'Se distribuye en el Indo Pacífico y Pacífico Oriental, desde el este de África, Australia, Japón, Golfo de California, Panamá e Islas Galápagos.', 0, 'Se utiliza la carne.', '', '0', '0000-00-00 00:00:00', '0000-00-00 00:00:00'),
(229, 'Cirujano aleta amarilla', 'Yellowfin Surgeonfish', 'Acanthurus xanthopterus', 'Actinopterygii', 'Perciformes', 'Acanthuridae', 28, 'csv', '', '', '', '', 'Línea de mano o cuerda, red agallera de fondo y palangre escamero (cimbra)', 3, '', 'Especie marina de hábitos costeros . Vive en arrecifes coralinos y rocosos. Se alimenta de algas microscópicas (diatomeas) y detritus.', 'Se distribuye en el Indo Pacífico y Pacífico Oriental, desde el este de África, Australia, Japón, Golfo de California, Panamá e Islas Galápagos.', 0, 'Se utiliza la carne.', '', '0', '2014-10-27 20:23:55', '0000-00-00 00:00:00'),
(230, 'Cirujano aleta amarilla', 'Yellowfin Surgeonfish', 'Acanthurus xanthopterus', 'Actinopterygii', 'Perciformes', 'Acanthuridae', 28, '', '', '', '', '', 'Línea de mano o cuerda, red agallera de fondo y palangre escamero (cimbra)', 0, '', 'Especie marina de hábitos costeros . Vive en arrecifes coralinos y rocosos. Se alimenta de algas microscópicas (diatomeas) y detritus.', 'Se distribuye en el Indo Pacífico y Pacífico Oriental, desde el este de África, Australia, Japón, Golfo de California, Panamá e Islas Galápagos.', 0, 'Se utiliza la carne.', '', '0', '0000-00-00 00:00:00', '0000-00-00 00:00:00'),
(231, 'Cirujano aleta amarilla', 'Yellowfin Surgeonfish', 'Acanthurus xanthopterus', 'Actinopterygii', 'Perciformes', 'Acanthuridae', 33, '', '', '', '', '', 'Línea de mano o cuerda, red agallera de fondo y palangre escamero (cimbra)', 0, '', 'Especie marina de hábitos costeros . Vive en arrecifes coralinos y rocosos. Se alimenta de algas microscópicas (diatomeas) y detritus.', 'Se distribuye en el Indo Pacífico y Pacífico Oriental, desde el este de África, Australia, Japón, Golfo de California, Panamá e Islas Galápagos.', 0, 'Se utiliza la carne.', '', '0', '0000-00-00 00:00:00', '0000-00-00 00:00:00'),
(232, 'Cirujano aleta amarilla', 'Yellowfin Surgeonfish', 'Acanthurus xanthopterus', 'Actinopterygii', 'Perciformes', 'Acanthuridae', 33, '', '', '', '', '', 'Línea de mano o cuerda, red agallera de fondo y palangre escamero (cimbra)', 0, '', 'Especie marina de hábitos costeros . Vive en arrecifes coralinos y rocosos. Se alimenta de algas microscópicas (diatomeas) y detritus.', 'Se distribuye en el Indo Pacífico y Pacífico Oriental, desde el este de África, Australia, Japón, Golfo de California, Panamá e Islas Galápagos.', 0, 'Se utiliza la carne.', '', '0', '0000-00-00 00:00:00', '0000-00-00 00:00:00'),
(233, 'Cirujano aleta amarilla', 'Yellowfin Surgeonfish', 'Acanthurus xanthopterus', 'Actinopterygii', 'Perciformes', 'Acanthuridae', 0, '', '', '', '', '', 'Línea de mano o cuerda, red agallera de fondo y palangre escamero (cimbra)', 3, '', 'Especie marina de hábitos costeros . Vive en arrecifes coralinos y rocosos. Se alimenta de algas microscópicas (diatomeas) y detritus.', 'Se distribuye en el Indo Pacífico y Pacífico Oriental, desde el este de África, Australia, Japón, Golfo de California, Panamá e Islas Galápagos.', 0, 'Se utiliza la carne.', '', '0', '0000-00-00 00:00:00', '0000-00-00 00:00:00'),
(234, 'Cirujano aleta amarilla', 'Yellowfin Surgeonfish', 'Acanthurus xanthopterus', 'Actinopterygii', 'Perciformes', 'Acanthuridae', 0, '', '', '', '', '', 'Línea de mano o cuerda, red agallera de fondo y palangre escamero (cimbra)', 1, '', 'Especie marina de hábitos costeros . Vive en arrecifes coralinos y rocosos. Se alimenta de algas microscópicas (diatomeas) y detritus.', 'Se distribuye en el Indo Pacífico y Pacífico Oriental, desde el este de África, Australia, Japón, Golfo de California, Panamá e Islas Galápagos.', 0, 'Se utiliza la carne.', '', '0', '0000-00-00 00:00:00', '0000-00-00 00:00:00'),
(235, 'Cirujano aleta amarilla', 'Yellowfin Surgeonfish', 'Acanthurus xanthopterus', 'Actinopterygii', 'Perciformes', 'Acanthuridae', 0, '', '', '', '', '', 'Línea de mano o cuerda, red agallera de fondo y palangre escamero (cimbra)', 1, '', 'Especie marina de hábitos costeros . Vive en arrecifes coralinos y rocosos. Se alimenta de algas microscópicas (diatomeas) y detritus.', 'Se distribuye en el Indo Pacífico y Pacífico Oriental, desde el este de África, Australia, Japón, Golfo de California, Panamá e Islas Galápagos.', 0, 'Se utiliza la carne.', '', '0', '0000-00-00 00:00:00', '0000-00-00 00:00:00'),
(236, 'Cirujano aleta amarilla', 'Yellowfin Surgeonfish', 'Acanthurus xanthopterus', 'Actinopterygii', 'Perciformes', 'Acanthuridae', 0, '', '', '', '', '', 'Línea de mano o cuerda, red agallera de fondo y palangre escamero (cimbra)', 1, '', 'Especie marina de hábitos costeros . Vive en arrecifes coralinos y rocosos. Se alimenta de algas microscópicas (diatomeas) y detritus.', 'Se distribuye en el Indo Pacífico y Pacífico Oriental, desde el este de África, Australia, Japón, Golfo de California, Panamá e Islas Galápagos.', 0, 'Se utiliza la carne.', '', '0', '0000-00-00 00:00:00', '0000-00-00 00:00:00'),
(237, 'Cirujano aleta amarilla', 'Yellowfin Surgeonfish', 'Acanthurus xanthopterus', 'Actinopterygii', 'Perciformes', 'Acanthuridae', 0, '', '', '', '', '', 'Línea de mano o cuerda, red agallera de fondo y palangre escamero (cimbra)', 1, '', 'Especie marina de hábitos costeros . Vive en arrecifes coralinos y rocosos. Se alimenta de algas microscópicas (diatomeas) y detritus.', 'Se distribuye en el Indo Pacífico y Pacífico Oriental, desde el este de África, Australia, Japón, Golfo de California, Panamá e Islas Galápagos.', 0, 'Se utiliza la carne.', '', '0', '0000-00-00 00:00:00', '0000-00-00 00:00:00'),
(238, 'Cirujano aleta amarilla', 'Yellowfin Surgeonfish', 'Acanthurus xanthopterus', 'Actinopterygii', 'Perciformes', 'Acanthuridae', 0, '', '', '', '', '', 'Línea de mano o cuerda, red agallera de fondo y palangre escamero (cimbra)', 1, '', 'Especie marina de hábitos costeros . Vive en arrecifes coralinos y rocosos. Se alimenta de algas microscópicas (diatomeas) y detritus.', 'Se distribuye en el Indo Pacífico y Pacífico Oriental, desde el este de África, Australia, Japón, Golfo de California, Panamá e Islas Galápagos.', 0, 'Se utiliza la carne.', '', '0', '0000-00-00 00:00:00', '0000-00-00 00:00:00'),
(239, 'Cirujano aleta amarilla', 'Yellowfin Surgeonfish', 'Acanthurus xanthopterus', 'Actinopterygii', 'Perciformes', 'Acanthuridae', 0, '', '', '', '', '', 'Línea de mano o cuerda, red agallera de fondo y palangre escamero (cimbra)', 1, '', 'Especie marina de hábitos costeros . Vive en arrecifes coralinos y rocosos. Se alimenta de algas microscópicas (diatomeas) y detritus.', 'Se distribuye en el Indo Pacífico y Pacífico Oriental, desde el este de África, Australia, Japón, Golfo de California, Panamá e Islas Galápagos.', 0, 'Se utiliza la carne.', '', '0', '0000-00-00 00:00:00', '0000-00-00 00:00:00'),
(240, 'Cirujano aleta amarilla', 'Yellowfin Surgeonfish', 'Acanthurus xanthopterus', 'Actinopterygii', 'Perciformes', 'Acanthuridae', 0, '', '', '', '', '', 'Línea de mano o cuerda, red agallera de fondo y palangre escamero (cimbra)', 1, '', 'Especie marina de hábitos costeros . Vive en arrecifes coralinos y rocosos. Se alimenta de algas microscópicas (diatomeas) y detritus.', 'Se distribuye en el Indo Pacífico y Pacífico Oriental, desde el este de África, Australia, Japón, Golfo de California, Panamá e Islas Galápagos.', 0, 'Se utiliza la carne.', '', '0', '0000-00-00 00:00:00', '0000-00-00 00:00:00');
INSERT INTO `peces` (`especie_id`, `nombre_comun`, `nombre_ingles`, `nombre_cientifico`, `clase`, `orden`, `familia`, `grupo_id`, `nacional_importado`, `tipo_imagen`, `imagen`, `triptico`, `talla_captura`, `arte_pesca`, `tipo_veda_id`, `veda`, `generalidades`, `descripcion_distribucion`, `cultivado_capturado`, `comercio`, `pais_importacion`, `html`, `fecha_creacion`, `fecha_actualizacion`) VALUES
(241, 'Cirujano aleta amarilla', 'Yellowfin Surgeonfish', 'Acanthurus xanthopterus', 'Actinopterygii', 'Perciformes', 'Acanthuridae', 0, '', '', '', '', '', 'Línea de mano o cuerda, red agallera de fondo y palangre escamero (cimbra)', 3, '', 'Especie marina de hábitos costeros . Vive en arrecifes coralinos y rocosos. Se alimenta de algas microscópicas (diatomeas) y detritus.', 'Se distribuye en el Indo Pacífico y Pacífico Oriental, desde el este de África, Australia, Japón, Golfo de California, Panamá e Islas Galápagos.', 0, 'Se utiliza la carne.', '', '0', '0000-00-00 00:00:00', '0000-00-00 00:00:00'),
(242, 'Cirujano aleta amarilla', 'Yellowfin Surgeonfish', 'Acanthurus xanthopterus', 'Actinopterygii', 'Perciformes', 'Acanthuridae', 0, '', '', '', '', '', 'Línea de mano o cuerda, red agallera de fondo y palangre escamero (cimbra)', 0, '', 'Especie marina de hábitos costeros . Vive en arrecifes coralinos y rocosos. Se alimenta de algas microscópicas (diatomeas) y detritus.', 'Se distribuye en el Indo Pacífico y Pacífico Oriental, desde el este de África, Australia, Japón, Golfo de California, Panamá e Islas Galápagos.', 0, 'Se utiliza la carne.', '', '0', '0000-00-00 00:00:00', '0000-00-00 00:00:00'),
(243, 'Cirujano aleta amarilla', 'Yellowfin Surgeonfish', 'Acanthurus xanthopterus', 'Actinopterygii', 'Perciformes', 'Acanthuridae', 0, '', '', '', '', '', 'Línea de mano o cuerda, red agallera de fondo y palangre escamero (cimbra)', 3, '', 'Especie marina de hábitos costeros . Vive en arrecifes coralinos y rocosos. Se alimenta de algas microscópicas (diatomeas) y detritus.', 'Se distribuye en el Indo Pacífico y Pacífico Oriental, desde el este de África, Australia, Japón, Golfo de California, Panamá e Islas Galápagos.', 0, 'Se utiliza la carne.', '', '0', '0000-00-00 00:00:00', '0000-00-00 00:00:00'),
(244, 'Cirujano aleta amarilla', 'Yellowfin Surgeonfish', 'Acanthurus xanthopterus', 'Actinopterygii', 'Perciformes', 'Acanthuridae', 0, '', '', '', '', '', 'Línea de mano o cuerda, red agallera de fondo y palangre escamero (cimbra)', 0, '', 'Especie marina de hábitos costeros . Vive en arrecifes coralinos y rocosos. Se alimenta de algas microscópicas (diatomeas) y detritus.', 'Se distribuye en el Indo Pacífico y Pacífico Oriental, desde el este de África, Australia, Japón, Golfo de California, Panamá e Islas Galápagos.', 0, 'Se utiliza la carne.', '', '0', '0000-00-00 00:00:00', '0000-00-00 00:00:00'),
(245, 'Cirujano aleta amarilla', 'Yellowfin Surgeonfish', 'Acanthurus xanthopterus', 'Actinopterygii', 'Perciformes', 'Acanthuridae', 0, '', '', '', '', '', 'Línea de mano o cuerda, red agallera de fondo y palangre escamero (cimbra)', 0, '', 'Especie marina de hábitos costeros . Vive en arrecifes coralinos y rocosos. Se alimenta de algas microscópicas (diatomeas) y detritus.', 'Se distribuye en el Indo Pacífico y Pacífico Oriental, desde el este de África, Australia, Japón, Golfo de California, Panamá e Islas Galápagos.', 0, 'Se utiliza la carne.', '', '0', '0000-00-00 00:00:00', '0000-00-00 00:00:00'),
(246, 'Cirujano aleta amarilla', 'Yellowfin Surgeonfish', 'Acanthurus xanthopterus', 'Actinopterygii', 'Perciformes', 'Acanthuridae', 0, '', '', '', '', '', 'Línea de mano o cuerda, red agallera de fondo y palangre escamero (cimbra)', 3, '', 'Especie marina de hábitos costeros . Vive en arrecifes coralinos y rocosos. Se alimenta de algas microscópicas (diatomeas) y detritus.', 'Se distribuye en el Indo Pacífico y Pacífico Oriental, desde el este de África, Australia, Japón, Golfo de California, Panamá e Islas Galápagos.', 0, 'Se utiliza la carne.', '', '0', '0000-00-00 00:00:00', '0000-00-00 00:00:00'),
(247, 'Cirujano aleta amarilla', 'Yellowfin Surgeonfish', 'Acanthurus xanthopterus', 'Actinopterygii', 'Perciformes', 'Acanthuridae', 0, '', '', '', '', '', 'Línea de mano o cuerda, red agallera de fondo y palangre escamero (cimbra)', 0, '', 'Especie marina de hábitos costeros . Vive en arrecifes coralinos y rocosos. Se alimenta de algas microscópicas (diatomeas) y detritus.', 'Se distribuye en el Indo Pacífico y Pacífico Oriental, desde el este de África, Australia, Japón, Golfo de California, Panamá e Islas Galápagos.', 0, 'Se utiliza la carne.', '', '0', '0000-00-00 00:00:00', '0000-00-00 00:00:00'),
(248, 'Cirujano aleta amarilla', 'Yellowfin Surgeonfish', 'Acanthurus xanthopterus', 'Actinopterygii', 'Perciformes', 'Acanthuridae', 0, '', '', '', '', '', 'Línea de mano o cuerda, red agallera de fondo y palangre escamero (cimbra)', 3, '', 'Especie marina de hábitos costeros . Vive en arrecifes coralinos y rocosos. Se alimenta de algas microscópicas (diatomeas) y detritus.', 'Se distribuye en el Indo Pacífico y Pacífico Oriental, desde el este de África, Australia, Japón, Golfo de California, Panamá e Islas Galápagos.', 0, 'Se utiliza la carne.', '', '0', '0000-00-00 00:00:00', '0000-00-00 00:00:00'),
(249, 'Cirujano aleta amarilla', 'Yellowfin Surgeonfish', 'Acanthurus xanthopterus', 'Actinopterygii', 'Perciformes', 'Acanthuridae', 33, '', '', '', '', '', 'Línea de mano o cuerda, red agallera de fondo y palangre escamero (cimbra)', 0, '', 'Especie marina de hábitos costeros . Vive en arrecifes coralinos y rocosos. Se alimenta de algas microscópicas (diatomeas) y detritus.', 'Se distribuye en el Indo Pacífico y Pacífico Oriental, desde el este de África, Australia, Japón, Golfo de California, Panamá e Islas Galápagos.', 0, 'Se utiliza la carne.', '', '0', '0000-00-00 00:00:00', '0000-00-00 00:00:00'),
(250, 'Cirujano aleta amarilla', 'Yellowfin Surgeonfish', 'Acanthurus xanthopterus', 'Actinopterygii', 'Perciformes', 'Acanthuridae', 24, '', '', '', '', '', 'Línea de mano o cuerda, red agallera de fondo y palangre escamero (cimbra)', 0, '', 'Especie marina de hábitos costeros . Vive en arrecifes coralinos y rocosos. Se alimenta de algas microscópicas (diatomeas) y detritus.', 'Se distribuye en el Indo Pacífico y Pacífico Oriental, desde el este de África, Australia, Japón, Golfo de California, Panamá e Islas Galápagos.', 0, 'Se utiliza la carne.', '', '0', '0000-00-00 00:00:00', '0000-00-00 00:00:00'),
(251, 'Cirujano aleta amarilla', 'Yellowfin Surgeonfish', 'Acanthurus xanthopterus', 'Actinopterygii', 'Perciformes', 'Acanthuridae', 0, '', '', '', '', '', 'Línea de mano o cuerda, red agallera de fondo y palangre escamero (cimbra)', 0, '', 'Especie marina de hábitos costeros . Vive en arrecifes coralinos y rocosos. Se alimenta de algas microscópicas (diatomeas) y detritus.', 'Se distribuye en el Indo Pacífico y Pacífico Oriental, desde el este de África, Australia, Japón, Golfo de California, Panamá e Islas Galápagos.', 0, 'Se utiliza la carne.', '', '0', '0000-00-00 00:00:00', '0000-00-00 00:00:00'),
(252, 'Cirujano aleta amarilla', 'Yellowfin Surgeonfish', 'Acanthurus xanthopterus', 'Actinopterygii', 'Perciformes', 'Acanthuridae', 33, '', '', '', '', '', 'Línea de mano o cuerda, red agallera de fondo y palangre escamero (cimbra)', 0, '', 'Especie marina de hábitos costeros . Vive en arrecifes coralinos y rocosos. Se alimenta de algas microscópicas (diatomeas) y detritus.', 'Se distribuye en el Indo Pacífico y Pacífico Oriental, desde el este de África, Australia, Japón, Golfo de California, Panamá e Islas Galápagos.', 0, 'Se utiliza la carne.', '', '0', '0000-00-00 00:00:00', '0000-00-00 00:00:00'),
(253, 'Cirujano aleta amarilla', 'Yellowfin Surgeonfish', 'Acanthurus xanthopterus', 'Actinopterygii', 'Perciformes', 'Acanthuridae', 33, '', '', '', '', '', 'Línea de mano o cuerda, red agallera de fondo y palangre escamero (cimbra)', 0, '', 'Especie marina de hábitos costeros . Vive en arrecifes coralinos y rocosos. Se alimenta de algas microscópicas (diatomeas) y detritus.', 'Se distribuye en el Indo Pacífico y Pacífico Oriental, desde el este de África, Australia, Japón, Golfo de California, Panamá e Islas Galápagos.', 0, 'Se utiliza la carne.', '', '0', '0000-00-00 00:00:00', '0000-00-00 00:00:00'),
(254, 'Cirujano aleta amarilla', 'Yellowfin Surgeonfish', 'Acanthurus xanthopterus', 'Actinopterygii', 'Perciformes', 'Acanthuridae', 0, '', '', '', '', '', 'Línea de mano o cuerda, red agallera de fondo y palangre escamero (cimbra)', 0, '', 'Especie marina de hábitos costeros . Vive en arrecifes coralinos y rocosos. Se alimenta de algas microscópicas (diatomeas) y detritus.', 'Se distribuye en el Indo Pacífico y Pacífico Oriental, desde el este de África, Australia, Japón, Golfo de California, Panamá e Islas Galápagos.', 0, 'Se utiliza la carne.', '', '0', '0000-00-00 00:00:00', '0000-00-00 00:00:00'),
(255, 'Cirujano aleta amarilla', 'Yellowfin Surgeonfish', 'Acanthurus xanthopterus', 'Actinopterygii', 'Perciformes', 'Acanthuridae', 24, '', '', '', '', '', 'Línea de mano o cuerda, red agallera de fondo y palangre escamero (cimbra)', 0, '', 'Especie marina de hábitos costeros . Vive en arrecifes coralinos y rocosos. Se alimenta de algas microscópicas (diatomeas) y detritus.', 'Se distribuye en el Indo Pacífico y Pacífico Oriental, desde el este de África, Australia, Japón, Golfo de California, Panamá e Islas Galápagos.', 0, 'Se utiliza la carne.', '', '0', '0000-00-00 00:00:00', '0000-00-00 00:00:00'),
(256, 'Cirujano aleta amarilla', 'Yellowfin Surgeonfish', 'Acanthurus xanthopterus', 'Actinopterygii', 'Perciformes', 'Acanthuridae', 27, '', '', '', '', '', 'Línea de mano o cuerda, red agallera de fondo y palangre escamero (cimbra)', 0, '', 'Especie marina de hábitos costeros . Vive en arrecifes coralinos y rocosos. Se alimenta de algas microscópicas (diatomeas) y detritus.', 'Se distribuye en el Indo Pacífico y Pacífico Oriental, desde el este de África, Australia, Japón, Golfo de California, Panamá e Islas Galápagos.', 0, 'Se utiliza la carne.', '', '0', '0000-00-00 00:00:00', '0000-00-00 00:00:00'),
(257, 'Cirujano aleta amarilla', 'Yellowfin Surgeonfish', 'Acanthurus xanthopterus', 'Actinopterygii', 'Perciformes', 'Acanthuridae', 27, '', '', '', '', '', 'Línea de mano o cuerda, red agallera de fondo y palangre escamero (cimbra)', 0, '', 'Especie marina de hábitos costeros . Vive en arrecifes coralinos y rocosos. Se alimenta de algas microscópicas (diatomeas) y detritus.', 'Se distribuye en el Indo Pacífico y Pacífico Oriental, desde el este de África, Australia, Japón, Golfo de California, Panamá e Islas Galápagos.', 0, 'Se utiliza la carne.', '', '0', '0000-00-00 00:00:00', '0000-00-00 00:00:00'),
(258, 'Cirujano aleta amarilla', 'Yellowfin Surgeonfish', 'Acanthurus xanthopterus', 'Actinopterygii', 'Perciformes', 'Acanthuridae', 27, '', '', '', '', '', 'Línea de mano o cuerda, red agallera de fondo y palangre escamero (cimbra)', 0, '', 'Especie marina de hábitos costeros . Vive en arrecifes coralinos y rocosos. Se alimenta de algas microscópicas (diatomeas) y detritus.', 'Se distribuye en el Indo Pacífico y Pacífico Oriental, desde el este de África, Australia, Japón, Golfo de California, Panamá e Islas Galápagos.', 0, 'Se utiliza la carne.', '', '0', '0000-00-00 00:00:00', '0000-00-00 00:00:00'),
(259, 'Cirujano aleta amarilla', 'Yellowfin Surgeonfish', 'Acanthurus xanthopterus', 'Actinopterygii', 'Perciformes', 'Acanthuridae', 27, '', '', '', '', '', 'Línea de mano o cuerda, red agallera de fondo y palangre escamero (cimbra)', 0, '', 'Especie marina de hábitos costeros . Vive en arrecifes coralinos y rocosos. Se alimenta de algas microscópicas (diatomeas) y detritus.', 'Se distribuye en el Indo Pacífico y Pacífico Oriental, desde el este de África, Australia, Japón, Golfo de California, Panamá e Islas Galápagos.', 0, 'Se utiliza la carne.', '', '0', '0000-00-00 00:00:00', '0000-00-00 00:00:00'),
(260, 'Cirujano aleta amarilla', 'Yellowfin Surgeonfish', 'Acanthurus xanthopterus', 'Actinopterygii', 'Perciformes', 'Acanthuridae', 27, '', '', '', '', '', 'Línea de mano o cuerda, red agallera de fondo y palangre escamero (cimbra)', 0, '', 'Especie marina de hábitos costeros . Vive en arrecifes coralinos y rocosos. Se alimenta de algas microscópicas (diatomeas) y detritus.', 'Se distribuye en el Indo Pacífico y Pacífico Oriental, desde el este de África, Australia, Japón, Golfo de California, Panamá e Islas Galápagos.', 0, 'Se utiliza la carne.', '', '0', '0000-00-00 00:00:00', '0000-00-00 00:00:00'),
(261, 'Cirujano aleta amarilla', 'Yellowfin Surgeonfish', 'Acanthurus xanthopterus', 'Actinopterygii', 'Perciformes', 'Acanthuridae', 27, '', '', '', '', '', 'Línea de mano o cuerda, red agallera de fondo y palangre escamero (cimbra)', 0, '', 'Especie marina de hábitos costeros . Vive en arrecifes coralinos y rocosos. Se alimenta de algas microscópicas (diatomeas) y detritus.', 'Se distribuye en el Indo Pacífico y Pacífico Oriental, desde el este de África, Australia, Japón, Golfo de California, Panamá e Islas Galápagos.', 0, 'Se utiliza la carne.', '', '0', '0000-00-00 00:00:00', '0000-00-00 00:00:00'),
(262, 'Cirujano aleta amarilla', 'Yellowfin Surgeonfish', 'Acanthurus xanthopterus', 'Actinopterygii', 'Perciformes', 'Acanthuridae', 27, '', '', '', '', '', 'Línea de mano o cuerda, red agallera de fondo y palangre escamero (cimbra)', 0, '', 'Especie marina de hábitos costeros . Vive en arrecifes coralinos y rocosos. Se alimenta de algas microscópicas (diatomeas) y detritus.', 'Se distribuye en el Indo Pacífico y Pacífico Oriental, desde el este de África, Australia, Japón, Golfo de California, Panamá e Islas Galápagos.', 0, 'Se utiliza la carne.', '', '0', '0000-00-00 00:00:00', '0000-00-00 00:00:00'),
(263, 'Cirujano aleta amarilla', 'Yellowfin Surgeonfish', 'Acanthurus xanthopterus', 'Actinopterygii', 'Perciformes', 'Acanthuridae', 27, '', '', '', '', '', 'Línea de mano o cuerda, red agallera de fondo y palangre escamero (cimbra)', 0, '', 'Especie marina de hábitos costeros . Vive en arrecifes coralinos y rocosos. Se alimenta de algas microscópicas (diatomeas) y detritus.', 'Se distribuye en el Indo Pacífico y Pacífico Oriental, desde el este de África, Australia, Japón, Golfo de California, Panamá e Islas Galápagos.', 0, 'Se utiliza la carne.', '', '0', '0000-00-00 00:00:00', '0000-00-00 00:00:00'),
(264, 'Cirujano aleta amarilla', 'Yellowfin Surgeonfish', 'Acanthurus xanthopterus', 'Actinopterygii', 'Perciformes', 'Acanthuridae', 0, '', '', '', '', '', 'Línea de mano o cuerda, red agallera de fondo y palangre escamero (cimbra)', 0, '', 'Especie marina de hábitos costeros . Vive en arrecifes coralinos y rocosos. Se alimenta de algas microscópicas (diatomeas) y detritus.', 'Se distribuye en el Indo Pacífico y Pacífico Oriental, desde el este de África, Australia, Japón, Golfo de California, Panamá e Islas Galápagos.', 0, 'Se utiliza la carne.', '', '0', '0000-00-00 00:00:00', '0000-00-00 00:00:00'),
(265, 'Cirujano aleta amarilla', 'Yellowfin Surgeonfish', 'Acanthurus xanthopterus', 'Actinopterygii', 'Perciformes', 'Acanthuridae', 24, '', '', '', '', '', 'Línea de mano o cuerda, red agallera de fondo y palangre escamero (cimbra)', 0, '', 'Especie marina de hábitos costeros . Vive en arrecifes coralinos y rocosos. Se alimenta de algas microscópicas (diatomeas) y detritus.', 'Se distribuye en el Indo Pacífico y Pacífico Oriental, desde el este de África, Australia, Japón, Golfo de California, Panamá e Islas Galápagos.', 0, 'Se utiliza la carne.', '', '0', '0000-00-00 00:00:00', '0000-00-00 00:00:00'),
(266, 'Cirujano aleta amarilla', 'Yellowfin Surgeonfish', 'Acanthurus xanthopterus', 'Actinopterygii', 'Perciformes', 'Acanthuridae', 27, '', '', '', '', '', 'Línea de mano o cuerda, red agallera de fondo y palangre escamero (cimbra)', 0, '', 'Especie marina de hábitos costeros . Vive en arrecifes coralinos y rocosos. Se alimenta de algas microscópicas (diatomeas) y detritus.', 'Se distribuye en el Indo Pacífico y Pacífico Oriental, desde el este de África, Australia, Japón, Golfo de California, Panamá e Islas Galápagos.', 0, 'Se utiliza la carne.', '', '0', '0000-00-00 00:00:00', '0000-00-00 00:00:00'),
(267, 'Cirujano aleta amarilla', 'Yellowfin Surgeonfish', 'Acanthurus xanthopterus', 'Actinopterygii', 'Perciformes', 'Acanthuridae', 24, '', '', '', '', '', 'Línea de mano o cuerda, red agallera de fondo y palangre escamero (cimbra)', 0, '', 'Especie marina de hábitos costeros . Vive en arrecifes coralinos y rocosos. Se alimenta de algas microscópicas (diatomeas) y detritus.', 'Se distribuye en el Indo Pacífico y Pacífico Oriental, desde el este de África, Australia, Japón, Golfo de California, Panamá e Islas Galápagos.', 0, 'Se utiliza la carne.', '', '0', '0000-00-00 00:00:00', '0000-00-00 00:00:00'),
(268, 'Cirujano aleta amarilla', 'Yellowfin Surgeonfish', 'Acanthurus xanthopterus', 'Actinopterygii', 'Perciformes', 'Acanthuridae', 24, '', '', '', '', '', 'Línea de mano o cuerda, red agallera de fondo y palangre escamero (cimbra)', 0, '', 'Especie marina de hábitos costeros . Vive en arrecifes coralinos y rocosos. Se alimenta de algas microscópicas (diatomeas) y detritus.', 'Se distribuye en el Indo Pacífico y Pacífico Oriental, desde el este de África, Australia, Japón, Golfo de California, Panamá e Islas Galápagos.', 0, 'Se utiliza la carne.', '', '0', '0000-00-00 00:00:00', '0000-00-00 00:00:00'),
(269, 'Cirujano aleta amarilla', 'Yellowfin Surgeonfish', 'Acanthurus xanthopterus', 'Actinopterygii', 'Perciformes', 'Acanthuridae', 27, '', '', '', '', '', 'Línea de mano o cuerda, red agallera de fondo y palangre escamero (cimbra)', 0, '', 'Especie marina de hábitos costeros . Vive en arrecifes coralinos y rocosos. Se alimenta de algas microscópicas (diatomeas) y detritus.', 'Se distribuye en el Indo Pacífico y Pacífico Oriental, desde el este de África, Australia, Japón, Golfo de California, Panamá e Islas Galápagos.', 0, 'Se utiliza la carne.', '', '0', '0000-00-00 00:00:00', '0000-00-00 00:00:00'),
(270, 'Cirujano aleta amarilla', 'Yellowfin Surgeonfish', 'Acanthurus xanthopterus', 'Actinopterygii', 'Perciformes', 'Acanthuridae', 27, '', '', '', '', '', 'Línea de mano o cuerda, red agallera de fondo y palangre escamero (cimbra)', 0, '', 'Especie marina de hábitos costeros . Vive en arrecifes coralinos y rocosos. Se alimenta de algas microscópicas (diatomeas) y detritus.', 'Se distribuye en el Indo Pacífico y Pacífico Oriental, desde el este de África, Australia, Japón, Golfo de California, Panamá e Islas Galápagos.', 0, 'Se utiliza la carne.', '', '0', '0000-00-00 00:00:00', '0000-00-00 00:00:00'),
(271, 'Cirujano aleta amarilla', 'Yellowfin Surgeonfish', 'Acanthurus xanthopterus', 'Actinopterygii', 'Perciformes', 'Acanthuridae', 33, '', '', '', '', '', 'Línea de mano o cuerda, red agallera de fondo y palangre escamero (cimbra)', 0, '', 'Especie marina de hábitos costeros . Vive en arrecifes coralinos y rocosos. Se alimenta de algas microscópicas (diatomeas) y detritus.', 'Se distribuye en el Indo Pacífico y Pacífico Oriental, desde el este de África, Australia, Japón, Golfo de California, Panamá e Islas Galápagos.', 0, 'Se utiliza la carne.', '', '0', '0000-00-00 00:00:00', '0000-00-00 00:00:00'),
(272, 'Cirujano aleta amarilla', 'Yellowfin Surgeonfish', 'Acanthurus xanthopterus', 'Actinopterygii', 'Perciformes', 'Acanthuridae', 33, '', '', '', '', '', 'Línea de mano o cuerda, red agallera de fondo y palangre escamero (cimbra)', 0, '', 'Especie marina de hábitos costeros . Vive en arrecifes coralinos y rocosos. Se alimenta de algas microscópicas (diatomeas) y detritus.', 'Se distribuye en el Indo Pacífico y Pacífico Oriental, desde el este de África, Australia, Japón, Golfo de California, Panamá e Islas Galápagos.', 0, 'Se utiliza la carne.', '', '0', '0000-00-00 00:00:00', '0000-00-00 00:00:00'),
(273, 'Cirujano aleta amarilla', 'Yellowfin Surgeonfish', 'Acanthurus xanthopterus', 'Actinopterygii', 'Perciformes', 'Acanthuridae', 33, '', '', '', '', '', 'Línea de mano o cuerda, red agallera de fondo y palangre escamero (cimbra)', 0, '', 'Especie marina de hábitos costeros . Vive en arrecifes coralinos y rocosos. Se alimenta de algas microscópicas (diatomeas) y detritus.', 'Se distribuye en el Indo Pacífico y Pacífico Oriental, desde el este de África, Australia, Japón, Golfo de California, Panamá e Islas Galápagos.', 0, 'Se utiliza la carne.', '', '0', '0000-00-00 00:00:00', '0000-00-00 00:00:00'),
(274, 'Cirujano aleta amarilla', 'Yellowfin Surgeonfish', 'Acanthurus xanthopterus', 'Actinopterygii', 'Perciformes', 'Acanthuridae', 0, '', '', '', '', '', 'Línea de mano o cuerda, red agallera de fondo y palangre escamero (cimbra)', 0, '', 'Especie marina de hábitos costeros . Vive en arrecifes coralinos y rocosos. Se alimenta de algas microscópicas (diatomeas) y detritus.', 'Se distribuye en el Indo Pacífico y Pacífico Oriental, desde el este de África, Australia, Japón, Golfo de California, Panamá e Islas Galápagos.', 0, 'Se utiliza la carne.', '', '0', '0000-00-00 00:00:00', '0000-00-00 00:00:00'),
(275, 'Cirujano aleta amarilla', 'Yellowfin Surgeonfish', 'Acanthurus xanthopterus', 'Actinopterygii', 'Perciformes', 'Acanthuridae', 0, '', '', '', '', '', 'Línea de mano o cuerda, red agallera de fondo y palangre escamero (cimbra)', 0, '', 'Especie marina de hábitos costeros . Vive en arrecifes coralinos y rocosos. Se alimenta de algas microscópicas (diatomeas) y detritus.', 'Se distribuye en el Indo Pacífico y Pacífico Oriental, desde el este de África, Australia, Japón, Golfo de California, Panamá e Islas Galápagos.', 0, 'Se utiliza la carne.', '', '0', '0000-00-00 00:00:00', '0000-00-00 00:00:00'),
(276, 'Cirujano aleta amarilla', 'Yellowfin Surgeonfish', 'Acanthurus xanthopterus', 'Actinopterygii', 'Perciformes', 'Acanthuridae', 33, '', '', '', '', '', 'Línea de mano o cuerda, red agallera de fondo y palangre escamero (cimbra)', 0, '', 'Especie marina de hábitos costeros . Vive en arrecifes coralinos y rocosos. Se alimenta de algas microscópicas (diatomeas) y detritus.', 'Se distribuye en el Indo Pacífico y Pacífico Oriental, desde el este de África, Australia, Japón, Golfo de California, Panamá e Islas Galápagos.', 0, 'Se utiliza la carne.', '', '0', '0000-00-00 00:00:00', '0000-00-00 00:00:00'),
(277, 'Cirujano aleta amarilla', 'Yellowfin Surgeonfish', 'Acanthurus xanthopterus', 'Actinopterygii', 'Perciformes', 'Acanthuridae', 24, '', '', '', '', '', 'Línea de mano o cuerda, red agallera de fondo y palangre escamero (cimbra)', 0, '', 'Especie marina de hábitos costeros . Vive en arrecifes coralinos y rocosos. Se alimenta de algas microscópicas (diatomeas) y detritus.', 'Se distribuye en el Indo Pacífico y Pacífico Oriental, desde el este de África, Australia, Japón, Golfo de California, Panamá e Islas Galápagos.', 0, 'Se utiliza la carne.', '', '0', '0000-00-00 00:00:00', '0000-00-00 00:00:00'),
(278, 'Cirujano aleta amarilla', 'Yellowfin Surgeonfish', 'Acanthurus xanthopterus', 'Actinopterygii', 'Perciformes', 'Acanthuridae', 33, '', '', '', '', '', 'Línea de mano o cuerda, red agallera de fondo y palangre escamero (cimbra)', 0, '', 'Especie marina de hábitos costeros . Vive en arrecifes coralinos y rocosos. Se alimenta de algas microscópicas (diatomeas) y detritus.', 'Se distribuye en el Indo Pacífico y Pacífico Oriental, desde el este de África, Australia, Japón, Golfo de California, Panamá e Islas Galápagos.', 0, 'Se utiliza la carne.', '', '0', '0000-00-00 00:00:00', '0000-00-00 00:00:00'),
(279, 'Cirujano aleta amarilla', 'Yellowfin Surgeonfish', 'Acanthurus xanthopterus', 'Actinopterygii', 'Perciformes', 'Acanthuridae', 0, '', '', '', '', '', 'Línea de mano o cuerda, red agallera de fondo y palangre escamero (cimbra)', 3, '', 'Especie marina de hábitos costeros . Vive en arrecifes coralinos y rocosos. Se alimenta de algas microscópicas (diatomeas) y detritus.', 'Se distribuye en el Indo Pacífico y Pacífico Oriental, desde el este de África, Australia, Japón, Golfo de California, Panamá e Islas Galápagos.', 0, 'Se utiliza la carne.', '', '0', '0000-00-00 00:00:00', '0000-00-00 00:00:00'),
(280, 'Cirujano aleta amarilla', 'Yellowfin Surgeonfish', 'Acanthurus xanthopterus', 'Actinopterygii', 'Perciformes', 'Acanthuridae', 0, '', '', '', '', '', 'Línea de mano o cuerda, red agallera de fondo y palangre escamero (cimbra)', 0, '', 'Especie marina de hábitos costeros . Vive en arrecifes coralinos y rocosos. Se alimenta de algas microscópicas (diatomeas) y detritus.', 'Se distribuye en el Indo Pacífico y Pacífico Oriental, desde el este de África, Australia, Japón, Golfo de California, Panamá e Islas Galápagos.', 0, 'Se utiliza la carne.', '', '0', '0000-00-00 00:00:00', '0000-00-00 00:00:00'),
(281, 'Cirujano aleta amarilla', 'Yellowfin Surgeonfish', 'Acanthurus xanthopterus', 'Actinopterygii', 'Perciformes', 'Acanthuridae', 0, '', '', '', '', '', 'Línea de mano o cuerda, red agallera de fondo y palangre escamero (cimbra)', 3, '', 'Especie marina de hábitos costeros . Vive en arrecifes coralinos y rocosos. Se alimenta de algas microscópicas (diatomeas) y detritus.', 'Se distribuye en el Indo Pacífico y Pacífico Oriental, desde el este de África, Australia, Japón, Golfo de California, Panamá e Islas Galápagos.', 0, 'Se utiliza la carne.', '', '0', '0000-00-00 00:00:00', '0000-00-00 00:00:00'),
(282, 'Cirujano aleta amarilla', 'Yellowfin Surgeonfish', 'Acanthurus xanthopterus', 'Actinopterygii', 'Perciformes', 'Acanthuridae', 0, '', '', '', '', '', 'Línea de mano o cuerda, red agallera de fondo y palangre escamero (cimbra)', 3, '', 'Especie marina de hábitos costeros . Vive en arrecifes coralinos y rocosos. Se alimenta de algas microscópicas (diatomeas) y detritus.', 'Se distribuye en el Indo Pacífico y Pacífico Oriental, desde el este de África, Australia, Japón, Golfo de California, Panamá e Islas Galápagos.', 0, 'Se utiliza la carne.', '', '0', '0000-00-00 00:00:00', '0000-00-00 00:00:00'),
(283, 'Cirujano aleta amarilla', 'Yellowfin Surgeonfish', 'Acanthurus xanthopterus', 'Actinopterygii', 'Perciformes', 'Acanthuridae', 0, '', '', '', '', '', 'Línea de mano o cuerda, red agallera de fondo y palangre escamero (cimbra)', 3, '', 'Especie marina de hábitos costeros . Vive en arrecifes coralinos y rocosos. Se alimenta de algas microscópicas (diatomeas) y detritus.', 'Se distribuye en el Indo Pacífico y Pacífico Oriental, desde el este de África, Australia, Japón, Golfo de California, Panamá e Islas Galápagos.', 0, 'Se utiliza la carne.', '', '0', '0000-00-00 00:00:00', '0000-00-00 00:00:00'),
(284, 'Cirujano aleta amarilla', 'Yellowfin Surgeonfish', 'Acanthurus xanthopterus', 'Actinopterygii', 'Perciformes', 'Acanthuridae', 0, '', '', '', '', '', 'Línea de mano o cuerda, red agallera de fondo y palangre escamero (cimbra)', 0, '', 'Especie marina de hábitos costeros . Vive en arrecifes coralinos y rocosos. Se alimenta de algas microscópicas (diatomeas) y detritus.', 'Se distribuye en el Indo Pacífico y Pacífico Oriental, desde el este de África, Australia, Japón, Golfo de California, Panamá e Islas Galápagos.', 0, 'Se utiliza la carne.', '', '0', '0000-00-00 00:00:00', '0000-00-00 00:00:00'),
(285, 'Cirujano aleta amarilla', 'Yellowfin Surgeonfish', 'Acanthurus xanthopterus', 'Actinopterygii', 'Perciformes', 'Acanthuridae', 0, '', '', '', '', '', 'Línea de mano o cuerda, red agallera de fondo y palangre escamero (cimbra)', 3, '', 'Especie marina de hábitos costeros . Vive en arrecifes coralinos y rocosos. Se alimenta de algas microscópicas (diatomeas) y detritus.', 'Se distribuye en el Indo Pacífico y Pacífico Oriental, desde el este de África, Australia, Japón, Golfo de California, Panamá e Islas Galápagos.', 0, 'Se utiliza la carne.', '', '0', '0000-00-00 00:00:00', '0000-00-00 00:00:00'),
(286, 'Cirujano aleta amarilla', 'Yellowfin Surgeonfish', 'Acanthurus xanthopterus', 'Actinopterygii', 'Perciformes', 'Acanthuridae', 24, '', '', '', '', '', 'Línea de mano o cuerda, red agallera de fondo y palangre escamero (cimbra)', 0, '', 'Especie marina de hábitos costeros . Vive en arrecifes coralinos y rocosos. Se alimenta de algas microscópicas (diatomeas) y detritus.', 'Se distribuye en el Indo Pacífico y Pacífico Oriental, desde el este de África, Australia, Japón, Golfo de California, Panamá e Islas Galápagos.', 0, 'Se utiliza la carne.', '', '0', '0000-00-00 00:00:00', '0000-00-00 00:00:00'),
(287, 'Cirujano aleta amarilla', 'Yellowfin Surgeonfish', 'Acanthurus xanthopterus', 'Actinopterygii', 'Perciformes', 'Acanthuridae', 24, '', '', '', '', '', 'Línea de mano o cuerda, red agallera de fondo y palangre escamero (cimbra)', 0, '', 'Especie marina de hábitos costeros . Vive en arrecifes coralinos y rocosos. Se alimenta de algas microscópicas (diatomeas) y detritus.', 'Se distribuye en el Indo Pacífico y Pacífico Oriental, desde el este de África, Australia, Japón, Golfo de California, Panamá e Islas Galápagos.', 0, 'Se utiliza la carne.', '', '0', '0000-00-00 00:00:00', '0000-00-00 00:00:00'),
(288, 'Cirujano aleta amarilla', 'Yellowfin Surgeonfish', 'Acanthurus xanthopterus', 'Actinopterygii', 'Perciformes', 'Acanthuridae', 24, '', '', '', '', '', 'Línea de mano o cuerda, red agallera de fondo y palangre escamero (cimbra)', 0, '', 'Especie marina de hábitos costeros . Vive en arrecifes coralinos y rocosos. Se alimenta de algas microscópicas (diatomeas) y detritus.', 'Se distribuye en el Indo Pacífico y Pacífico Oriental, desde el este de África, Australia, Japón, Golfo de California, Panamá e Islas Galápagos.', 0, 'Se utiliza la carne.', '', '0', '0000-00-00 00:00:00', '0000-00-00 00:00:00'),
(289, 'Cirujano aleta amarilla', 'Yellowfin Surgeonfish', 'Acanthurus xanthopterus', 'Actinopterygii', 'Perciformes', 'Acanthuridae', 24, '', '', '', '', '', 'Línea de mano o cuerda, red agallera de fondo y palangre escamero (cimbra)', 0, '', 'Especie marina de hábitos costeros . Vive en arrecifes coralinos y rocosos. Se alimenta de algas microscópicas (diatomeas) y detritus.', 'Se distribuye en el Indo Pacífico y Pacífico Oriental, desde el este de África, Australia, Japón, Golfo de California, Panamá e Islas Galápagos.', 0, 'Se utiliza la carne.', '', '0', '0000-00-00 00:00:00', '0000-00-00 00:00:00'),
(290, 'Cirujano aleta amarilla', 'Yellowfin Surgeonfish', 'Acanthurus xanthopterus', 'Actinopterygii', 'Perciformes', 'Acanthuridae', 24, '', '', '', '', '', 'Línea de mano o cuerda, red agallera de fondo y palangre escamero (cimbra)', 0, '', 'Especie marina de hábitos costeros . Vive en arrecifes coralinos y rocosos. Se alimenta de algas microscópicas (diatomeas) y detritus.', 'Se distribuye en el Indo Pacífico y Pacífico Oriental, desde el este de África, Australia, Japón, Golfo de California, Panamá e Islas Galápagos.', 0, 'Se utiliza la carne.', '', '0', '0000-00-00 00:00:00', '0000-00-00 00:00:00'),
(291, 'Cirujano aleta amarilla', 'Yellowfin Surgeonfish', 'Acanthurus xanthopterus', 'Actinopterygii', 'Perciformes', 'Acanthuridae', 24, '', '', '', '', '', 'Línea de mano o cuerda, red agallera de fondo y palangre escamero (cimbra)', 0, '', 'Especie marina de hábitos costeros . Vive en arrecifes coralinos y rocosos. Se alimenta de algas microscópicas (diatomeas) y detritus.', 'Se distribuye en el Indo Pacífico y Pacífico Oriental, desde el este de África, Australia, Japón, Golfo de California, Panamá e Islas Galápagos.', 0, 'Se utiliza la carne.', '', '0', '0000-00-00 00:00:00', '0000-00-00 00:00:00'),
(292, 'Cirujano aleta amarilla', 'Yellowfin Surgeonfish', 'Acanthurus xanthopterus', 'Actinopterygii', 'Perciformes', 'Acanthuridae', 24, '', '', '', '', '', 'Línea de mano o cuerda, red agallera de fondo y palangre escamero (cimbra)', 0, '', 'Especie marina de hábitos costeros . Vive en arrecifes coralinos y rocosos. Se alimenta de algas microscópicas (diatomeas) y detritus.', 'Se distribuye en el Indo Pacífico y Pacífico Oriental, desde el este de África, Australia, Japón, Golfo de California, Panamá e Islas Galápagos.', 0, 'Se utiliza la carne.', '', '0', '0000-00-00 00:00:00', '0000-00-00 00:00:00'),
(293, 'Cirujano aleta amarilla', 'Yellowfin Surgeonfish', 'Acanthurus xanthopterus', 'Actinopterygii', 'Perciformes', 'Acanthuridae', 24, '', '', '', '', '', 'Línea de mano o cuerda, red agallera de fondo y palangre escamero (cimbra)', 0, '', 'Especie marina de hábitos costeros . Vive en arrecifes coralinos y rocosos. Se alimenta de algas microscópicas (diatomeas) y detritus.', 'Se distribuye en el Indo Pacífico y Pacífico Oriental, desde el este de África, Australia, Japón, Golfo de California, Panamá e Islas Galápagos.', 0, 'Se utiliza la carne.', '', '0', '0000-00-00 00:00:00', '0000-00-00 00:00:00'),
(294, 'Cirujano aleta amarilla', 'Yellowfin Surgeonfish', 'Acanthurus xanthopterus', 'Actinopterygii', 'Perciformes', 'Acanthuridae', 24, '', '', '', '', '', 'Línea de mano o cuerda, red agallera de fondo y palangre escamero (cimbra)', 0, '', 'Especie marina de hábitos costeros . Vive en arrecifes coralinos y rocosos. Se alimenta de algas microscópicas (diatomeas) y detritus.', 'Se distribuye en el Indo Pacífico y Pacífico Oriental, desde el este de África, Australia, Japón, Golfo de California, Panamá e Islas Galápagos.', 0, 'Se utiliza la carne.', '', '0', '0000-00-00 00:00:00', '0000-00-00 00:00:00'),
(295, 'Cirujano aleta amarilla', 'Yellowfin Surgeonfish', 'Acanthurus xanthopterus', 'Actinopterygii', 'Perciformes', 'Acanthuridae', 24, '', '', '', '', '', 'Línea de mano o cuerda, red agallera de fondo y palangre escamero (cimbra)', 0, '', 'Especie marina de hábitos costeros . Vive en arrecifes coralinos y rocosos. Se alimenta de algas microscópicas (diatomeas) y detritus.', 'Se distribuye en el Indo Pacífico y Pacífico Oriental, desde el este de África, Australia, Japón, Golfo de California, Panamá e Islas Galápagos.', 0, 'Se utiliza la carne.', '', '0', '0000-00-00 00:00:00', '0000-00-00 00:00:00'),
(296, 'Cirujano aleta amarilla', 'Yellowfin Surgeonfish', 'Acanthurus xanthopterus', 'Actinopterygii', 'Perciformes', 'Acanthuridae', 8, '', '', '', '', '', 'Línea de mano o cuerda, red agallera de fondo y palangre escamero (cimbra)', 0, '', 'Especie marina de hábitos costeros . Vive en arrecifes coralinos y rocosos. Se alimenta de algas microscópicas (diatomeas) y detritus.', 'Se distribuye en el Indo Pacífico y Pacífico Oriental, desde el este de África, Australia, Japón, Golfo de California, Panamá e Islas Galápagos.', 0, 'Se utiliza la carne.', '', '0', '0000-00-00 00:00:00', '0000-00-00 00:00:00'),
(297, 'Cirujano aleta amarilla', 'Yellowfin Surgeonfish', 'Acanthurus xanthopterus', 'Actinopterygii', 'Perciformes', 'Acanthuridae', 8, '', '', '', '', '', 'Línea de mano o cuerda, red agallera de fondo y palangre escamero (cimbra)', 0, '', 'Especie marina de hábitos costeros . Vive en arrecifes coralinos y rocosos. Se alimenta de algas microscópicas (diatomeas) y detritus.', 'Se distribuye en el Indo Pacífico y Pacífico Oriental, desde el este de África, Australia, Japón, Golfo de California, Panamá e Islas Galápagos.', 0, 'Se utiliza la carne.', '', '0', '0000-00-00 00:00:00', '0000-00-00 00:00:00'),
(298, 'Cirujano aleta amarilla', 'Yellowfin Surgeonfish', 'Acanthurus xanthopterus', 'Actinopterygii', 'Perciformes', 'Acanthuridae', 8, '', '', '', '', '', 'Línea de mano o cuerda, red agallera de fondo y palangre escamero (cimbra)', 0, '', 'Especie marina de hábitos costeros . Vive en arrecifes coralinos y rocosos. Se alimenta de algas microscópicas (diatomeas) y detritus.', 'Se distribuye en el Indo Pacífico y Pacífico Oriental, desde el este de África, Australia, Japón, Golfo de California, Panamá e Islas Galápagos.', 0, 'Se utiliza la carne.', '', '0', '0000-00-00 00:00:00', '0000-00-00 00:00:00'),
(299, 'Cirujano aleta amarilla', 'Yellowfin Surgeonfish', 'Acanthurus xanthopterus', 'Actinopterygii', 'Perciformes', 'Acanthuridae', 8, '', '', '', '', '', 'Línea de mano o cuerda, red agallera de fondo y palangre escamero (cimbra)', 0, '', 'Especie marina de hábitos costeros . Vive en arrecifes coralinos y rocosos. Se alimenta de algas microscópicas (diatomeas) y detritus.', 'Se distribuye en el Indo Pacífico y Pacífico Oriental, desde el este de África, Australia, Japón, Golfo de California, Panamá e Islas Galápagos.', 0, 'Se utiliza la carne.', '', '0', '0000-00-00 00:00:00', '0000-00-00 00:00:00'),
(300, 'Cirujano aleta amarilla', 'Yellowfin Surgeonfish', 'Acanthurus xanthopterus', 'Actinopterygii', 'Perciformes', 'Acanthuridae', 8, '', '', '', '', '', 'Línea de mano o cuerda, red agallera de fondo y palangre escamero (cimbra)', 0, '', 'Especie marina de hábitos costeros . Vive en arrecifes coralinos y rocosos. Se alimenta de algas microscópicas (diatomeas) y detritus.', 'Se distribuye en el Indo Pacífico y Pacífico Oriental, desde el este de África, Australia, Japón, Golfo de California, Panamá e Islas Galápagos.', 0, 'Se utiliza la carne.', '', '0', '0000-00-00 00:00:00', '0000-00-00 00:00:00'),
(301, 'Cirujano aleta amarilla', 'Yellowfin Surgeonfish', 'Acanthurus xanthopterus', 'Actinopterygii', 'Perciformes', 'Acanthuridae', 17, '', '', '', '', '', 'Línea de mano o cuerda, red agallera de fondo y palangre escamero (cimbra)', 0, '', 'Especie marina de hábitos costeros . Vive en arrecifes coralinos y rocosos. Se alimenta de algas microscópicas (diatomeas) y detritus.', 'Se distribuye en el Indo Pacífico y Pacífico Oriental, desde el este de África, Australia, Japón, Golfo de California, Panamá e Islas Galápagos.', 0, 'Se utiliza la carne.', '', '0', '0000-00-00 00:00:00', '0000-00-00 00:00:00'),
(302, 'Cirujano aleta amarilla', 'Yellowfin Surgeonfish', 'Acanthurus xanthopterus', 'Actinopterygii', 'Perciformes', 'Acanthuridae', 17, '', '', '', '', '', 'Línea de mano o cuerda, red agallera de fondo y palangre escamero (cimbra)', 0, '', 'Especie marina de hábitos costeros . Vive en arrecifes coralinos y rocosos. Se alimenta de algas microscópicas (diatomeas) y detritus.', 'Se distribuye en el Indo Pacífico y Pacífico Oriental, desde el este de África, Australia, Japón, Golfo de California, Panamá e Islas Galápagos.', 0, 'Se utiliza la carne.', '', '0', '0000-00-00 00:00:00', '0000-00-00 00:00:00'),
(303, 'Cirujano aleta amarilla', 'Yellowfin Surgeonfish', 'Acanthurus xanthopterus', 'Actinopterygii', 'Perciformes', 'Acanthuridae', 17, '', '', '', '', '', 'Línea de mano o cuerda, red agallera de fondo y palangre escamero (cimbra)', 0, '', 'Especie marina de hábitos costeros . Vive en arrecifes coralinos y rocosos. Se alimenta de algas microscópicas (diatomeas) y detritus.', 'Se distribuye en el Indo Pacífico y Pacífico Oriental, desde el este de África, Australia, Japón, Golfo de California, Panamá e Islas Galápagos.', 0, 'Se utiliza la carne.', '', '0', '0000-00-00 00:00:00', '0000-00-00 00:00:00'),
(304, 'Cirujano aleta amarilla', 'Yellowfin Surgeonfish', 'Acanthurus xanthopterus', 'Actinopterygii', 'Perciformes', 'Acanthuridae', 17, '', '', '', '', '', 'Línea de mano o cuerda, red agallera de fondo y palangre escamero (cimbra)', 0, '', 'Especie marina de hábitos costeros . Vive en arrecifes coralinos y rocosos. Se alimenta de algas microscópicas (diatomeas) y detritus.', 'Se distribuye en el Indo Pacífico y Pacífico Oriental, desde el este de África, Australia, Japón, Golfo de California, Panamá e Islas Galápagos.', 0, 'Se utiliza la carne.', '', '0', '0000-00-00 00:00:00', '0000-00-00 00:00:00'),
(305, 'Cirujano aleta amarilla', 'Yellowfin Surgeonfish', 'Acanthurus xanthopterus', 'Actinopterygii', 'Perciformes', 'Acanthuridae', 17, '', '', '', '', '', 'Línea de mano o cuerda, red agallera de fondo y palangre escamero (cimbra)', 0, '', 'Especie marina de hábitos costeros . Vive en arrecifes coralinos y rocosos. Se alimenta de algas microscópicas (diatomeas) y detritus.', 'Se distribuye en el Indo Pacífico y Pacífico Oriental, desde el este de África, Australia, Japón, Golfo de California, Panamá e Islas Galápagos.', 0, 'Se utiliza la carne.', '', '0', '0000-00-00 00:00:00', '0000-00-00 00:00:00'),
(306, 'Cirujano aleta amarilla', 'Yellowfin Surgeonfish', 'Acanthurus xanthopterus', 'Actinopterygii', 'Perciformes', 'Acanthuridae', 17, '', '', '', '', '', 'Línea de mano o cuerda, red agallera de fondo y palangre escamero (cimbra)', 3, '', 'Especie marina de hábitos costeros . Vive en arrecifes coralinos y rocosos. Se alimenta de algas microscópicas (diatomeas) y detritus.', 'Se distribuye en el Indo Pacífico y Pacífico Oriental, desde el este de África, Australia, Japón, Golfo de California, Panamá e Islas Galápagos.', 0, 'Se utiliza la carne.', '', '0', '0000-00-00 00:00:00', '0000-00-00 00:00:00'),
(307, 'Cirujano aleta amarilla', 'Yellowfin Surgeonfish', 'Acanthurus xanthopterus', 'Actinopterygii', 'Perciformes', 'Acanthuridae', 17, '', '', '', '', '', 'Línea de mano o cuerda, red agallera de fondo y palangre escamero (cimbra)', 0, '', 'Especie marina de hábitos costeros . Vive en arrecifes coralinos y rocosos. Se alimenta de algas microscópicas (diatomeas) y detritus.', 'Se distribuye en el Indo Pacífico y Pacífico Oriental, desde el este de África, Australia, Japón, Golfo de California, Panamá e Islas Galápagos.', 0, 'Se utiliza la carne.', '', '0', '0000-00-00 00:00:00', '0000-00-00 00:00:00'),
(308, 'Cirujano aleta amarilla', 'Yellowfin Surgeonfish', 'Acanthurus xanthopterus', 'Actinopterygii', 'Perciformes', 'Acanthuridae', 17, '', '', '', '', '', 'Línea de mano o cuerda, red agallera de fondo y palangre escamero (cimbra)', 0, '', 'Especie marina de hábitos costeros . Vive en arrecifes coralinos y rocosos. Se alimenta de algas microscópicas (diatomeas) y detritus.', 'Se distribuye en el Indo Pacífico y Pacífico Oriental, desde el este de África, Australia, Japón, Golfo de California, Panamá e Islas Galápagos.', 0, 'Se utiliza la carne.', '', '0', '0000-00-00 00:00:00', '0000-00-00 00:00:00'),
(309, 'Cirujano aleta amarilla', 'Yellowfin Surgeonfish', 'Acanthurus xanthopterus', 'Actinopterygii', 'Perciformes', 'Acanthuridae', 17, '', '', '', '', '', 'Línea de mano o cuerda, red agallera de fondo y palangre escamero (cimbra)', 0, '', 'Especie marina de hábitos costeros . Vive en arrecifes coralinos y rocosos. Se alimenta de algas microscópicas (diatomeas) y detritus.', 'Se distribuye en el Indo Pacífico y Pacífico Oriental, desde el este de África, Australia, Japón, Golfo de California, Panamá e Islas Galápagos.', 0, 'Se utiliza la carne.', '', '0', '0000-00-00 00:00:00', '0000-00-00 00:00:00'),
(310, 'Cirujano aleta amarilla', 'Yellowfin Surgeonfish', 'Acanthurus xanthopterus', 'Actinopterygii', 'Perciformes', 'Acanthuridae', 17, '', '', '', '', '', 'Línea de mano o cuerda, red agallera de fondo y palangre escamero (cimbra)', 0, '', 'Especie marina de hábitos costeros . Vive en arrecifes coralinos y rocosos. Se alimenta de algas microscópicas (diatomeas) y detritus.', 'Se distribuye en el Indo Pacífico y Pacífico Oriental, desde el este de África, Australia, Japón, Golfo de California, Panamá e Islas Galápagos.', 0, 'Se utiliza la carne.', '', '0', '0000-00-00 00:00:00', '0000-00-00 00:00:00'),
(311, 'Cirujano aleta amarilla', 'Yellowfin Surgeonfish', 'Acanthurus xanthopterus', 'Actinopterygii', 'Perciformes', 'Acanthuridae', 17, '', '', '', '', '', 'Línea de mano o cuerda, red agallera de fondo y palangre escamero (cimbra)', 0, '', 'Especie marina de hábitos costeros . Vive en arrecifes coralinos y rocosos. Se alimenta de algas microscópicas (diatomeas) y detritus.', 'Se distribuye en el Indo Pacífico y Pacífico Oriental, desde el este de África, Australia, Japón, Golfo de California, Panamá e Islas Galápagos.', 0, 'Se utiliza la carne.', '', '0', '0000-00-00 00:00:00', '0000-00-00 00:00:00'),
(312, 'Cirujano aleta amarilla', 'Yellowfin Surgeonfish', 'Acanthurus xanthopterus', 'Actinopterygii', 'Perciformes', 'Acanthuridae', 33, '', '', '', '', '', 'Línea de mano o cuerda, red agallera de fondo y palangre escamero (cimbra)', 0, '', 'Especie marina de hábitos costeros . Vive en arrecifes coralinos y rocosos. Se alimenta de algas microscópicas (diatomeas) y detritus.', 'Se distribuye en el Indo Pacífico y Pacífico Oriental, desde el este de África, Australia, Japón, Golfo de California, Panamá e Islas Galápagos.', 0, 'Se utiliza la carne.', '', '0', '0000-00-00 00:00:00', '0000-00-00 00:00:00'),
(313, 'Cirujano aleta amarilla', 'Yellowfin Surgeonfish', 'Acanthurus xanthopterus', 'Actinopterygii', 'Perciformes', 'Acanthuridae', 33, '', '', '', '', '', 'Línea de mano o cuerda, red agallera de fondo y palangre escamero (cimbra)', 0, '', 'Especie marina de hábitos costeros . Vive en arrecifes coralinos y rocosos. Se alimenta de algas microscópicas (diatomeas) y detritus.', 'Se distribuye en el Indo Pacífico y Pacífico Oriental, desde el este de África, Australia, Japón, Golfo de California, Panamá e Islas Galápagos.', 0, 'Se utiliza la carne.', '', '0', '0000-00-00 00:00:00', '0000-00-00 00:00:00'),
(314, 'Cirujano aleta amarilla', 'Yellowfin Surgeonfish', 'Acanthurus xanthopterus', 'Actinopterygii', 'Perciformes', 'Acanthuridae', 33, '', '', '', '', '', 'Línea de mano o cuerda, red agallera de fondo y palangre escamero (cimbra)', 0, '', 'Especie marina de hábitos costeros . Vive en arrecifes coralinos y rocosos. Se alimenta de algas microscópicas (diatomeas) y detritus.', 'Se distribuye en el Indo Pacífico y Pacífico Oriental, desde el este de África, Australia, Japón, Golfo de California, Panamá e Islas Galápagos.', 0, 'Se utiliza la carne.', '', '0', '0000-00-00 00:00:00', '0000-00-00 00:00:00'),
(315, 'Cirujano aleta amarilla', 'Yellowfin Surgeonfish', 'Acanthurus xanthopterus', 'Actinopterygii', 'Perciformes', 'Acanthuridae', 33, '', '', '', '', '', 'Línea de mano o cuerda, red agallera de fondo y palangre escamero (cimbra)', 0, '', 'Especie marina de hábitos costeros . Vive en arrecifes coralinos y rocosos. Se alimenta de algas microscópicas (diatomeas) y detritus.', 'Se distribuye en el Indo Pacífico y Pacífico Oriental, desde el este de África, Australia, Japón, Golfo de California, Panamá e Islas Galápagos.', 0, 'Se utiliza la carne.', '', '0', '0000-00-00 00:00:00', '0000-00-00 00:00:00'),
(316, 'Cirujano aleta amarilla', 'Yellowfin Surgeonfish', 'Acanthurus xanthopterus', 'Actinopterygii', 'Perciformes', 'Acanthuridae', 33, '', '', '', '', '', 'Línea de mano o cuerda, red agallera de fondo y palangre escamero (cimbra)', 0, '', 'Especie marina de hábitos costeros . Vive en arrecifes coralinos y rocosos. Se alimenta de algas microscópicas (diatomeas) y detritus.', 'Se distribuye en el Indo Pacífico y Pacífico Oriental, desde el este de África, Australia, Japón, Golfo de California, Panamá e Islas Galápagos.', 0, 'Se utiliza la carne.', '', '0', '0000-00-00 00:00:00', '0000-00-00 00:00:00'),
(317, 'Cirujano aleta amarilla', 'Yellowfin Surgeonfish', 'Acanthurus xanthopterus', 'Actinopterygii', 'Perciformes', 'Acanthuridae', 33, '', '', '', '', '', 'Línea de mano o cuerda, red agallera de fondo y palangre escamero (cimbra)', 0, '', 'Especie marina de hábitos costeros . Vive en arrecifes coralinos y rocosos. Se alimenta de algas microscópicas (diatomeas) y detritus.', 'Se distribuye en el Indo Pacífico y Pacífico Oriental, desde el este de África, Australia, Japón, Golfo de California, Panamá e Islas Galápagos.', 0, 'Se utiliza la carne.', '', '0', '0000-00-00 00:00:00', '0000-00-00 00:00:00'),
(318, 'Cirujano aleta amarilla', 'Yellowfin Surgeonfish', 'Acanthurus xanthopterus', 'Actinopterygii', 'Perciformes', 'Acanthuridae', 33, '', '', '', '', '', 'Línea de mano o cuerda, red agallera de fondo y palangre escamero (cimbra)', 0, '', 'Especie marina de hábitos costeros . Vive en arrecifes coralinos y rocosos. Se alimenta de algas microscópicas (diatomeas) y detritus.', 'Se distribuye en el Indo Pacífico y Pacífico Oriental, desde el este de África, Australia, Japón, Golfo de California, Panamá e Islas Galápagos.', 0, 'Se utiliza la carne.', '', '0', '0000-00-00 00:00:00', '0000-00-00 00:00:00'),
(319, 'Cirujano aleta amarilla', 'Yellowfin Surgeonfish', 'Acanthurus xanthopterus', 'Actinopterygii', 'Perciformes', 'Acanthuridae', 33, '', '', '', '', '', 'Línea de mano o cuerda, red agallera de fondo y palangre escamero (cimbra)', 0, '', 'Especie marina de hábitos costeros . Vive en arrecifes coralinos y rocosos. Se alimenta de algas microscópicas (diatomeas) y detritus.', 'Se distribuye en el Indo Pacífico y Pacífico Oriental, desde el este de África, Australia, Japón, Golfo de California, Panamá e Islas Galápagos.', 0, 'Se utiliza la carne.', '', '0', '0000-00-00 00:00:00', '0000-00-00 00:00:00'),
(320, 'Cirujano aleta amarilla', 'Yellowfin Surgeonfish', 'Acanthurus xanthopterus', 'Actinopterygii', 'Perciformes', 'Acanthuridae', 33, '', '', '', '', '', 'Línea de mano o cuerda, red agallera de fondo y palangre escamero (cimbra)', 0, '', 'Especie marina de hábitos costeros . Vive en arrecifes coralinos y rocosos. Se alimenta de algas microscópicas (diatomeas) y detritus.', 'Se distribuye en el Indo Pacífico y Pacífico Oriental, desde el este de África, Australia, Japón, Golfo de California, Panamá e Islas Galápagos.', 0, 'Se utiliza la carne.', '', '0', '0000-00-00 00:00:00', '0000-00-00 00:00:00');
INSERT INTO `peces` (`especie_id`, `nombre_comun`, `nombre_ingles`, `nombre_cientifico`, `clase`, `orden`, `familia`, `grupo_id`, `nacional_importado`, `tipo_imagen`, `imagen`, `triptico`, `talla_captura`, `arte_pesca`, `tipo_veda_id`, `veda`, `generalidades`, `descripcion_distribucion`, `cultivado_capturado`, `comercio`, `pais_importacion`, `html`, `fecha_creacion`, `fecha_actualizacion`) VALUES
(321, 'Cirujano aleta amarilla', 'Yellowfin Surgeonfish', 'Acanthurus xanthopterus', 'Actinopterygii', 'Perciformes', 'Acanthuridae', 33, '', '', '', '', '', 'Línea de mano o cuerda, red agallera de fondo y palangre escamero (cimbra)', 0, '', 'Especie marina de hábitos costeros . Vive en arrecifes coralinos y rocosos. Se alimenta de algas microscópicas (diatomeas) y detritus.', 'Se distribuye en el Indo Pacífico y Pacífico Oriental, desde el este de África, Australia, Japón, Golfo de California, Panamá e Islas Galápagos.', 0, 'Se utiliza la carne.', '', '0', '0000-00-00 00:00:00', '0000-00-00 00:00:00'),
(322, 'Cirujano aleta amarilla', 'Yellowfin Surgeonfish', 'Acanthurus xanthopterus', 'Actinopterygii', 'Perciformes', 'Acanthuridae', 33, '', '', '', '', '', 'Línea de mano o cuerda, red agallera de fondo y palangre escamero (cimbra)', 0, '', 'Especie marina de hábitos costeros . Vive en arrecifes coralinos y rocosos. Se alimenta de algas microscópicas (diatomeas) y detritus.', 'Se distribuye en el Indo Pacífico y Pacífico Oriental, desde el este de África, Australia, Japón, Golfo de California, Panamá e Islas Galápagos.', 0, 'Se utiliza la carne.', '', '0', '0000-00-00 00:00:00', '0000-00-00 00:00:00'),
(323, 'Cirujano aleta amarilla', 'Yellowfin Surgeonfish', 'Acanthurus xanthopterus', 'Actinopterygii', 'Perciformes', 'Acanthuridae', 0, '', '', '', '', '', 'Línea de mano o cuerda, red agallera de fondo y palangre escamero (cimbra)', 0, '', 'Especie marina de hábitos costeros . Vive en arrecifes coralinos y rocosos. Se alimenta de algas microscópicas (diatomeas) y detritus.', 'Se distribuye en el Indo Pacífico y Pacífico Oriental, desde el este de África, Australia, Japón, Golfo de California, Panamá e Islas Galápagos.', 0, 'Se utiliza la carne.', '', '0', '0000-00-00 00:00:00', '0000-00-00 00:00:00'),
(324, 'Cirujano aleta amarilla', 'Yellowfin Surgeonfish', 'Acanthurus xanthopterus', 'Actinopterygii', 'Perciformes', 'Acanthuridae', 0, '', '', '', '', '', 'Línea de mano o cuerda, red agallera de fondo y palangre escamero (cimbra)', 0, '', 'Especie marina de hábitos costeros . Vive en arrecifes coralinos y rocosos. Se alimenta de algas microscópicas (diatomeas) y detritus.', 'Se distribuye en el Indo Pacífico y Pacífico Oriental, desde el este de África, Australia, Japón, Golfo de California, Panamá e Islas Galápagos.', 0, 'Se utiliza la carne.', '', '0', '0000-00-00 00:00:00', '0000-00-00 00:00:00'),
(325, 'Cirujano aleta amarilla', 'Yellowfin Surgeonfish', 'Acanthurus xanthopterus', 'Actinopterygii', 'Perciformes', 'Acanthuridae', 0, '', '', '', '', '', 'Línea de mano o cuerda, red agallera de fondo y palangre escamero (cimbra)', 0, '', 'Especie marina de hábitos costeros . Vive en arrecifes coralinos y rocosos. Se alimenta de algas microscópicas (diatomeas) y detritus.', 'Se distribuye en el Indo Pacífico y Pacífico Oriental, desde el este de África, Australia, Japón, Golfo de California, Panamá e Islas Galápagos.', 0, 'Se utiliza la carne.', '', '0', '0000-00-00 00:00:00', '0000-00-00 00:00:00'),
(326, 'Cirujano aleta amarilla', 'Yellowfin Surgeonfish', 'Acanthurus xanthopterus', 'Actinopterygii', 'Perciformes', 'Acanthuridae', 0, '', '', '', '', '', 'Línea de mano o cuerda, red agallera de fondo y palangre escamero (cimbra)', 0, '', 'Especie marina de hábitos costeros . Vive en arrecifes coralinos y rocosos. Se alimenta de algas microscópicas (diatomeas) y detritus.', 'Se distribuye en el Indo Pacífico y Pacífico Oriental, desde el este de África, Australia, Japón, Golfo de California, Panamá e Islas Galápagos.', 0, 'Se utiliza la carne.', '', '0', '0000-00-00 00:00:00', '0000-00-00 00:00:00'),
(327, 'Cirujano aleta amarilla', 'Yellowfin Surgeonfish', 'Acanthurus xanthopterus', 'Actinopterygii', 'Perciformes', 'Acanthuridae', 0, '', '', '', '', '', 'Línea de mano o cuerda, red agallera de fondo y palangre escamero (cimbra)', 0, '', 'Especie marina de hábitos costeros . Vive en arrecifes coralinos y rocosos. Se alimenta de algas microscópicas (diatomeas) y detritus.', 'Se distribuye en el Indo Pacífico y Pacífico Oriental, desde el este de África, Australia, Japón, Golfo de California, Panamá e Islas Galápagos.', 0, 'Se utiliza la carne.', '', '0', '0000-00-00 00:00:00', '0000-00-00 00:00:00'),
(328, 'Cirujano aleta amarilla', 'Yellowfin Surgeonfish', 'Acanthurus xanthopterus', 'Actinopterygii', 'Perciformes', 'Acanthuridae', 0, '', '', '', '', '', 'Línea de mano o cuerda, red agallera de fondo y palangre escamero (cimbra)', 1, '', 'Especie marina de hábitos costeros . Vive en arrecifes coralinos y rocosos. Se alimenta de algas microscópicas (diatomeas) y detritus.', 'Se distribuye en el Indo Pacífico y Pacífico Oriental, desde el este de África, Australia, Japón, Golfo de California, Panamá e Islas Galápagos.', 0, 'Se utiliza la carne.', '', '0', '0000-00-00 00:00:00', '0000-00-00 00:00:00'),
(329, 'Cirujano aleta amarilla', 'Yellowfin Surgeonfish', 'Acanthurus xanthopterus', 'Actinopterygii', 'Perciformes', 'Acanthuridae', 0, '', '', '', '', '', 'Línea de mano o cuerda, red agallera de fondo y palangre escamero (cimbra)', 0, '', 'Especie marina de hábitos costeros . Vive en arrecifes coralinos y rocosos. Se alimenta de algas microscópicas (diatomeas) y detritus.', 'Se distribuye en el Indo Pacífico y Pacífico Oriental, desde el este de África, Australia, Japón, Golfo de California, Panamá e Islas Galápagos.', 0, 'Se utiliza la carne.', '', '0', '0000-00-00 00:00:00', '0000-00-00 00:00:00'),
(330, 'Cirujano aleta amarilla', 'Yellowfin Surgeonfish', 'Acanthurus xanthopterus', 'Actinopterygii', 'Perciformes', 'Acanthuridae', 0, '', '', '', '', '', 'Línea de mano o cuerda, red agallera de fondo y palangre escamero (cimbra)', 3, '', 'Especie marina de hábitos costeros . Vive en arrecifes coralinos y rocosos. Se alimenta de algas microscópicas (diatomeas) y detritus.', 'Se distribuye en el Indo Pacífico y Pacífico Oriental, desde el este de África, Australia, Japón, Golfo de California, Panamá e Islas Galápagos.', 0, 'Se utiliza la carne.', '', '0', '0000-00-00 00:00:00', '0000-00-00 00:00:00'),
(331, 'Cirujano aleta amarilla', 'Yellowfin Surgeonfish', 'Acanthurus xanthopterus', 'Actinopterygii', 'Perciformes', 'Acanthuridae', 0, '', '', '', '', '', 'Línea de mano o cuerda, red agallera de fondo y palangre escamero (cimbra)', 3, '', 'Especie marina de hábitos costeros . Vive en arrecifes coralinos y rocosos. Se alimenta de algas microscópicas (diatomeas) y detritus.', 'Se distribuye en el Indo Pacífico y Pacífico Oriental, desde el este de África, Australia, Japón, Golfo de California, Panamá e Islas Galápagos.', 0, 'Se utiliza la carne.', '', '0', '0000-00-00 00:00:00', '0000-00-00 00:00:00'),
(332, 'Cirujano aleta amarilla', 'Yellowfin Surgeonfish', 'Acanthurus xanthopterus', 'Actinopterygii', 'Perciformes', 'Acanthuridae', 0, '', '', '', '', '', 'Línea de mano o cuerda, red agallera de fondo y palangre escamero (cimbra)', 3, '', 'Especie marina de hábitos costeros . Vive en arrecifes coralinos y rocosos. Se alimenta de algas microscópicas (diatomeas) y detritus.', 'Se distribuye en el Indo Pacífico y Pacífico Oriental, desde el este de África, Australia, Japón, Golfo de California, Panamá e Islas Galápagos.', 0, 'Se utiliza la carne.', '', '0', '0000-00-00 00:00:00', '0000-00-00 00:00:00'),
(333, 'Cirujano aleta amarilla', 'Yellowfin Surgeonfish', 'Acanthurus xanthopterus', 'Actinopterygii', 'Perciformes', 'Acanthuridae', 0, '', '', '', '', '', 'Línea de mano o cuerda, red agallera de fondo y palangre escamero (cimbra)', 3, '', 'Especie marina de hábitos costeros . Vive en arrecifes coralinos y rocosos. Se alimenta de algas microscópicas (diatomeas) y detritus.', 'Se distribuye en el Indo Pacífico y Pacífico Oriental, desde el este de África, Australia, Japón, Golfo de California, Panamá e Islas Galápagos.', 0, 'Se utiliza la carne.', '', '0', '0000-00-00 00:00:00', '0000-00-00 00:00:00'),
(334, 'Cirujano aleta amarilla', 'Yellowfin Surgeonfish', 'Acanthurus xanthopterus', 'Actinopterygii', 'Perciformes', 'Acanthuridae', 7, '', '', '', '', '', 'Línea de mano o cuerda, red agallera de fondo y palangre escamero (cimbra)', 0, '', 'Especie marina de hábitos costeros . Vive en arrecifes coralinos y rocosos. Se alimenta de algas microscópicas (diatomeas) y detritus.', 'Se distribuye en el Indo Pacífico y Pacífico Oriental, desde el este de África, Australia, Japón, Golfo de California, Panamá e Islas Galápagos.', 0, 'Se utiliza la carne.', '', '0', '0000-00-00 00:00:00', '0000-00-00 00:00:00'),
(335, 'Cirujano aleta amarilla', 'Yellowfin Surgeonfish', 'Acanthurus xanthopterus', 'Actinopterygii', 'Perciformes', 'Acanthuridae', 7, '', '', '', '', '', 'Línea de mano o cuerda, red agallera de fondo y palangre escamero (cimbra)', 3, '', 'Especie marina de hábitos costeros . Vive en arrecifes coralinos y rocosos. Se alimenta de algas microscópicas (diatomeas) y detritus.', 'Se distribuye en el Indo Pacífico y Pacífico Oriental, desde el este de África, Australia, Japón, Golfo de California, Panamá e Islas Galápagos.', 0, 'Se utiliza la carne.', '', '0', '0000-00-00 00:00:00', '0000-00-00 00:00:00'),
(336, 'Cirujano aleta amarilla', 'Yellowfin Surgeonfish', 'Acanthurus xanthopterus', 'Actinopterygii', 'Perciformes', 'Acanthuridae', 10, '', '', '', '', '', 'Línea de mano o cuerda, red agallera de fondo y palangre escamero (cimbra)', 0, '', 'Especie marina de hábitos costeros . Vive en arrecifes coralinos y rocosos. Se alimenta de algas microscópicas (diatomeas) y detritus.', 'Se distribuye en el Indo Pacífico y Pacífico Oriental, desde el este de África, Australia, Japón, Golfo de California, Panamá e Islas Galápagos.', 0, 'Se utiliza la carne.', '', '0', '0000-00-00 00:00:00', '0000-00-00 00:00:00'),
(337, 'Cirujano aleta amarilla', 'Yellowfin Surgeonfish', 'Acanthurus xanthopterus', 'Actinopterygii', 'Perciformes', 'Acanthuridae', 24, '', '', '', '', '', 'Línea de mano o cuerda, red agallera de fondo y palangre escamero (cimbra)', 0, '', 'Especie marina de hábitos costeros . Vive en arrecifes coralinos y rocosos. Se alimenta de algas microscópicas (diatomeas) y detritus.', 'Se distribuye en el Indo Pacífico y Pacífico Oriental, desde el este de África, Australia, Japón, Golfo de California, Panamá e Islas Galápagos.', 0, 'Se utiliza la carne.', '', '0', '0000-00-00 00:00:00', '0000-00-00 00:00:00'),
(338, 'Cirujano aleta amarilla', 'Yellowfin Surgeonfish', 'Acanthurus xanthopterus', 'Actinopterygii', 'Perciformes', 'Acanthuridae', 24, '', '', '', '', '', 'Línea de mano o cuerda, red agallera de fondo y palangre escamero (cimbra)', 0, '', 'Especie marina de hábitos costeros . Vive en arrecifes coralinos y rocosos. Se alimenta de algas microscópicas (diatomeas) y detritus.', 'Se distribuye en el Indo Pacífico y Pacífico Oriental, desde el este de África, Australia, Japón, Golfo de California, Panamá e Islas Galápagos.', 0, 'Se utiliza la carne.', '', '0', '0000-00-00 00:00:00', '0000-00-00 00:00:00'),
(339, 'Cirujano aleta amarilla', 'Yellowfin Surgeonfish', 'Acanthurus xanthopterus', 'Actinopterygii', 'Perciformes', 'Acanthuridae', 24, '', '', '', '', '', 'Línea de mano o cuerda, red agallera de fondo y palangre escamero (cimbra)', 0, '', 'Especie marina de hábitos costeros . Vive en arrecifes coralinos y rocosos. Se alimenta de algas microscópicas (diatomeas) y detritus.', 'Se distribuye en el Indo Pacífico y Pacífico Oriental, desde el este de África, Australia, Japón, Golfo de California, Panamá e Islas Galápagos.', 0, 'Se utiliza la carne.', '', '0', '0000-00-00 00:00:00', '0000-00-00 00:00:00'),
(340, 'Cirujano aleta amarilla', 'Yellowfin Surgeonfish', 'Acanthurus xanthopterus', 'Actinopterygii', 'Perciformes', 'Acanthuridae', 24, '', '', '', '', '', 'Línea de mano o cuerda, red agallera de fondo y palangre escamero (cimbra)', 0, '', 'Especie marina de hábitos costeros . Vive en arrecifes coralinos y rocosos. Se alimenta de algas microscópicas (diatomeas) y detritus.', 'Se distribuye en el Indo Pacífico y Pacífico Oriental, desde el este de África, Australia, Japón, Golfo de California, Panamá e Islas Galápagos.', 0, 'Se utiliza la carne.', '', '0', '0000-00-00 00:00:00', '0000-00-00 00:00:00'),
(341, 'Cirujano aleta amarilla', 'Yellowfin Surgeonfish', 'Acanthurus xanthopterus', 'Actinopterygii', 'Perciformes', 'Acanthuridae', 29, '', '', '', '', '', 'Línea de mano o cuerda, red agallera de fondo y palangre escamero (cimbra)', 0, '', 'Especie marina de hábitos costeros . Vive en arrecifes coralinos y rocosos. Se alimenta de algas microscópicas (diatomeas) y detritus.', 'Se distribuye en el Indo Pacífico y Pacífico Oriental, desde el este de África, Australia, Japón, Golfo de California, Panamá e Islas Galápagos.', 0, 'Se utiliza la carne.', '', '0', '0000-00-00 00:00:00', '0000-00-00 00:00:00'),
(342, 'Cirujano aleta amarilla', 'Yellowfin Surgeonfish', 'Acanthurus xanthopterus', 'Actinopterygii', 'Perciformes', 'Acanthuridae', 10, '', '', '', '', '', 'Línea de mano o cuerda, red agallera de fondo y palangre escamero (cimbra)', 0, '', 'Especie marina de hábitos costeros . Vive en arrecifes coralinos y rocosos. Se alimenta de algas microscópicas (diatomeas) y detritus.', 'Se distribuye en el Indo Pacífico y Pacífico Oriental, desde el este de África, Australia, Japón, Golfo de California, Panamá e Islas Galápagos.', 0, 'Se utiliza la carne.', '', '0', '0000-00-00 00:00:00', '0000-00-00 00:00:00'),
(343, 'Cirujano aleta amarilla', 'Yellowfin Surgeonfish', 'Acanthurus xanthopterus', 'Actinopterygii', 'Perciformes', 'Acanthuridae', 33, '', '', '', '', '', 'Línea de mano o cuerda, red agallera de fondo y palangre escamero (cimbra)', 0, '', 'Especie marina de hábitos costeros . Vive en arrecifes coralinos y rocosos. Se alimenta de algas microscópicas (diatomeas) y detritus.', 'Se distribuye en el Indo Pacífico y Pacífico Oriental, desde el este de África, Australia, Japón, Golfo de California, Panamá e Islas Galápagos.', 0, 'Se utiliza la carne.', '', '0', '0000-00-00 00:00:00', '0000-00-00 00:00:00'),
(344, 'Cirujano aleta amarilla', 'Yellowfin Surgeonfish', 'Acanthurus xanthopterus', 'Actinopterygii', 'Perciformes', 'Acanthuridae', 33, '', '', '', '', '', 'Línea de mano o cuerda, red agallera de fondo y palangre escamero (cimbra)', 0, '', 'Especie marina de hábitos costeros . Vive en arrecifes coralinos y rocosos. Se alimenta de algas microscópicas (diatomeas) y detritus.', 'Se distribuye en el Indo Pacífico y Pacífico Oriental, desde el este de África, Australia, Japón, Golfo de California, Panamá e Islas Galápagos.', 0, 'Se utiliza la carne.', '', '0', '0000-00-00 00:00:00', '0000-00-00 00:00:00'),
(345, 'Cirujano aleta amarilla', 'Yellowfin Surgeonfish', 'Acanthurus xanthopterus', 'Actinopterygii', 'Perciformes', 'Acanthuridae', 38, '', '', '', '', '', 'Línea de mano o cuerda, red agallera de fondo y palangre escamero (cimbra)', 0, '', 'Especie marina de hábitos costeros . Vive en arrecifes coralinos y rocosos. Se alimenta de algas microscópicas (diatomeas) y detritus.', 'Se distribuye en el Indo Pacífico y Pacífico Oriental, desde el este de África, Australia, Japón, Golfo de California, Panamá e Islas Galápagos.', 0, 'Se utiliza la carne.', '', '0', '0000-00-00 00:00:00', '0000-00-00 00:00:00'),
(346, 'Cirujano aleta amarilla', 'Yellowfin Surgeonfish', 'Acanthurus xanthopterus', 'Actinopterygii', 'Perciformes', 'Acanthuridae', 47, '', '', '', '', '', 'Línea de mano o cuerda, red agallera de fondo y palangre escamero (cimbra)', 0, '', 'Especie marina de hábitos costeros . Vive en arrecifes coralinos y rocosos. Se alimenta de algas microscópicas (diatomeas) y detritus.', 'Se distribuye en el Indo Pacífico y Pacífico Oriental, desde el este de África, Australia, Japón, Golfo de California, Panamá e Islas Galápagos.', 0, 'Se utiliza la carne.', '', '0', '0000-00-00 00:00:00', '0000-00-00 00:00:00'),
(347, 'Cirujano aleta amarilla', 'Yellowfin Surgeonfish', 'Acanthurus xanthopterus', 'Actinopterygii', 'Perciformes', 'Acanthuridae', 47, '', '', '', '', '', 'Línea de mano o cuerda, red agallera de fondo y palangre escamero (cimbra)', 0, '', 'Especie marina de hábitos costeros . Vive en arrecifes coralinos y rocosos. Se alimenta de algas microscópicas (diatomeas) y detritus.', 'Se distribuye en el Indo Pacífico y Pacífico Oriental, desde el este de África, Australia, Japón, Golfo de California, Panamá e Islas Galápagos.', 0, 'Se utiliza la carne.', '', '0', '0000-00-00 00:00:00', '0000-00-00 00:00:00'),
(348, 'Cirujano aleta amarilla', 'Yellowfin Surgeonfish', 'Acanthurus xanthopterus', 'Actinopterygii', 'Perciformes', 'Acanthuridae', 47, '', '', '', '', '', 'Línea de mano o cuerda, red agallera de fondo y palangre escamero (cimbra)', 0, '', 'Especie marina de hábitos costeros . Vive en arrecifes coralinos y rocosos. Se alimenta de algas microscópicas (diatomeas) y detritus.', 'Se distribuye en el Indo Pacífico y Pacífico Oriental, desde el este de África, Australia, Japón, Golfo de California, Panamá e Islas Galápagos.', 0, 'Se utiliza la carne.', '', '0', '0000-00-00 00:00:00', '0000-00-00 00:00:00'),
(349, 'Cirujano aleta amarilla', 'Yellowfin Surgeonfish', 'Acanthurus xanthopterus', 'Actinopterygii', 'Perciformes', 'Acanthuridae', 0, '', '', '', '', '', 'Línea de mano o cuerda, red agallera de fondo y palangre escamero (cimbra)', 0, '', 'Especie marina de hábitos costeros . Vive en arrecifes coralinos y rocosos. Se alimenta de algas microscópicas (diatomeas) y detritus.', 'Se distribuye en el Indo Pacífico y Pacífico Oriental, desde el este de África, Australia, Japón, Golfo de California, Panamá e Islas Galápagos.', 0, 'Se utiliza la carne.', '', '0', '0000-00-00 00:00:00', '0000-00-00 00:00:00'),
(350, 'Cirujano aleta amarilla', 'Yellowfin Surgeonfish', 'Acanthurus xanthopterus', 'Actinopterygii', 'Perciformes', 'Acanthuridae', 0, '', '', '', '', '', 'Línea de mano o cuerda, red agallera de fondo y palangre escamero (cimbra)', 0, '', 'Especie marina de hábitos costeros . Vive en arrecifes coralinos y rocosos. Se alimenta de algas microscópicas (diatomeas) y detritus.', 'Se distribuye en el Indo Pacífico y Pacífico Oriental, desde el este de África, Australia, Japón, Golfo de California, Panamá e Islas Galápagos.', 0, 'Se utiliza la carne.', '', '0', '0000-00-00 00:00:00', '0000-00-00 00:00:00'),
(351, 'Cirujano aleta amarilla', 'Yellowfin Surgeonfish', 'Acanthurus xanthopterus', 'Actinopterygii', 'Perciformes', 'Acanthuridae', 0, '', '', '', '', '', 'Línea de mano o cuerda, red agallera de fondo y palangre escamero (cimbra)', 0, '', 'Especie marina de hábitos costeros . Vive en arrecifes coralinos y rocosos. Se alimenta de algas microscópicas (diatomeas) y detritus.', 'Se distribuye en el Indo Pacífico y Pacífico Oriental, desde el este de África, Australia, Japón, Golfo de California, Panamá e Islas Galápagos.', 0, 'Se utiliza la carne.', '', '0', '0000-00-00 00:00:00', '0000-00-00 00:00:00'),
(352, 'Cirujano aleta amarilla', 'Yellowfin Surgeonfish', 'Acanthurus xanthopterus', 'Actinopterygii', 'Perciformes', 'Acanthuridae', 0, '', '', '', '', '', 'Línea de mano o cuerda, red agallera de fondo y palangre escamero (cimbra)', 0, '', 'Especie marina de hábitos costeros . Vive en arrecifes coralinos y rocosos. Se alimenta de algas microscópicas (diatomeas) y detritus.', 'Se distribuye en el Indo Pacífico y Pacífico Oriental, desde el este de África, Australia, Japón, Golfo de California, Panamá e Islas Galápagos.', 0, 'Se utiliza la carne.', '', '0', '0000-00-00 00:00:00', '0000-00-00 00:00:00'),
(353, 'Cirujano aleta amarilla', 'Yellowfin Surgeonfish', 'Acanthurus xanthopterus', 'Actinopterygii', 'Perciformes', 'Acanthuridae', 0, '', '', '', '', '', 'Línea de mano o cuerda, red agallera de fondo y palangre escamero (cimbra)', 0, '', 'Especie marina de hábitos costeros . Vive en arrecifes coralinos y rocosos. Se alimenta de algas microscópicas (diatomeas) y detritus.', 'Se distribuye en el Indo Pacífico y Pacífico Oriental, desde el este de África, Australia, Japón, Golfo de California, Panamá e Islas Galápagos.', 0, 'Se utiliza la carne.', '', '0', '0000-00-00 00:00:00', '0000-00-00 00:00:00'),
(354, 'Cirujano aleta amarilla', 'Yellowfin Surgeonfish', 'Acanthurus xanthopterus', 'Actinopterygii', 'Perciformes', 'Acanthuridae', 33, '', '', '', '', '', 'Línea de mano o cuerda, red agallera de fondo y palangre escamero (cimbra)', 0, '', 'Especie marina de hábitos costeros . Vive en arrecifes coralinos y rocosos. Se alimenta de algas microscópicas (diatomeas) y detritus.', 'Se distribuye en el Indo Pacífico y Pacífico Oriental, desde el este de África, Australia, Japón, Golfo de California, Panamá e Islas Galápagos.', 0, 'Se utiliza la carne.', '', '0', '0000-00-00 00:00:00', '0000-00-00 00:00:00'),
(355, 'Cirujano aleta amarilla', 'Yellowfin Surgeonfish', 'Acanthurus xanthopterus', 'Actinopterygii', 'Perciformes', 'Acanthuridae', 33, '', '', '', '', '', 'Línea de mano o cuerda, red agallera de fondo y palangre escamero (cimbra)', 0, '', 'Especie marina de hábitos costeros . Vive en arrecifes coralinos y rocosos. Se alimenta de algas microscópicas (diatomeas) y detritus.', 'Se distribuye en el Indo Pacífico y Pacífico Oriental, desde el este de África, Australia, Japón, Golfo de California, Panamá e Islas Galápagos.', 0, 'Se utiliza la carne.', '', '0', '0000-00-00 00:00:00', '0000-00-00 00:00:00'),
(356, 'Cirujano aleta amarilla', 'Yellowfin Surgeonfish', 'Acanthurus xanthopterus', 'Actinopterygii', 'Perciformes', 'Acanthuridae', 33, '', '', '', '', '', 'Línea de mano o cuerda, red agallera de fondo y palangre escamero (cimbra)', 0, '', 'Especie marina de hábitos costeros . Vive en arrecifes coralinos y rocosos. Se alimenta de algas microscópicas (diatomeas) y detritus.', 'Se distribuye en el Indo Pacífico y Pacífico Oriental, desde el este de África, Australia, Japón, Golfo de California, Panamá e Islas Galápagos.', 0, 'Se utiliza la carne.', '', '0', '0000-00-00 00:00:00', '0000-00-00 00:00:00'),
(357, 'Cirujano aleta amarilla', 'Yellowfin Surgeonfish', 'Acanthurus xanthopterus', 'Actinopterygii', 'Perciformes', 'Acanthuridae', 0, '', '', '', '', '', 'Línea de mano o cuerda, red agallera de fondo y palangre escamero (cimbra)', 0, '', 'Especie marina de hábitos costeros . Vive en arrecifes coralinos y rocosos. Se alimenta de algas microscópicas (diatomeas) y detritus.', 'Se distribuye en el Indo Pacífico y Pacífico Oriental, desde el este de África, Australia, Japón, Golfo de California, Panamá e Islas Galápagos.', 0, 'Se utiliza la carne.', '', '0', '0000-00-00 00:00:00', '0000-00-00 00:00:00'),
(358, 'Cirujano aleta amarilla', 'Yellowfin Surgeonfish', 'Acanthurus xanthopterus', 'Actinopterygii', 'Perciformes', 'Acanthuridae', 0, '', '', '', '', '', 'Línea de mano o cuerda, red agallera de fondo y palangre escamero (cimbra)', 0, '', 'Especie marina de hábitos costeros . Vive en arrecifes coralinos y rocosos. Se alimenta de algas microscópicas (diatomeas) y detritus.', 'Se distribuye en el Indo Pacífico y Pacífico Oriental, desde el este de África, Australia, Japón, Golfo de California, Panamá e Islas Galápagos.', 0, 'Se utiliza la carne.', '', '0', '0000-00-00 00:00:00', '0000-00-00 00:00:00'),
(359, 'Cirujano aleta amarilla', 'Yellowfin Surgeonfish', 'Acanthurus xanthopterus', 'Actinopterygii', 'Perciformes', 'Acanthuridae', 0, '', '', '', '', '', 'Línea de mano o cuerda, red agallera de fondo y palangre escamero (cimbra)', 0, '', 'Especie marina de hábitos costeros . Vive en arrecifes coralinos y rocosos. Se alimenta de algas microscópicas (diatomeas) y detritus.', 'Se distribuye en el Indo Pacífico y Pacífico Oriental, desde el este de África, Australia, Japón, Golfo de California, Panamá e Islas Galápagos.', 0, 'Se utiliza la carne.', '', '0', '0000-00-00 00:00:00', '0000-00-00 00:00:00'),
(360, 'Cirujano aleta amarilla', 'Yellowfin Surgeonfish', 'Acanthurus xanthopterus', 'Actinopterygii', 'Perciformes', 'Acanthuridae', 0, '', '', '', '', '', 'Línea de mano o cuerda, red agallera de fondo y palangre escamero (cimbra)', 0, '', 'Especie marina de hábitos costeros . Vive en arrecifes coralinos y rocosos. Se alimenta de algas microscópicas (diatomeas) y detritus.', 'Se distribuye en el Indo Pacífico y Pacífico Oriental, desde el este de África, Australia, Japón, Golfo de California, Panamá e Islas Galápagos.', 0, 'Se utiliza la carne.', '', '0', '0000-00-00 00:00:00', '0000-00-00 00:00:00'),
(361, 'Cirujano aleta amarilla', 'Yellowfin Surgeonfish', 'Acanthurus xanthopterus', 'Actinopterygii', 'Perciformes', 'Acanthuridae', 33, '', '', '', '', '', 'Línea de mano o cuerda, red agallera de fondo y palangre escamero (cimbra)', 0, '', 'Especie marina de hábitos costeros . Vive en arrecifes coralinos y rocosos. Se alimenta de algas microscópicas (diatomeas) y detritus.', 'Se distribuye en el Indo Pacífico y Pacífico Oriental, desde el este de África, Australia, Japón, Golfo de California, Panamá e Islas Galápagos.', 0, 'Se utiliza la carne.', '', '0', '0000-00-00 00:00:00', '0000-00-00 00:00:00'),
(362, 'Cirujano aleta amarilla', 'Yellowfin Surgeonfish', 'Acanthurus xanthopterus', 'Actinopterygii', 'Perciformes', 'Acanthuridae', 33, '', '', '', '', '', 'Línea de mano o cuerda, red agallera de fondo y palangre escamero (cimbra)', 0, '', 'Especie marina de hábitos costeros . Vive en arrecifes coralinos y rocosos. Se alimenta de algas microscópicas (diatomeas) y detritus.', 'Se distribuye en el Indo Pacífico y Pacífico Oriental, desde el este de África, Australia, Japón, Golfo de California, Panamá e Islas Galápagos.', 0, 'Se utiliza la carne.', '', '0', '0000-00-00 00:00:00', '0000-00-00 00:00:00'),
(363, 'Cirujano aleta amarilla', 'Yellowfin Surgeonfish', 'Acanthurus xanthopterus', 'Actinopterygii', 'Perciformes', 'Acanthuridae', 0, '', '', '', '', '', 'Línea de mano o cuerda, red agallera de fondo y palangre escamero (cimbra)', 0, '', 'Especie marina de hábitos costeros . Vive en arrecifes coralinos y rocosos. Se alimenta de algas microscópicas (diatomeas) y detritus.', 'Se distribuye en el Indo Pacífico y Pacífico Oriental, desde el este de África, Australia, Japón, Golfo de California, Panamá e Islas Galápagos.', 0, 'Se utiliza la carne.', '', '0', '0000-00-00 00:00:00', '0000-00-00 00:00:00'),
(364, 'Cirujano aleta amarilla', 'Yellowfin Surgeonfish', 'Acanthurus xanthopterus', 'Actinopterygii', 'Perciformes', 'Acanthuridae', 0, '', '', '', '', '', 'Línea de mano o cuerda, red agallera de fondo y palangre escamero (cimbra)', 0, '', 'Especie marina de hábitos costeros . Vive en arrecifes coralinos y rocosos. Se alimenta de algas microscópicas (diatomeas) y detritus.', 'Se distribuye en el Indo Pacífico y Pacífico Oriental, desde el este de África, Australia, Japón, Golfo de California, Panamá e Islas Galápagos.', 0, 'Se utiliza la carne.', '', '0', '0000-00-00 00:00:00', '0000-00-00 00:00:00'),
(365, 'Cirujano aleta amarilla', 'Yellowfin Surgeonfish', 'Acanthurus xanthopterus', 'Actinopterygii', 'Perciformes', 'Acanthuridae', 0, '', '', '', '', '', 'Línea de mano o cuerda, red agallera de fondo y palangre escamero (cimbra)', 0, '', 'Especie marina de hábitos costeros . Vive en arrecifes coralinos y rocosos. Se alimenta de algas microscópicas (diatomeas) y detritus.', 'Se distribuye en el Indo Pacífico y Pacífico Oriental, desde el este de África, Australia, Japón, Golfo de California, Panamá e Islas Galápagos.', 0, 'Se utiliza la carne.', '', '0', '0000-00-00 00:00:00', '0000-00-00 00:00:00'),
(366, 'Cirujano aleta amarilla', 'Yellowfin Surgeonfish', 'Acanthurus xanthopterus', 'Actinopterygii', 'Perciformes', 'Acanthuridae', 0, '', '', '', '', '', 'Línea de mano o cuerda, red agallera de fondo y palangre escamero (cimbra)', 0, '', 'Especie marina de hábitos costeros . Vive en arrecifes coralinos y rocosos. Se alimenta de algas microscópicas (diatomeas) y detritus.', 'Se distribuye en el Indo Pacífico y Pacífico Oriental, desde el este de África, Australia, Japón, Golfo de California, Panamá e Islas Galápagos.', 0, 'Se utiliza la carne.', '', '0', '0000-00-00 00:00:00', '0000-00-00 00:00:00'),
(367, 'Cirujano aleta amarilla', 'Yellowfin Surgeonfish', 'Acanthurus xanthopterus', 'Actinopterygii', 'Perciformes', 'Acanthuridae', 0, '', '', '', '', '', 'Línea de mano o cuerda, red agallera de fondo y palangre escamero (cimbra)', 0, '', 'Especie marina de hábitos costeros . Vive en arrecifes coralinos y rocosos. Se alimenta de algas microscópicas (diatomeas) y detritus.', 'Se distribuye en el Indo Pacífico y Pacífico Oriental, desde el este de África, Australia, Japón, Golfo de California, Panamá e Islas Galápagos.', 0, 'Se utiliza la carne.', '', '0', '0000-00-00 00:00:00', '0000-00-00 00:00:00'),
(368, 'Cirujano aleta amarilla', 'Yellowfin Surgeonfish', 'Acanthurus xanthopterus', 'Actinopterygii', 'Perciformes', 'Acanthuridae', 0, '', '', '', '', '', 'Línea de mano o cuerda, red agallera de fondo y palangre escamero (cimbra)', 0, '', 'Especie marina de hábitos costeros . Vive en arrecifes coralinos y rocosos. Se alimenta de algas microscópicas (diatomeas) y detritus.', 'Se distribuye en el Indo Pacífico y Pacífico Oriental, desde el este de África, Australia, Japón, Golfo de California, Panamá e Islas Galápagos.', 0, 'Se utiliza la carne.', '', '0', '0000-00-00 00:00:00', '0000-00-00 00:00:00'),
(369, 'Cirujano aleta amarilla', 'Yellowfin Surgeonfish', 'Acanthurus xanthopterus', 'Actinopterygii', 'Perciformes', 'Acanthuridae', 0, '', '', '', '', '', 'Línea de mano o cuerda, red agallera de fondo y palangre escamero (cimbra)', 0, '', 'Especie marina de hábitos costeros . Vive en arrecifes coralinos y rocosos. Se alimenta de algas microscópicas (diatomeas) y detritus.', 'Se distribuye en el Indo Pacífico y Pacífico Oriental, desde el este de África, Australia, Japón, Golfo de California, Panamá e Islas Galápagos.', 0, 'Se utiliza la carne.', '', '0', '0000-00-00 00:00:00', '0000-00-00 00:00:00'),
(370, 'Cirujano aleta amarilla', 'Yellowfin Surgeonfish', 'Acanthurus xanthopterus', 'Actinopterygii', 'Perciformes', 'Acanthuridae', 0, '', '', '', '', '', 'Línea de mano o cuerda, red agallera de fondo y palangre escamero (cimbra)', 0, '', 'Especie marina de hábitos costeros . Vive en arrecifes coralinos y rocosos. Se alimenta de algas microscópicas (diatomeas) y detritus.', 'Se distribuye en el Indo Pacífico y Pacífico Oriental, desde el este de África, Australia, Japón, Golfo de California, Panamá e Islas Galápagos.', 0, 'Se utiliza la carne.', '', '0', '0000-00-00 00:00:00', '0000-00-00 00:00:00'),
(371, 'Cirujano aleta amarilla', 'Yellowfin Surgeonfish', 'Acanthurus xanthopterus', 'Actinopterygii', 'Perciformes', 'Acanthuridae', 0, '', '', '', '', '', 'Línea de mano o cuerda, red agallera de fondo y palangre escamero (cimbra)', 0, '', 'Especie marina de hábitos costeros . Vive en arrecifes coralinos y rocosos. Se alimenta de algas microscópicas (diatomeas) y detritus.', 'Se distribuye en el Indo Pacífico y Pacífico Oriental, desde el este de África, Australia, Japón, Golfo de California, Panamá e Islas Galápagos.', 0, 'Se utiliza la carne.', '', '0', '0000-00-00 00:00:00', '0000-00-00 00:00:00'),
(372, 'Cirujano aleta amarilla', 'Yellowfin Surgeonfish', 'Acanthurus xanthopterus', 'Actinopterygii', 'Perciformes', 'Acanthuridae', 0, '', '', '', '', '', 'Línea de mano o cuerda, red agallera de fondo y palangre escamero (cimbra)', 0, '', 'Especie marina de hábitos costeros . Vive en arrecifes coralinos y rocosos. Se alimenta de algas microscópicas (diatomeas) y detritus.', 'Se distribuye en el Indo Pacífico y Pacífico Oriental, desde el este de África, Australia, Japón, Golfo de California, Panamá e Islas Galápagos.', 0, 'Se utiliza la carne.', '', '0', '0000-00-00 00:00:00', '0000-00-00 00:00:00'),
(373, 'Cirujano aleta amarilla', 'Yellowfin Surgeonfish', 'Acanthurus xanthopterus', 'Actinopterygii', 'Perciformes', 'Acanthuridae', 0, '', '', '', '', '', 'Línea de mano o cuerda, red agallera de fondo y palangre escamero (cimbra)', 0, '', 'Especie marina de hábitos costeros . Vive en arrecifes coralinos y rocosos. Se alimenta de algas microscópicas (diatomeas) y detritus.', 'Se distribuye en el Indo Pacífico y Pacífico Oriental, desde el este de África, Australia, Japón, Golfo de California, Panamá e Islas Galápagos.', 0, 'Se utiliza la carne.', '', '0', '0000-00-00 00:00:00', '0000-00-00 00:00:00'),
(374, 'Cirujano aleta amarilla', 'Yellowfin Surgeonfish', 'Acanthurus xanthopterus', 'Actinopterygii', 'Perciformes', 'Acanthuridae', 0, '', '', '', '', '', 'Línea de mano o cuerda, red agallera de fondo y palangre escamero (cimbra)', 0, '', 'Especie marina de hábitos costeros . Vive en arrecifes coralinos y rocosos. Se alimenta de algas microscópicas (diatomeas) y detritus.', 'Se distribuye en el Indo Pacífico y Pacífico Oriental, desde el este de África, Australia, Japón, Golfo de California, Panamá e Islas Galápagos.', 0, 'Se utiliza la carne.', '', '0', '0000-00-00 00:00:00', '0000-00-00 00:00:00'),
(375, 'Cirujano aleta amarilla', 'Yellowfin Surgeonfish', 'Acanthurus xanthopterus', 'Actinopterygii', 'Perciformes', 'Acanthuridae', 0, '', '', '', '', '', 'Línea de mano o cuerda, red agallera de fondo y palangre escamero (cimbra)', 0, '', 'Especie marina de hábitos costeros . Vive en arrecifes coralinos y rocosos. Se alimenta de algas microscópicas (diatomeas) y detritus.', 'Se distribuye en el Indo Pacífico y Pacífico Oriental, desde el este de África, Australia, Japón, Golfo de California, Panamá e Islas Galápagos.', 0, 'Se utiliza la carne.', '', '0', '0000-00-00 00:00:00', '0000-00-00 00:00:00'),
(376, 'Cirujano aleta amarilla', 'Yellowfin Surgeonfish', 'Acanthurus xanthopterus', 'Actinopterygii', 'Perciformes', 'Acanthuridae', 0, '', '', '', '', '', 'Línea de mano o cuerda, red agallera de fondo y palangre escamero (cimbra)', 0, '', 'Especie marina de hábitos costeros . Vive en arrecifes coralinos y rocosos. Se alimenta de algas microscópicas (diatomeas) y detritus.', 'Se distribuye en el Indo Pacífico y Pacífico Oriental, desde el este de África, Australia, Japón, Golfo de California, Panamá e Islas Galápagos.', 0, 'Se utiliza la carne.', '', '0', '0000-00-00 00:00:00', '0000-00-00 00:00:00'),
(377, 'Cirujano aleta amarilla', 'Yellowfin Surgeonfish', 'Acanthurus xanthopterus', 'Actinopterygii', 'Perciformes', 'Acanthuridae', 0, '', '', '', '', '', 'Línea de mano o cuerda, red agallera de fondo y palangre escamero (cimbra)', 0, '', 'Especie marina de hábitos costeros . Vive en arrecifes coralinos y rocosos. Se alimenta de algas microscópicas (diatomeas) y detritus.', 'Se distribuye en el Indo Pacífico y Pacífico Oriental, desde el este de África, Australia, Japón, Golfo de California, Panamá e Islas Galápagos.', 0, 'Se utiliza la carne.', '', '0', '0000-00-00 00:00:00', '0000-00-00 00:00:00'),
(378, 'Cirujano aleta amarilla', 'Yellowfin Surgeonfish', 'Acanthurus xanthopterus', 'Actinopterygii', 'Perciformes', 'Acanthuridae', 0, '', '', '', '', '', 'Línea de mano o cuerda, red agallera de fondo y palangre escamero (cimbra)', 0, '', 'Especie marina de hábitos costeros . Vive en arrecifes coralinos y rocosos. Se alimenta de algas microscópicas (diatomeas) y detritus.', 'Se distribuye en el Indo Pacífico y Pacífico Oriental, desde el este de África, Australia, Japón, Golfo de California, Panamá e Islas Galápagos.', 0, 'Se utiliza la carne.', '', '0', '0000-00-00 00:00:00', '0000-00-00 00:00:00'),
(379, 'Cirujano aleta amarilla', 'Yellowfin Surgeonfish', 'Acanthurus xanthopterus', 'Actinopterygii', 'Perciformes', 'Acanthuridae', 0, '', '', '', '', '', 'Línea de mano o cuerda, red agallera de fondo y palangre escamero (cimbra)', 0, '', 'Especie marina de hábitos costeros . Vive en arrecifes coralinos y rocosos. Se alimenta de algas microscópicas (diatomeas) y detritus.', 'Se distribuye en el Indo Pacífico y Pacífico Oriental, desde el este de África, Australia, Japón, Golfo de California, Panamá e Islas Galápagos.', 0, 'Se utiliza la carne.', '', '0', '0000-00-00 00:00:00', '0000-00-00 00:00:00'),
(380, 'Cirujano aleta amarilla', 'Yellowfin Surgeonfish', 'Acanthurus xanthopterus', 'Actinopterygii', 'Perciformes', 'Acanthuridae', 0, '', '', '', '', '', 'Línea de mano o cuerda, red agallera de fondo y palangre escamero (cimbra)', 0, '', 'Especie marina de hábitos costeros . Vive en arrecifes coralinos y rocosos. Se alimenta de algas microscópicas (diatomeas) y detritus.', 'Se distribuye en el Indo Pacífico y Pacífico Oriental, desde el este de África, Australia, Japón, Golfo de California, Panamá e Islas Galápagos.', 0, 'Se utiliza la carne.', '', '0', '0000-00-00 00:00:00', '0000-00-00 00:00:00'),
(381, 'Cirujano aleta amarilla', 'Yellowfin Surgeonfish', 'Acanthurus xanthopterus', 'Actinopterygii', 'Perciformes', 'Acanthuridae', 0, '', '', '', '', '', 'Línea de mano o cuerda, red agallera de fondo y palangre escamero (cimbra)', 0, '', 'Especie marina de hábitos costeros . Vive en arrecifes coralinos y rocosos. Se alimenta de algas microscópicas (diatomeas) y detritus.', 'Se distribuye en el Indo Pacífico y Pacífico Oriental, desde el este de África, Australia, Japón, Golfo de California, Panamá e Islas Galápagos.', 0, 'Se utiliza la carne.', '', '0', '0000-00-00 00:00:00', '0000-00-00 00:00:00'),
(382, 'Cirujano aleta amarilla', 'Yellowfin Surgeonfish', 'Acanthurus xanthopterus', 'Actinopterygii', 'Perciformes', 'Acanthuridae', 0, '', '', '', '', '', 'Línea de mano o cuerda, red agallera de fondo y palangre escamero (cimbra)', 0, '', 'Especie marina de hábitos costeros . Vive en arrecifes coralinos y rocosos. Se alimenta de algas microscópicas (diatomeas) y detritus.', 'Se distribuye en el Indo Pacífico y Pacífico Oriental, desde el este de África, Australia, Japón, Golfo de California, Panamá e Islas Galápagos.', 0, 'Se utiliza la carne.', '', '0', '0000-00-00 00:00:00', '0000-00-00 00:00:00'),
(383, 'Cirujano aleta amarilla', 'Yellowfin Surgeonfish', 'Acanthurus xanthopterus', 'Actinopterygii', 'Perciformes', 'Acanthuridae', 0, '', '', '', '', '', 'Línea de mano o cuerda, red agallera de fondo y palangre escamero (cimbra)', 0, '', 'Especie marina de hábitos costeros . Vive en arrecifes coralinos y rocosos. Se alimenta de algas microscópicas (diatomeas) y detritus.', 'Se distribuye en el Indo Pacífico y Pacífico Oriental, desde el este de África, Australia, Japón, Golfo de California, Panamá e Islas Galápagos.', 0, 'Se utiliza la carne.', '', '0', '0000-00-00 00:00:00', '0000-00-00 00:00:00'),
(384, 'Cirujano aleta amarilla', 'Yellowfin Surgeonfish', 'Acanthurus xanthopterus', 'Actinopterygii', 'Perciformes', 'Acanthuridae', 0, '', '', '', '', '', 'Línea de mano o cuerda, red agallera de fondo y palangre escamero (cimbra)', 0, '', 'Especie marina de hábitos costeros . Vive en arrecifes coralinos y rocosos. Se alimenta de algas microscópicas (diatomeas) y detritus.', 'Se distribuye en el Indo Pacífico y Pacífico Oriental, desde el este de África, Australia, Japón, Golfo de California, Panamá e Islas Galápagos.', 0, 'Se utiliza la carne.', '', '0', '0000-00-00 00:00:00', '0000-00-00 00:00:00'),
(385, 'Cirujano aleta amarilla', 'Yellowfin Surgeonfish', 'Acanthurus xanthopterus', 'Actinopterygii', 'Perciformes', 'Acanthuridae', 0, '', '', '', '', '', 'Línea de mano o cuerda, red agallera de fondo y palangre escamero (cimbra)', 0, '', 'Especie marina de hábitos costeros . Vive en arrecifes coralinos y rocosos. Se alimenta de algas microscópicas (diatomeas) y detritus.', 'Se distribuye en el Indo Pacífico y Pacífico Oriental, desde el este de África, Australia, Japón, Golfo de California, Panamá e Islas Galápagos.', 0, 'Se utiliza la carne.', '', '0', '0000-00-00 00:00:00', '0000-00-00 00:00:00'),
(386, 'Cirujano aleta amarilla', 'Yellowfin Surgeonfish', 'Acanthurus xanthopterus', 'Actinopterygii', 'Perciformes', 'Acanthuridae', 0, '', '', '', '', '', 'Línea de mano o cuerda, red agallera de fondo y palangre escamero (cimbra)', 0, '', 'Especie marina de hábitos costeros . Vive en arrecifes coralinos y rocosos. Se alimenta de algas microscópicas (diatomeas) y detritus.', 'Se distribuye en el Indo Pacífico y Pacífico Oriental, desde el este de África, Australia, Japón, Golfo de California, Panamá e Islas Galápagos.', 0, 'Se utiliza la carne.', '', '0', '0000-00-00 00:00:00', '0000-00-00 00:00:00'),
(387, 'Cirujano aleta amarilla', 'Yellowfin Surgeonfish', 'Acanthurus xanthopterus', 'Actinopterygii', 'Perciformes', 'Acanthuridae', 0, '', '', '', '', '', 'Línea de mano o cuerda, red agallera de fondo y palangre escamero (cimbra)', 0, '', 'Especie marina de hábitos costeros . Vive en arrecifes coralinos y rocosos. Se alimenta de algas microscópicas (diatomeas) y detritus.', 'Se distribuye en el Indo Pacífico y Pacífico Oriental, desde el este de África, Australia, Japón, Golfo de California, Panamá e Islas Galápagos.', 0, 'Se utiliza la carne.', '', '0', '0000-00-00 00:00:00', '0000-00-00 00:00:00'),
(388, 'Cirujano aleta amarilla', 'Yellowfin Surgeonfish', 'Acanthurus xanthopterus', 'Actinopterygii', 'Perciformes', 'Acanthuridae', 0, '', '', '', '', '', 'Línea de mano o cuerda, red agallera de fondo y palangre escamero (cimbra)', 0, '', 'Especie marina de hábitos costeros . Vive en arrecifes coralinos y rocosos. Se alimenta de algas microscópicas (diatomeas) y detritus.', 'Se distribuye en el Indo Pacífico y Pacífico Oriental, desde el este de África, Australia, Japón, Golfo de California, Panamá e Islas Galápagos.', 0, 'Se utiliza la carne.', '', '0', '0000-00-00 00:00:00', '0000-00-00 00:00:00'),
(389, 'Cirujano aleta amarilla', 'Yellowfin Surgeonfish', 'Acanthurus xanthopterus', 'Actinopterygii', 'Perciformes', 'Acanthuridae', 6, '', '', '', '', '', 'Línea de mano o cuerda, red agallera de fondo y palangre escamero (cimbra)', 0, '', 'Especie marina de hábitos costeros . Vive en arrecifes coralinos y rocosos. Se alimenta de algas microscópicas (diatomeas) y detritus.', 'Se distribuye en el Indo Pacífico y Pacífico Oriental, desde el este de África, Australia, Japón, Golfo de California, Panamá e Islas Galápagos.', 0, 'Se utiliza la carne.', '', '0', '0000-00-00 00:00:00', '0000-00-00 00:00:00'),
(390, 'Cirujano aleta amarilla', 'Yellowfin Surgeonfish', 'Acanthurus xanthopterus', 'Actinopterygii', 'Perciformes', 'Acanthuridae', 6, '', '', '', '', '', 'Línea de mano o cuerda, red agallera de fondo y palangre escamero (cimbra)', 0, '', 'Especie marina de hábitos costeros . Vive en arrecifes coralinos y rocosos. Se alimenta de algas microscópicas (diatomeas) y detritus.', 'Se distribuye en el Indo Pacífico y Pacífico Oriental, desde el este de África, Australia, Japón, Golfo de California, Panamá e Islas Galápagos.', 0, 'Se utiliza la carne.', '', '0', '0000-00-00 00:00:00', '0000-00-00 00:00:00'),
(391, 'Cirujano aleta amarilla', 'Yellowfin Surgeonfish', 'Acanthurus xanthopterus', 'Actinopterygii', 'Perciformes', 'Acanthuridae', 12, '', '', '', '', '', 'Línea de mano o cuerda, red agallera de fondo y palangre escamero (cimbra)', 3, '', 'Especie marina de hábitos costeros . Vive en arrecifes coralinos y rocosos. Se alimenta de algas microscópicas (diatomeas) y detritus.', 'Se distribuye en el Indo Pacífico y Pacífico Oriental, desde el este de África, Australia, Japón, Golfo de California, Panamá e Islas Galápagos.', 0, 'Se utiliza la carne.', '', '0', '0000-00-00 00:00:00', '0000-00-00 00:00:00'),
(392, 'Cirujano aleta amarilla', 'Yellowfin Surgeonfish', 'Acanthurus xanthopterus', 'Actinopterygii', 'Perciformes', 'Acanthuridae', 12, '', '', '', '', '', 'Línea de mano o cuerda, red agallera de fondo y palangre escamero (cimbra)', 3, '', 'Especie marina de hábitos costeros . Vive en arrecifes coralinos y rocosos. Se alimenta de algas microscópicas (diatomeas) y detritus.', 'Se distribuye en el Indo Pacífico y Pacífico Oriental, desde el este de África, Australia, Japón, Golfo de California, Panamá e Islas Galápagos.', 0, 'Se utiliza la carne.', '', '0', '0000-00-00 00:00:00', '0000-00-00 00:00:00'),
(393, 'Cirujano aleta amarilla', 'Yellowfin Surgeonfish', 'Acanthurus xanthopterus', 'Actinopterygii', 'Perciformes', 'Acanthuridae', 12, '', '', '', '', '', 'Línea de mano o cuerda, red agallera de fondo y palangre escamero (cimbra)', 0, '', 'Especie marina de hábitos costeros . Vive en arrecifes coralinos y rocosos. Se alimenta de algas microscópicas (diatomeas) y detritus.', 'Se distribuye en el Indo Pacífico y Pacífico Oriental, desde el este de África, Australia, Japón, Golfo de California, Panamá e Islas Galápagos.', 0, 'Se utiliza la carne.', '', '0', '0000-00-00 00:00:00', '0000-00-00 00:00:00'),
(394, 'Cirujano aleta amarilla', 'Yellowfin Surgeonfish', 'Acanthurus xanthopterus', 'Actinopterygii', 'Perciformes', 'Acanthuridae', 12, '', '', '', '', '', 'Línea de mano o cuerda, red agallera de fondo y palangre escamero (cimbra)', 0, '', 'Especie marina de hábitos costeros . Vive en arrecifes coralinos y rocosos. Se alimenta de algas microscópicas (diatomeas) y detritus.', 'Se distribuye en el Indo Pacífico y Pacífico Oriental, desde el este de África, Australia, Japón, Golfo de California, Panamá e Islas Galápagos.', 0, 'Se utiliza la carne.', '', '0', '0000-00-00 00:00:00', '0000-00-00 00:00:00'),
(395, 'Cirujano aleta amarilla', 'Yellowfin Surgeonfish', 'Acanthurus xanthopterus', 'Actinopterygii', 'Perciformes', 'Acanthuridae', 12, '', '', '', '', '', 'Línea de mano o cuerda, red agallera de fondo y palangre escamero (cimbra)', 3, '', 'Especie marina de hábitos costeros . Vive en arrecifes coralinos y rocosos. Se alimenta de algas microscópicas (diatomeas) y detritus.', 'Se distribuye en el Indo Pacífico y Pacífico Oriental, desde el este de África, Australia, Japón, Golfo de California, Panamá e Islas Galápagos.', 0, 'Se utiliza la carne.', '', '0', '0000-00-00 00:00:00', '0000-00-00 00:00:00'),
(396, 'Cirujano aleta amarilla', 'Yellowfin Surgeonfish', 'Acanthurus xanthopterus', 'Actinopterygii', 'Perciformes', 'Acanthuridae', 12, '', '', '', '', '', 'Línea de mano o cuerda, red agallera de fondo y palangre escamero (cimbra)', 0, '', 'Especie marina de hábitos costeros . Vive en arrecifes coralinos y rocosos. Se alimenta de algas microscópicas (diatomeas) y detritus.', 'Se distribuye en el Indo Pacífico y Pacífico Oriental, desde el este de África, Australia, Japón, Golfo de California, Panamá e Islas Galápagos.', 0, 'Se utiliza la carne.', '', '0', '0000-00-00 00:00:00', '0000-00-00 00:00:00'),
(397, 'Cirujano aleta amarilla', 'Yellowfin Surgeonfish', 'Acanthurus xanthopterus', 'Actinopterygii', 'Perciformes', 'Acanthuridae', 12, '', '', '', '', '', 'Línea de mano o cuerda, red agallera de fondo y palangre escamero (cimbra)', 0, '', 'Especie marina de hábitos costeros . Vive en arrecifes coralinos y rocosos. Se alimenta de algas microscópicas (diatomeas) y detritus.', 'Se distribuye en el Indo Pacífico y Pacífico Oriental, desde el este de África, Australia, Japón, Golfo de California, Panamá e Islas Galápagos.', 0, 'Se utiliza la carne.', '', '0', '0000-00-00 00:00:00', '0000-00-00 00:00:00'),
(398, 'Cirujano aleta amarilla', 'Yellowfin Surgeonfish', 'Acanthurus xanthopterus', 'Actinopterygii', 'Perciformes', 'Acanthuridae', 21, '', '', '', '', '', 'Línea de mano o cuerda, red agallera de fondo y palangre escamero (cimbra)', 0, '', 'Especie marina de hábitos costeros . Vive en arrecifes coralinos y rocosos. Se alimenta de algas microscópicas (diatomeas) y detritus.', 'Se distribuye en el Indo Pacífico y Pacífico Oriental, desde el este de África, Australia, Japón, Golfo de California, Panamá e Islas Galápagos.', 0, 'Se utiliza la carne.', '', '0', '0000-00-00 00:00:00', '0000-00-00 00:00:00'),
(399, 'Cirujano aleta amarilla', 'Yellowfin Surgeonfish', 'Acanthurus xanthopterus', 'Actinopterygii', 'Perciformes', 'Acanthuridae', 12, '', '', '', '', '', 'Línea de mano o cuerda, red agallera de fondo y palangre escamero (cimbra)', 0, '', 'Especie marina de hábitos costeros . Vive en arrecifes coralinos y rocosos. Se alimenta de algas microscópicas (diatomeas) y detritus.', 'Se distribuye en el Indo Pacífico y Pacífico Oriental, desde el este de África, Australia, Japón, Golfo de California, Panamá e Islas Galápagos.', 0, 'Se utiliza la carne.', '', '0', '0000-00-00 00:00:00', '0000-00-00 00:00:00'),
(400, 'Cirujano aleta amarilla', 'Yellowfin Surgeonfish', 'Acanthurus xanthopterus', 'Actinopterygii', 'Perciformes', 'Acanthuridae', 12, '', '', '', '', '', 'Línea de mano o cuerda, red agallera de fondo y palangre escamero (cimbra)', 0, '', 'Especie marina de hábitos costeros . Vive en arrecifes coralinos y rocosos. Se alimenta de algas microscópicas (diatomeas) y detritus.', 'Se distribuye en el Indo Pacífico y Pacífico Oriental, desde el este de África, Australia, Japón, Golfo de California, Panamá e Islas Galápagos.', 0, 'Se utiliza la carne.', '', '0', '0000-00-00 00:00:00', '0000-00-00 00:00:00');
INSERT INTO `peces` (`especie_id`, `nombre_comun`, `nombre_ingles`, `nombre_cientifico`, `clase`, `orden`, `familia`, `grupo_id`, `nacional_importado`, `tipo_imagen`, `imagen`, `triptico`, `talla_captura`, `arte_pesca`, `tipo_veda_id`, `veda`, `generalidades`, `descripcion_distribucion`, `cultivado_capturado`, `comercio`, `pais_importacion`, `html`, `fecha_creacion`, `fecha_actualizacion`) VALUES
(401, 'Cirujano aleta amarilla', 'Yellowfin Surgeonfish', 'Acanthurus xanthopterus', 'Actinopterygii', 'Perciformes', 'Acanthuridae', 12, '', '', '', '', '', 'Línea de mano o cuerda, red agallera de fondo y palangre escamero (cimbra)', 0, '', 'Especie marina de hábitos costeros . Vive en arrecifes coralinos y rocosos. Se alimenta de algas microscópicas (diatomeas) y detritus.', 'Se distribuye en el Indo Pacífico y Pacífico Oriental, desde el este de África, Australia, Japón, Golfo de California, Panamá e Islas Galápagos.', 0, 'Se utiliza la carne.', '', '0', '0000-00-00 00:00:00', '0000-00-00 00:00:00'),
(402, 'Cirujano aleta amarilla', 'Yellowfin Surgeonfish', 'Acanthurus xanthopterus', 'Actinopterygii', 'Perciformes', 'Acanthuridae', 12, '', '', '', '', '', 'Línea de mano o cuerda, red agallera de fondo y palangre escamero (cimbra)', 0, '', 'Especie marina de hábitos costeros . Vive en arrecifes coralinos y rocosos. Se alimenta de algas microscópicas (diatomeas) y detritus.', 'Se distribuye en el Indo Pacífico y Pacífico Oriental, desde el este de África, Australia, Japón, Golfo de California, Panamá e Islas Galápagos.', 0, 'Se utiliza la carne.', '', '0', '0000-00-00 00:00:00', '0000-00-00 00:00:00'),
(403, 'Cirujano aleta amarilla', 'Yellowfin Surgeonfish', 'Acanthurus xanthopterus', 'Actinopterygii', 'Perciformes', 'Acanthuridae', 12, '', '', '', '', '', 'Línea de mano o cuerda, red agallera de fondo y palangre escamero (cimbra)', 0, '', 'Especie marina de hábitos costeros . Vive en arrecifes coralinos y rocosos. Se alimenta de algas microscópicas (diatomeas) y detritus.', 'Se distribuye en el Indo Pacífico y Pacífico Oriental, desde el este de África, Australia, Japón, Golfo de California, Panamá e Islas Galápagos.', 0, 'Se utiliza la carne.', '', '0', '0000-00-00 00:00:00', '0000-00-00 00:00:00'),
(404, 'Cirujano aleta amarilla', 'Yellowfin Surgeonfish', 'Acanthurus xanthopterus', 'Actinopterygii', 'Perciformes', 'Acanthuridae', 31, '', '', '', '', '', 'Línea de mano o cuerda, red agallera de fondo y palangre escamero (cimbra)', 3, '', 'Especie marina de hábitos costeros . Vive en arrecifes coralinos y rocosos. Se alimenta de algas microscópicas (diatomeas) y detritus.', 'Se distribuye en el Indo Pacífico y Pacífico Oriental, desde el este de África, Australia, Japón, Golfo de California, Panamá e Islas Galápagos.', 0, 'Se utiliza la carne.', '', '0', '0000-00-00 00:00:00', '0000-00-00 00:00:00'),
(405, 'Cirujano aleta amarilla', 'Yellowfin Surgeonfish', 'Acanthurus xanthopterus', 'Actinopterygii', 'Perciformes', 'Acanthuridae', 31, '', '', '', '', '', 'Línea de mano o cuerda, red agallera de fondo y palangre escamero (cimbra)', 3, '', 'Especie marina de hábitos costeros . Vive en arrecifes coralinos y rocosos. Se alimenta de algas microscópicas (diatomeas) y detritus.', 'Se distribuye en el Indo Pacífico y Pacífico Oriental, desde el este de África, Australia, Japón, Golfo de California, Panamá e Islas Galápagos.', 0, 'Se utiliza la carne.', '', '0', '0000-00-00 00:00:00', '0000-00-00 00:00:00'),
(406, 'Cirujano aleta amarilla', 'Yellowfin Surgeonfish', 'Acanthurus xanthopterus', 'Actinopterygii', 'Perciformes', 'Acanthuridae', 31, '', '', '', '', '', 'Línea de mano o cuerda, red agallera de fondo y palangre escamero (cimbra)', 3, '', 'Especie marina de hábitos costeros . Vive en arrecifes coralinos y rocosos. Se alimenta de algas microscópicas (diatomeas) y detritus.', 'Se distribuye en el Indo Pacífico y Pacífico Oriental, desde el este de África, Australia, Japón, Golfo de California, Panamá e Islas Galápagos.', 0, 'Se utiliza la carne.', '', '0', '0000-00-00 00:00:00', '0000-00-00 00:00:00'),
(407, 'Cirujano aleta amarilla', 'Yellowfin Surgeonfish', 'Acanthurus xanthopterus', 'Actinopterygii', 'Perciformes', 'Acanthuridae', 31, '', '', '', '', '', 'Línea de mano o cuerda, red agallera de fondo y palangre escamero (cimbra)', 3, '', 'Especie marina de hábitos costeros . Vive en arrecifes coralinos y rocosos. Se alimenta de algas microscópicas (diatomeas) y detritus.', 'Se distribuye en el Indo Pacífico y Pacífico Oriental, desde el este de África, Australia, Japón, Golfo de California, Panamá e Islas Galápagos.', 0, 'Se utiliza la carne.', '', '0', '0000-00-00 00:00:00', '0000-00-00 00:00:00'),
(408, 'Cirujano aleta amarilla', 'Yellowfin Surgeonfish', 'Acanthurus xanthopterus', 'Actinopterygii', 'Perciformes', 'Acanthuridae', 31, '', '', '', '', '', 'Línea de mano o cuerda, red agallera de fondo y palangre escamero (cimbra)', 3, '', 'Especie marina de hábitos costeros . Vive en arrecifes coralinos y rocosos. Se alimenta de algas microscópicas (diatomeas) y detritus.', 'Se distribuye en el Indo Pacífico y Pacífico Oriental, desde el este de África, Australia, Japón, Golfo de California, Panamá e Islas Galápagos.', 0, 'Se utiliza la carne.', '', '0', '0000-00-00 00:00:00', '0000-00-00 00:00:00'),
(409, 'Cirujano aleta amarilla', 'Yellowfin Surgeonfish', 'Acanthurus xanthopterus', 'Actinopterygii', 'Perciformes', 'Acanthuridae', 31, '', '', '', '', '', 'Línea de mano o cuerda, red agallera de fondo y palangre escamero (cimbra)', 3, '', 'Especie marina de hábitos costeros . Vive en arrecifes coralinos y rocosos. Se alimenta de algas microscópicas (diatomeas) y detritus.', 'Se distribuye en el Indo Pacífico y Pacífico Oriental, desde el este de África, Australia, Japón, Golfo de California, Panamá e Islas Galápagos.', 0, 'Se utiliza la carne.', '', '0', '0000-00-00 00:00:00', '0000-00-00 00:00:00'),
(410, 'Cirujano aleta amarilla', 'Yellowfin Surgeonfish', 'Acanthurus xanthopterus', 'Actinopterygii', 'Perciformes', 'Acanthuridae', 31, '', '', '', '', '', 'Línea de mano o cuerda, red agallera de fondo y palangre escamero (cimbra)', 3, '', 'Especie marina de hábitos costeros . Vive en arrecifes coralinos y rocosos. Se alimenta de algas microscópicas (diatomeas) y detritus.', 'Se distribuye en el Indo Pacífico y Pacífico Oriental, desde el este de África, Australia, Japón, Golfo de California, Panamá e Islas Galápagos.', 0, 'Se utiliza la carne.', '', '0', '0000-00-00 00:00:00', '0000-00-00 00:00:00'),
(411, 'Cirujano aleta amarilla', 'Yellowfin Surgeonfish', 'Acanthurus xanthopterus', 'Actinopterygii', 'Perciformes', 'Acanthuridae', 31, '', '', '', '', '', 'Línea de mano o cuerda, red agallera de fondo y palangre escamero (cimbra)', 3, '', 'Especie marina de hábitos costeros . Vive en arrecifes coralinos y rocosos. Se alimenta de algas microscópicas (diatomeas) y detritus.', 'Se distribuye en el Indo Pacífico y Pacífico Oriental, desde el este de África, Australia, Japón, Golfo de California, Panamá e Islas Galápagos.', 0, 'Se utiliza la carne.', '', '0', '0000-00-00 00:00:00', '0000-00-00 00:00:00'),
(412, 'Cirujano aleta amarilla', 'Yellowfin Surgeonfish', 'Acanthurus xanthopterus', 'Actinopterygii', 'Perciformes', 'Acanthuridae', 31, '', '', '', '', '', 'Línea de mano o cuerda, red agallera de fondo y palangre escamero (cimbra)', 3, '', 'Especie marina de hábitos costeros . Vive en arrecifes coralinos y rocosos. Se alimenta de algas microscópicas (diatomeas) y detritus.', 'Se distribuye en el Indo Pacífico y Pacífico Oriental, desde el este de África, Australia, Japón, Golfo de California, Panamá e Islas Galápagos.', 0, 'Se utiliza la carne.', '', '0', '0000-00-00 00:00:00', '0000-00-00 00:00:00'),
(413, 'Cirujano aleta amarilla', 'Yellowfin Surgeonfish', 'Acanthurus xanthopterus', 'Actinopterygii', 'Perciformes', 'Acanthuridae', 33, '', '', '', '', '', 'Línea de mano o cuerda, red agallera de fondo y palangre escamero (cimbra)', 0, '', 'Especie marina de hábitos costeros . Vive en arrecifes coralinos y rocosos. Se alimenta de algas microscópicas (diatomeas) y detritus.', 'Se distribuye en el Indo Pacífico y Pacífico Oriental, desde el este de África, Australia, Japón, Golfo de California, Panamá e Islas Galápagos.', 0, 'Se utiliza la carne.', '', '0', '0000-00-00 00:00:00', '0000-00-00 00:00:00'),
(414, 'Cirujano aleta amarilla', 'Yellowfin Surgeonfish', 'Acanthurus xanthopterus', 'Actinopterygii', 'Perciformes', 'Acanthuridae', 33, '', '', '', '', '', 'Línea de mano o cuerda, red agallera de fondo y palangre escamero (cimbra)', 0, '', 'Especie marina de hábitos costeros . Vive en arrecifes coralinos y rocosos. Se alimenta de algas microscópicas (diatomeas) y detritus.', 'Se distribuye en el Indo Pacífico y Pacífico Oriental, desde el este de África, Australia, Japón, Golfo de California, Panamá e Islas Galápagos.', 0, 'Se utiliza la carne.', '', '0', '0000-00-00 00:00:00', '0000-00-00 00:00:00'),
(415, 'Cirujano aleta amarilla', 'Yellowfin Surgeonfish', 'Acanthurus xanthopterus', 'Actinopterygii', 'Perciformes', 'Acanthuridae', 33, '', '', '', '', '', 'Línea de mano o cuerda, red agallera de fondo y palangre escamero (cimbra)', 0, '', 'Especie marina de hábitos costeros . Vive en arrecifes coralinos y rocosos. Se alimenta de algas microscópicas (diatomeas) y detritus.', 'Se distribuye en el Indo Pacífico y Pacífico Oriental, desde el este de África, Australia, Japón, Golfo de California, Panamá e Islas Galápagos.', 0, 'Se utiliza la carne.', '', '0', '0000-00-00 00:00:00', '0000-00-00 00:00:00'),
(416, 'Cirujano aleta amarilla', 'Yellowfin Surgeonfish', 'Acanthurus xanthopterus', 'Actinopterygii', 'Perciformes', 'Acanthuridae', 33, '', '', '', '', '', 'Línea de mano o cuerda, red agallera de fondo y palangre escamero (cimbra)', 0, '', 'Especie marina de hábitos costeros . Vive en arrecifes coralinos y rocosos. Se alimenta de algas microscópicas (diatomeas) y detritus.', 'Se distribuye en el Indo Pacífico y Pacífico Oriental, desde el este de África, Australia, Japón, Golfo de California, Panamá e Islas Galápagos.', 0, 'Se utiliza la carne.', '', '0', '0000-00-00 00:00:00', '0000-00-00 00:00:00'),
(417, 'Cirujano aleta amarilla', 'Yellowfin Surgeonfish', 'Acanthurus xanthopterus', 'Actinopterygii', 'Perciformes', 'Acanthuridae', 33, '', '', '', '', '', 'Línea de mano o cuerda, red agallera de fondo y palangre escamero (cimbra)', 0, '', 'Especie marina de hábitos costeros . Vive en arrecifes coralinos y rocosos. Se alimenta de algas microscópicas (diatomeas) y detritus.', 'Se distribuye en el Indo Pacífico y Pacífico Oriental, desde el este de África, Australia, Japón, Golfo de California, Panamá e Islas Galápagos.', 0, 'Se utiliza la carne.', '', '0', '0000-00-00 00:00:00', '0000-00-00 00:00:00'),
(418, 'Cirujano aleta amarilla', 'Yellowfin Surgeonfish', 'Acanthurus xanthopterus', 'Actinopterygii', 'Perciformes', 'Acanthuridae', 33, '', '', '', '', '', 'Línea de mano o cuerda, red agallera de fondo y palangre escamero (cimbra)', 0, '', 'Especie marina de hábitos costeros . Vive en arrecifes coralinos y rocosos. Se alimenta de algas microscópicas (diatomeas) y detritus.', 'Se distribuye en el Indo Pacífico y Pacífico Oriental, desde el este de África, Australia, Japón, Golfo de California, Panamá e Islas Galápagos.', 0, 'Se utiliza la carne.', '', '0', '0000-00-00 00:00:00', '0000-00-00 00:00:00'),
(419, 'Cirujano aleta amarilla', 'Yellowfin Surgeonfish', 'Acanthurus xanthopterus', 'Actinopterygii', 'Perciformes', 'Acanthuridae', 33, '', '', '', '', '', 'Línea de mano o cuerda, red agallera de fondo y palangre escamero (cimbra)', 3, '', 'Especie marina de hábitos costeros . Vive en arrecifes coralinos y rocosos. Se alimenta de algas microscópicas (diatomeas) y detritus.', 'Se distribuye en el Indo Pacífico y Pacífico Oriental, desde el este de África, Australia, Japón, Golfo de California, Panamá e Islas Galápagos.', 0, 'Se utiliza la carne.', '', '0', '0000-00-00 00:00:00', '0000-00-00 00:00:00'),
(420, 'Cirujano aleta amarilla', 'Yellowfin Surgeonfish', 'Acanthurus xanthopterus', 'Actinopterygii', 'Perciformes', 'Acanthuridae', 33, '', '', '', '', '', 'Línea de mano o cuerda, red agallera de fondo y palangre escamero (cimbra)', 0, '', 'Especie marina de hábitos costeros . Vive en arrecifes coralinos y rocosos. Se alimenta de algas microscópicas (diatomeas) y detritus.', 'Se distribuye en el Indo Pacífico y Pacífico Oriental, desde el este de África, Australia, Japón, Golfo de California, Panamá e Islas Galápagos.', 0, 'Se utiliza la carne.', '', '0', '0000-00-00 00:00:00', '0000-00-00 00:00:00'),
(421, 'Cirujano aleta amarilla', 'Yellowfin Surgeonfish', 'Acanthurus xanthopterus', 'Actinopterygii', 'Perciformes', 'Acanthuridae', 33, '', '', '', '', '', 'Línea de mano o cuerda, red agallera de fondo y palangre escamero (cimbra)', 3, '', 'Especie marina de hábitos costeros . Vive en arrecifes coralinos y rocosos. Se alimenta de algas microscópicas (diatomeas) y detritus.', 'Se distribuye en el Indo Pacífico y Pacífico Oriental, desde el este de África, Australia, Japón, Golfo de California, Panamá e Islas Galápagos.', 0, 'Se utiliza la carne.', '', '0', '0000-00-00 00:00:00', '0000-00-00 00:00:00'),
(422, 'Cirujano aleta amarilla', 'Yellowfin Surgeonfish', 'Acanthurus xanthopterus', 'Actinopterygii', 'Perciformes', 'Acanthuridae', 33, '', '', '', '', '', 'Línea de mano o cuerda, red agallera de fondo y palangre escamero (cimbra)', 3, '', 'Especie marina de hábitos costeros . Vive en arrecifes coralinos y rocosos. Se alimenta de algas microscópicas (diatomeas) y detritus.', 'Se distribuye en el Indo Pacífico y Pacífico Oriental, desde el este de África, Australia, Japón, Golfo de California, Panamá e Islas Galápagos.', 0, 'Se utiliza la carne.', '', '0', '0000-00-00 00:00:00', '0000-00-00 00:00:00'),
(423, 'Cirujano aleta amarilla', 'Yellowfin Surgeonfish', 'Acanthurus xanthopterus', 'Actinopterygii', 'Perciformes', 'Acanthuridae', 33, '', '', '', '', '', 'Línea de mano o cuerda, red agallera de fondo y palangre escamero (cimbra)', 0, '', 'Especie marina de hábitos costeros . Vive en arrecifes coralinos y rocosos. Se alimenta de algas microscópicas (diatomeas) y detritus.', 'Se distribuye en el Indo Pacífico y Pacífico Oriental, desde el este de África, Australia, Japón, Golfo de California, Panamá e Islas Galápagos.', 0, 'Se utiliza la carne.', '', '0', '0000-00-00 00:00:00', '0000-00-00 00:00:00'),
(424, 'Cirujano aleta amarilla', 'Yellowfin Surgeonfish', 'Acanthurus xanthopterus', 'Actinopterygii', 'Perciformes', 'Acanthuridae', 33, '', '', '', '', '', 'Línea de mano o cuerda, red agallera de fondo y palangre escamero (cimbra)', 0, '', 'Especie marina de hábitos costeros . Vive en arrecifes coralinos y rocosos. Se alimenta de algas microscópicas (diatomeas) y detritus.', 'Se distribuye en el Indo Pacífico y Pacífico Oriental, desde el este de África, Australia, Japón, Golfo de California, Panamá e Islas Galápagos.', 0, 'Se utiliza la carne.', '', '0', '0000-00-00 00:00:00', '0000-00-00 00:00:00'),
(425, 'Cirujano aleta amarilla', 'Yellowfin Surgeonfish', 'Acanthurus xanthopterus', 'Actinopterygii', 'Perciformes', 'Acanthuridae', 0, '', '', '', '', '', 'Línea de mano o cuerda, red agallera de fondo y palangre escamero (cimbra)', 3, '', 'Especie marina de hábitos costeros . Vive en arrecifes coralinos y rocosos. Se alimenta de algas microscópicas (diatomeas) y detritus.', 'Se distribuye en el Indo Pacífico y Pacífico Oriental, desde el este de África, Australia, Japón, Golfo de California, Panamá e Islas Galápagos.', 0, 'Se utiliza la carne.', '', '0', '0000-00-00 00:00:00', '0000-00-00 00:00:00'),
(426, 'Cirujano aleta amarilla', 'Yellowfin Surgeonfish', 'Acanthurus xanthopterus', 'Actinopterygii', 'Perciformes', 'Acanthuridae', 24, '', '', '', '', '', 'Línea de mano o cuerda, red agallera de fondo y palangre escamero (cimbra)', 0, '', 'Especie marina de hábitos costeros . Vive en arrecifes coralinos y rocosos. Se alimenta de algas microscópicas (diatomeas) y detritus.', 'Se distribuye en el Indo Pacífico y Pacífico Oriental, desde el este de África, Australia, Japón, Golfo de California, Panamá e Islas Galápagos.', 0, 'Se utiliza la carne.', '', '0', '0000-00-00 00:00:00', '0000-00-00 00:00:00'),
(427, 'Cirujano aleta amarilla', 'Yellowfin Surgeonfish', 'Acanthurus xanthopterus', 'Actinopterygii', 'Perciformes', 'Acanthuridae', 33, '', '', '', '', '', 'Línea de mano o cuerda, red agallera de fondo y palangre escamero (cimbra)', 0, '', 'Especie marina de hábitos costeros . Vive en arrecifes coralinos y rocosos. Se alimenta de algas microscópicas (diatomeas) y detritus.', 'Se distribuye en el Indo Pacífico y Pacífico Oriental, desde el este de África, Australia, Japón, Golfo de California, Panamá e Islas Galápagos.', 0, 'Se utiliza la carne.', '', '0', '0000-00-00 00:00:00', '0000-00-00 00:00:00'),
(428, 'Cirujano aleta amarilla', 'Yellowfin Surgeonfish', 'Acanthurus xanthopterus', 'Actinopterygii', 'Perciformes', 'Acanthuridae', 33, '', '', '', '', '', 'Línea de mano o cuerda, red agallera de fondo y palangre escamero (cimbra)', 0, '', 'Especie marina de hábitos costeros . Vive en arrecifes coralinos y rocosos. Se alimenta de algas microscópicas (diatomeas) y detritus.', 'Se distribuye en el Indo Pacífico y Pacífico Oriental, desde el este de África, Australia, Japón, Golfo de California, Panamá e Islas Galápagos.', 0, 'Se utiliza la carne.', '', '0', '0000-00-00 00:00:00', '0000-00-00 00:00:00'),
(429, 'Cirujano aleta amarilla', 'Yellowfin Surgeonfish', 'Acanthurus xanthopterus', 'Actinopterygii', 'Perciformes', 'Acanthuridae', 33, '', '', '', '', '', 'Línea de mano o cuerda, red agallera de fondo y palangre escamero (cimbra)', 0, '', 'Especie marina de hábitos costeros . Vive en arrecifes coralinos y rocosos. Se alimenta de algas microscópicas (diatomeas) y detritus.', 'Se distribuye en el Indo Pacífico y Pacífico Oriental, desde el este de África, Australia, Japón, Golfo de California, Panamá e Islas Galápagos.', 0, 'Se utiliza la carne.', '', '0', '0000-00-00 00:00:00', '0000-00-00 00:00:00'),
(430, 'Cirujano aleta amarilla', 'Yellowfin Surgeonfish', 'Acanthurus xanthopterus', 'Actinopterygii', 'Perciformes', 'Acanthuridae', 33, '', '', '', '', '', 'Línea de mano o cuerda, red agallera de fondo y palangre escamero (cimbra)', 0, '', 'Especie marina de hábitos costeros . Vive en arrecifes coralinos y rocosos. Se alimenta de algas microscópicas (diatomeas) y detritus.', 'Se distribuye en el Indo Pacífico y Pacífico Oriental, desde el este de África, Australia, Japón, Golfo de California, Panamá e Islas Galápagos.', 0, 'Se utiliza la carne.', '', '0', '0000-00-00 00:00:00', '0000-00-00 00:00:00'),
(431, 'Cirujano aleta amarilla', 'Yellowfin Surgeonfish', 'Acanthurus xanthopterus', 'Actinopterygii', 'Perciformes', 'Acanthuridae', 33, '', '', '', '', '', 'Línea de mano o cuerda, red agallera de fondo y palangre escamero (cimbra)', 0, '', 'Especie marina de hábitos costeros . Vive en arrecifes coralinos y rocosos. Se alimenta de algas microscópicas (diatomeas) y detritus.', 'Se distribuye en el Indo Pacífico y Pacífico Oriental, desde el este de África, Australia, Japón, Golfo de California, Panamá e Islas Galápagos.', 0, 'Se utiliza la carne.', '', '0', '0000-00-00 00:00:00', '0000-00-00 00:00:00'),
(432, 'Cirujano aleta amarilla', 'Yellowfin Surgeonfish', 'Acanthurus xanthopterus', 'Actinopterygii', 'Perciformes', 'Acanthuridae', 0, '', '', '', '', '', 'Línea de mano o cuerda, red agallera de fondo y palangre escamero (cimbra)', 0, '', 'Especie marina de hábitos costeros . Vive en arrecifes coralinos y rocosos. Se alimenta de algas microscópicas (diatomeas) y detritus.', 'Se distribuye en el Indo Pacífico y Pacífico Oriental, desde el este de África, Australia, Japón, Golfo de California, Panamá e Islas Galápagos.', 0, 'Se utiliza la carne.', '', '0', '0000-00-00 00:00:00', '0000-00-00 00:00:00'),
(433, 'Cirujano aleta amarilla', 'Yellowfin Surgeonfish', 'Acanthurus xanthopterus', 'Actinopterygii', 'Perciformes', 'Acanthuridae', 0, '', '', '', '', '', 'Línea de mano o cuerda, red agallera de fondo y palangre escamero (cimbra)', 0, '', 'Especie marina de hábitos costeros . Vive en arrecifes coralinos y rocosos. Se alimenta de algas microscópicas (diatomeas) y detritus.', 'Se distribuye en el Indo Pacífico y Pacífico Oriental, desde el este de África, Australia, Japón, Golfo de California, Panamá e Islas Galápagos.', 0, 'Se utiliza la carne.', '', '0', '0000-00-00 00:00:00', '0000-00-00 00:00:00'),
(434, 'Cirujano aleta amarilla', 'Yellowfin Surgeonfish', 'Acanthurus xanthopterus', 'Actinopterygii', 'Perciformes', 'Acanthuridae', 0, '', '', '', '', '', 'Línea de mano o cuerda, red agallera de fondo y palangre escamero (cimbra)', 0, '', 'Especie marina de hábitos costeros . Vive en arrecifes coralinos y rocosos. Se alimenta de algas microscópicas (diatomeas) y detritus.', 'Se distribuye en el Indo Pacífico y Pacífico Oriental, desde el este de África, Australia, Japón, Golfo de California, Panamá e Islas Galápagos.', 0, 'Se utiliza la carne.', '', '0', '0000-00-00 00:00:00', '0000-00-00 00:00:00'),
(435, 'Cirujano aleta amarilla', 'Yellowfin Surgeonfish', 'Acanthurus xanthopterus', 'Actinopterygii', 'Perciformes', 'Acanthuridae', 0, '', '', '', '', '', 'Línea de mano o cuerda, red agallera de fondo y palangre escamero (cimbra)', 0, '', 'Especie marina de hábitos costeros . Vive en arrecifes coralinos y rocosos. Se alimenta de algas microscópicas (diatomeas) y detritus.', 'Se distribuye en el Indo Pacífico y Pacífico Oriental, desde el este de África, Australia, Japón, Golfo de California, Panamá e Islas Galápagos.', 0, 'Se utiliza la carne.', '', '0', '0000-00-00 00:00:00', '0000-00-00 00:00:00'),
(436, 'Cirujano aleta amarilla', 'Yellowfin Surgeonfish', 'Acanthurus xanthopterus', 'Actinopterygii', 'Perciformes', 'Acanthuridae', 0, '', '', '', '', '', 'Línea de mano o cuerda, red agallera de fondo y palangre escamero (cimbra)', 0, '', 'Especie marina de hábitos costeros . Vive en arrecifes coralinos y rocosos. Se alimenta de algas microscópicas (diatomeas) y detritus.', 'Se distribuye en el Indo Pacífico y Pacífico Oriental, desde el este de África, Australia, Japón, Golfo de California, Panamá e Islas Galápagos.', 0, 'Se utiliza la carne.', '', '0', '0000-00-00 00:00:00', '0000-00-00 00:00:00'),
(437, 'Cirujano aleta amarilla', 'Yellowfin Surgeonfish', 'Acanthurus xanthopterus', 'Actinopterygii', 'Perciformes', 'Acanthuridae', 0, '', '', '', '', '', 'Línea de mano o cuerda, red agallera de fondo y palangre escamero (cimbra)', 0, '', 'Especie marina de hábitos costeros . Vive en arrecifes coralinos y rocosos. Se alimenta de algas microscópicas (diatomeas) y detritus.', 'Se distribuye en el Indo Pacífico y Pacífico Oriental, desde el este de África, Australia, Japón, Golfo de California, Panamá e Islas Galápagos.', 0, 'Se utiliza la carne.', '', '0', '0000-00-00 00:00:00', '0000-00-00 00:00:00'),
(438, 'Cirujano aleta amarilla', 'Yellowfin Surgeonfish', 'Acanthurus xanthopterus', 'Actinopterygii', 'Perciformes', 'Acanthuridae', 33, '', '', '', '', '', 'Línea de mano o cuerda, red agallera de fondo y palangre escamero (cimbra)', 0, '', 'Especie marina de hábitos costeros . Vive en arrecifes coralinos y rocosos. Se alimenta de algas microscópicas (diatomeas) y detritus.', 'Se distribuye en el Indo Pacífico y Pacífico Oriental, desde el este de África, Australia, Japón, Golfo de California, Panamá e Islas Galápagos.', 0, 'Se utiliza la carne.', '', '0', '0000-00-00 00:00:00', '0000-00-00 00:00:00'),
(439, 'Cirujano aleta amarilla', 'Yellowfin Surgeonfish', 'Acanthurus xanthopterus', 'Actinopterygii', 'Perciformes', 'Acanthuridae', 33, '', '', '', '', '', 'Línea de mano o cuerda, red agallera de fondo y palangre escamero (cimbra)', 0, '', 'Especie marina de hábitos costeros . Vive en arrecifes coralinos y rocosos. Se alimenta de algas microscópicas (diatomeas) y detritus.', 'Se distribuye en el Indo Pacífico y Pacífico Oriental, desde el este de África, Australia, Japón, Golfo de California, Panamá e Islas Galápagos.', 0, 'Se utiliza la carne.', '', '0', '0000-00-00 00:00:00', '0000-00-00 00:00:00'),
(440, 'Cirujano aleta amarilla', 'Yellowfin Surgeonfish', 'Acanthurus xanthopterus', 'Actinopterygii', 'Perciformes', 'Acanthuridae', 0, '', '', '', '', '', 'Línea de mano o cuerda, red agallera de fondo y palangre escamero (cimbra)', 0, '', 'Especie marina de hábitos costeros . Vive en arrecifes coralinos y rocosos. Se alimenta de algas microscópicas (diatomeas) y detritus.', 'Se distribuye en el Indo Pacífico y Pacífico Oriental, desde el este de África, Australia, Japón, Golfo de California, Panamá e Islas Galápagos.', 0, 'Se utiliza la carne.', '', '0', '0000-00-00 00:00:00', '0000-00-00 00:00:00'),
(441, 'Cirujano aleta amarilla', 'Yellowfin Surgeonfish', 'Acanthurus xanthopterus', 'Actinopterygii', 'Perciformes', 'Acanthuridae', 0, '', '', '', '', '', 'Línea de mano o cuerda, red agallera de fondo y palangre escamero (cimbra)', 3, '', 'Especie marina de hábitos costeros . Vive en arrecifes coralinos y rocosos. Se alimenta de algas microscópicas (diatomeas) y detritus.', 'Se distribuye en el Indo Pacífico y Pacífico Oriental, desde el este de África, Australia, Japón, Golfo de California, Panamá e Islas Galápagos.', 0, 'Se utiliza la carne.', '', '0', '0000-00-00 00:00:00', '0000-00-00 00:00:00'),
(442, 'Cirujano aleta amarilla', 'Yellowfin Surgeonfish', 'Acanthurus xanthopterus', 'Actinopterygii', 'Perciformes', 'Acanthuridae', 0, '', '', '', '', '', 'Línea de mano o cuerda, red agallera de fondo y palangre escamero (cimbra)', 3, '', 'Especie marina de hábitos costeros . Vive en arrecifes coralinos y rocosos. Se alimenta de algas microscópicas (diatomeas) y detritus.', 'Se distribuye en el Indo Pacífico y Pacífico Oriental, desde el este de África, Australia, Japón, Golfo de California, Panamá e Islas Galápagos.', 0, 'Se utiliza la carne.', '', '0', '0000-00-00 00:00:00', '0000-00-00 00:00:00'),
(443, 'Cirujano aleta amarilla', 'Yellowfin Surgeonfish', 'Acanthurus xanthopterus', 'Actinopterygii', 'Perciformes', 'Acanthuridae', 0, '', '', '', '', '', 'Línea de mano o cuerda, red agallera de fondo y palangre escamero (cimbra)', 3, '', 'Especie marina de hábitos costeros . Vive en arrecifes coralinos y rocosos. Se alimenta de algas microscópicas (diatomeas) y detritus.', 'Se distribuye en el Indo Pacífico y Pacífico Oriental, desde el este de África, Australia, Japón, Golfo de California, Panamá e Islas Galápagos.', 0, 'Se utiliza la carne.', '', '0', '0000-00-00 00:00:00', '0000-00-00 00:00:00'),
(444, 'Cirujano aleta amarilla', 'Yellowfin Surgeonfish', 'Acanthurus xanthopterus', 'Actinopterygii', 'Perciformes', 'Acanthuridae', 0, '', '', '', '', '', 'Línea de mano o cuerda, red agallera de fondo y palangre escamero (cimbra)', 3, '', 'Especie marina de hábitos costeros . Vive en arrecifes coralinos y rocosos. Se alimenta de algas microscópicas (diatomeas) y detritus.', 'Se distribuye en el Indo Pacífico y Pacífico Oriental, desde el este de África, Australia, Japón, Golfo de California, Panamá e Islas Galápagos.', 0, 'Se utiliza la carne.', '', '0', '0000-00-00 00:00:00', '0000-00-00 00:00:00'),
(445, 'Cirujano aleta amarilla', 'Yellowfin Surgeonfish', 'Acanthurus xanthopterus', 'Actinopterygii', 'Perciformes', 'Acanthuridae', 0, '', '', '', '', '', 'Línea de mano o cuerda, red agallera de fondo y palangre escamero (cimbra)', 3, '', 'Especie marina de hábitos costeros . Vive en arrecifes coralinos y rocosos. Se alimenta de algas microscópicas (diatomeas) y detritus.', 'Se distribuye en el Indo Pacífico y Pacífico Oriental, desde el este de África, Australia, Japón, Golfo de California, Panamá e Islas Galápagos.', 0, 'Se utiliza la carne.', '', '0', '0000-00-00 00:00:00', '0000-00-00 00:00:00'),
(446, 'Cirujano aleta amarilla', 'Yellowfin Surgeonfish', 'Acanthurus xanthopterus', 'Actinopterygii', 'Perciformes', 'Acanthuridae', 0, '', '', '', '', '', 'Línea de mano o cuerda, red agallera de fondo y palangre escamero (cimbra)', 3, '', 'Especie marina de hábitos costeros . Vive en arrecifes coralinos y rocosos. Se alimenta de algas microscópicas (diatomeas) y detritus.', 'Se distribuye en el Indo Pacífico y Pacífico Oriental, desde el este de África, Australia, Japón, Golfo de California, Panamá e Islas Galápagos.', 0, 'Se utiliza la carne.', '', '0', '0000-00-00 00:00:00', '0000-00-00 00:00:00'),
(447, 'Cirujano aleta amarilla', 'Yellowfin Surgeonfish', 'Acanthurus xanthopterus', 'Actinopterygii', 'Perciformes', 'Acanthuridae', 0, '', '', '', '', '', 'Línea de mano o cuerda, red agallera de fondo y palangre escamero (cimbra)', 3, '', 'Especie marina de hábitos costeros . Vive en arrecifes coralinos y rocosos. Se alimenta de algas microscópicas (diatomeas) y detritus.', 'Se distribuye en el Indo Pacífico y Pacífico Oriental, desde el este de África, Australia, Japón, Golfo de California, Panamá e Islas Galápagos.', 0, 'Se utiliza la carne.', '', '0', '0000-00-00 00:00:00', '0000-00-00 00:00:00'),
(448, 'Cirujano aleta amarilla', 'Yellowfin Surgeonfish', 'Acanthurus xanthopterus', 'Actinopterygii', 'Perciformes', 'Acanthuridae', 0, '', '', '', '', '', 'Línea de mano o cuerda, red agallera de fondo y palangre escamero (cimbra)', 3, '', 'Especie marina de hábitos costeros . Vive en arrecifes coralinos y rocosos. Se alimenta de algas microscópicas (diatomeas) y detritus.', 'Se distribuye en el Indo Pacífico y Pacífico Oriental, desde el este de África, Australia, Japón, Golfo de California, Panamá e Islas Galápagos.', 0, 'Se utiliza la carne.', '', '0', '0000-00-00 00:00:00', '0000-00-00 00:00:00'),
(449, 'Cirujano aleta amarilla', 'Yellowfin Surgeonfish', 'Acanthurus xanthopterus', 'Actinopterygii', 'Perciformes', 'Acanthuridae', 0, '', '', '', '', '', 'Línea de mano o cuerda, red agallera de fondo y palangre escamero (cimbra)', 0, '', 'Especie marina de hábitos costeros . Vive en arrecifes coralinos y rocosos. Se alimenta de algas microscópicas (diatomeas) y detritus.', 'Se distribuye en el Indo Pacífico y Pacífico Oriental, desde el este de África, Australia, Japón, Golfo de California, Panamá e Islas Galápagos.', 0, 'Se utiliza la carne.', '', '0', '0000-00-00 00:00:00', '0000-00-00 00:00:00'),
(450, 'Cirujano aleta amarilla', 'Yellowfin Surgeonfish', 'Acanthurus xanthopterus', 'Actinopterygii', 'Perciformes', 'Acanthuridae', 33, '', '', '', '', '', 'Línea de mano o cuerda, red agallera de fondo y palangre escamero (cimbra)', 0, '', 'Especie marina de hábitos costeros . Vive en arrecifes coralinos y rocosos. Se alimenta de algas microscópicas (diatomeas) y detritus.', 'Se distribuye en el Indo Pacífico y Pacífico Oriental, desde el este de África, Australia, Japón, Golfo de California, Panamá e Islas Galápagos.', 0, 'Se utiliza la carne.', '', '0', '0000-00-00 00:00:00', '0000-00-00 00:00:00'),
(451, 'Cirujano aleta amarilla', 'Yellowfin Surgeonfish', 'Acanthurus xanthopterus', 'Actinopterygii', 'Perciformes', 'Acanthuridae', 15, '', '', '', '', '', 'Línea de mano o cuerda, red agallera de fondo y palangre escamero (cimbra)', 0, '', 'Especie marina de hábitos costeros . Vive en arrecifes coralinos y rocosos. Se alimenta de algas microscópicas (diatomeas) y detritus.', 'Se distribuye en el Indo Pacífico y Pacífico Oriental, desde el este de África, Australia, Japón, Golfo de California, Panamá e Islas Galápagos.', 0, 'Se utiliza la carne.', '', '0', '0000-00-00 00:00:00', '0000-00-00 00:00:00'),
(452, 'Cirujano aleta amarilla', 'Yellowfin Surgeonfish', 'Acanthurus xanthopterus', 'Actinopterygii', 'Perciformes', 'Acanthuridae', 33, '', '', '', '', '', 'Línea de mano o cuerda, red agallera de fondo y palangre escamero (cimbra)', 0, '', 'Especie marina de hábitos costeros . Vive en arrecifes coralinos y rocosos. Se alimenta de algas microscópicas (diatomeas) y detritus.', 'Se distribuye en el Indo Pacífico y Pacífico Oriental, desde el este de África, Australia, Japón, Golfo de California, Panamá e Islas Galápagos.', 0, 'Se utiliza la carne.', '', '0', '0000-00-00 00:00:00', '0000-00-00 00:00:00'),
(453, 'Cirujano aleta amarilla', 'Yellowfin Surgeonfish', 'Acanthurus xanthopterus', 'Actinopterygii', 'Perciformes', 'Acanthuridae', 33, '', '', '', '', '', 'Línea de mano o cuerda, red agallera de fondo y palangre escamero (cimbra)', 0, '', 'Especie marina de hábitos costeros . Vive en arrecifes coralinos y rocosos. Se alimenta de algas microscópicas (diatomeas) y detritus.', 'Se distribuye en el Indo Pacífico y Pacífico Oriental, desde el este de África, Australia, Japón, Golfo de California, Panamá e Islas Galápagos.', 0, 'Se utiliza la carne.', '', '0', '0000-00-00 00:00:00', '0000-00-00 00:00:00'),
(454, 'Cirujano aleta amarilla', 'Yellowfin Surgeonfish', 'Acanthurus xanthopterus', 'Actinopterygii', 'Perciformes', 'Acanthuridae', 0, '', '', '', '', '', 'Línea de mano o cuerda, red agallera de fondo y palangre escamero (cimbra)', 0, '', 'Especie marina de hábitos costeros . Vive en arrecifes coralinos y rocosos. Se alimenta de algas microscópicas (diatomeas) y detritus.', 'Se distribuye en el Indo Pacífico y Pacífico Oriental, desde el este de África, Australia, Japón, Golfo de California, Panamá e Islas Galápagos.', 0, 'Se utiliza la carne.', '', '0', '0000-00-00 00:00:00', '0000-00-00 00:00:00'),
(455, 'Cirujano aleta amarilla', 'Yellowfin Surgeonfish', 'Acanthurus xanthopterus', 'Actinopterygii', 'Perciformes', 'Acanthuridae', 0, '', '', '', '', '', 'Línea de mano o cuerda, red agallera de fondo y palangre escamero (cimbra)', 0, '', 'Especie marina de hábitos costeros . Vive en arrecifes coralinos y rocosos. Se alimenta de algas microscópicas (diatomeas) y detritus.', 'Se distribuye en el Indo Pacífico y Pacífico Oriental, desde el este de África, Australia, Japón, Golfo de California, Panamá e Islas Galápagos.', 0, 'Se utiliza la carne.', '', '0', '0000-00-00 00:00:00', '0000-00-00 00:00:00'),
(456, 'Cirujano aleta amarilla', 'Yellowfin Surgeonfish', 'Acanthurus xanthopterus', 'Actinopterygii', 'Perciformes', 'Acanthuridae', 0, '', '', '', '', '', 'Línea de mano o cuerda, red agallera de fondo y palangre escamero (cimbra)', 0, '', 'Especie marina de hábitos costeros . Vive en arrecifes coralinos y rocosos. Se alimenta de algas microscópicas (diatomeas) y detritus.', 'Se distribuye en el Indo Pacífico y Pacífico Oriental, desde el este de África, Australia, Japón, Golfo de California, Panamá e Islas Galápagos.', 0, 'Se utiliza la carne.', '', '0', '0000-00-00 00:00:00', '0000-00-00 00:00:00'),
(457, 'Cirujano aleta amarilla', 'Yellowfin Surgeonfish', 'Acanthurus xanthopterus', 'Actinopterygii', 'Perciformes', 'Acanthuridae', 0, '', '', '', '', '', 'Línea de mano o cuerda, red agallera de fondo y palangre escamero (cimbra)', 0, '', 'Especie marina de hábitos costeros . Vive en arrecifes coralinos y rocosos. Se alimenta de algas microscópicas (diatomeas) y detritus.', 'Se distribuye en el Indo Pacífico y Pacífico Oriental, desde el este de África, Australia, Japón, Golfo de California, Panamá e Islas Galápagos.', 0, 'Se utiliza la carne.', '', '0', '0000-00-00 00:00:00', '0000-00-00 00:00:00'),
(458, 'Cirujano aleta amarilla', 'Yellowfin Surgeonfish', 'Acanthurus xanthopterus', 'Actinopterygii', 'Perciformes', 'Acanthuridae', 11, '', '', '', '', '', 'Línea de mano o cuerda, red agallera de fondo y palangre escamero (cimbra)', 0, '', 'Especie marina de hábitos costeros . Vive en arrecifes coralinos y rocosos. Se alimenta de algas microscópicas (diatomeas) y detritus.', 'Se distribuye en el Indo Pacífico y Pacífico Oriental, desde el este de África, Australia, Japón, Golfo de California, Panamá e Islas Galápagos.', 0, 'Se utiliza la carne.', '', '0', '0000-00-00 00:00:00', '0000-00-00 00:00:00'),
(459, 'Cirujano aleta amarilla', 'Yellowfin Surgeonfish', 'Acanthurus xanthopterus', 'Actinopterygii', 'Perciformes', 'Acanthuridae', 11, '', '', '', '', '', 'Línea de mano o cuerda, red agallera de fondo y palangre escamero (cimbra)', 0, '', 'Especie marina de hábitos costeros . Vive en arrecifes coralinos y rocosos. Se alimenta de algas microscópicas (diatomeas) y detritus.', 'Se distribuye en el Indo Pacífico y Pacífico Oriental, desde el este de África, Australia, Japón, Golfo de California, Panamá e Islas Galápagos.', 0, 'Se utiliza la carne.', '', '0', '0000-00-00 00:00:00', '0000-00-00 00:00:00'),
(460, 'Cirujano aleta amarilla', 'Yellowfin Surgeonfish', 'Acanthurus xanthopterus', 'Actinopterygii', 'Perciformes', 'Acanthuridae', 0, '', '', '', '', '', 'Línea de mano o cuerda, red agallera de fondo y palangre escamero (cimbra)', 3, '', 'Especie marina de hábitos costeros . Vive en arrecifes coralinos y rocosos. Se alimenta de algas microscópicas (diatomeas) y detritus.', 'Se distribuye en el Indo Pacífico y Pacífico Oriental, desde el este de África, Australia, Japón, Golfo de California, Panamá e Islas Galápagos.', 0, 'Se utiliza la carne.', '', '0', '0000-00-00 00:00:00', '0000-00-00 00:00:00'),
(461, 'Cirujano aleta amarilla', 'Yellowfin Surgeonfish', 'Acanthurus xanthopterus', 'Actinopterygii', 'Perciformes', 'Acanthuridae', 0, '', '', '', '', '', 'Línea de mano o cuerda, red agallera de fondo y palangre escamero (cimbra)', 3, '', 'Especie marina de hábitos costeros . Vive en arrecifes coralinos y rocosos. Se alimenta de algas microscópicas (diatomeas) y detritus.', 'Se distribuye en el Indo Pacífico y Pacífico Oriental, desde el este de África, Australia, Japón, Golfo de California, Panamá e Islas Galápagos.', 0, 'Se utiliza la carne.', '', '0', '0000-00-00 00:00:00', '0000-00-00 00:00:00'),
(462, 'Cirujano aleta amarilla', 'Yellowfin Surgeonfish', 'Acanthurus xanthopterus', 'Actinopterygii', 'Perciformes', 'Acanthuridae', 0, '', '', '', '', '', 'Línea de mano o cuerda, red agallera de fondo y palangre escamero (cimbra)', 3, '', 'Especie marina de hábitos costeros . Vive en arrecifes coralinos y rocosos. Se alimenta de algas microscópicas (diatomeas) y detritus.', 'Se distribuye en el Indo Pacífico y Pacífico Oriental, desde el este de África, Australia, Japón, Golfo de California, Panamá e Islas Galápagos.', 0, 'Se utiliza la carne.', '', '0', '0000-00-00 00:00:00', '0000-00-00 00:00:00'),
(463, 'Cirujano aleta amarilla', 'Yellowfin Surgeonfish', 'Acanthurus xanthopterus', 'Actinopterygii', 'Perciformes', 'Acanthuridae', 0, '', '', '', '', '', 'Línea de mano o cuerda, red agallera de fondo y palangre escamero (cimbra)', 3, '', 'Especie marina de hábitos costeros . Vive en arrecifes coralinos y rocosos. Se alimenta de algas microscópicas (diatomeas) y detritus.', 'Se distribuye en el Indo Pacífico y Pacífico Oriental, desde el este de África, Australia, Japón, Golfo de California, Panamá e Islas Galápagos.', 0, 'Se utiliza la carne.', '', '0', '0000-00-00 00:00:00', '0000-00-00 00:00:00'),
(464, 'Cirujano aleta amarilla', 'Yellowfin Surgeonfish', 'Acanthurus xanthopterus', 'Actinopterygii', 'Perciformes', 'Acanthuridae', 16, '', '', '', '', '', 'Línea de mano o cuerda, red agallera de fondo y palangre escamero (cimbra)', 0, '', 'Especie marina de hábitos costeros . Vive en arrecifes coralinos y rocosos. Se alimenta de algas microscópicas (diatomeas) y detritus.', 'Se distribuye en el Indo Pacífico y Pacífico Oriental, desde el este de África, Australia, Japón, Golfo de California, Panamá e Islas Galápagos.', 0, 'Se utiliza la carne.', '', '0', '0000-00-00 00:00:00', '0000-00-00 00:00:00'),
(465, 'Cirujano aleta amarilla', 'Yellowfin Surgeonfish', 'Acanthurus xanthopterus', 'Actinopterygii', 'Perciformes', 'Acanthuridae', 45, '', '', '', '', '', 'Línea de mano o cuerda, red agallera de fondo y palangre escamero (cimbra)', 0, '', 'Especie marina de hábitos costeros . Vive en arrecifes coralinos y rocosos. Se alimenta de algas microscópicas (diatomeas) y detritus.', 'Se distribuye en el Indo Pacífico y Pacífico Oriental, desde el este de África, Australia, Japón, Golfo de California, Panamá e Islas Galápagos.', 0, 'Se utiliza la carne.', '', '0', '0000-00-00 00:00:00', '0000-00-00 00:00:00'),
(466, 'Cirujano aleta amarilla', 'Yellowfin Surgeonfish', 'Acanthurus xanthopterus', 'Actinopterygii', 'Perciformes', 'Acanthuridae', 20, '', '', '', '', '', 'Línea de mano o cuerda, red agallera de fondo y palangre escamero (cimbra)', 0, '', 'Especie marina de hábitos costeros . Vive en arrecifes coralinos y rocosos. Se alimenta de algas microscópicas (diatomeas) y detritus.', 'Se distribuye en el Indo Pacífico y Pacífico Oriental, desde el este de África, Australia, Japón, Golfo de California, Panamá e Islas Galápagos.', 0, 'Se utiliza la carne.', '', '0', '0000-00-00 00:00:00', '0000-00-00 00:00:00'),
(467, 'Cirujano aleta amarilla', 'Yellowfin Surgeonfish', 'Acanthurus xanthopterus', 'Actinopterygii', 'Perciformes', 'Acanthuridae', 45, '', '', '', '', '', 'Línea de mano o cuerda, red agallera de fondo y palangre escamero (cimbra)', 0, '', 'Especie marina de hábitos costeros . Vive en arrecifes coralinos y rocosos. Se alimenta de algas microscópicas (diatomeas) y detritus.', 'Se distribuye en el Indo Pacífico y Pacífico Oriental, desde el este de África, Australia, Japón, Golfo de California, Panamá e Islas Galápagos.', 0, 'Se utiliza la carne.', '', '0', '0000-00-00 00:00:00', '0000-00-00 00:00:00'),
(468, 'Cirujano aleta amarilla', 'Yellowfin Surgeonfish', 'Acanthurus xanthopterus', 'Actinopterygii', 'Perciformes', 'Acanthuridae', 0, '', '', '', '', '', 'Línea de mano o cuerda, red agallera de fondo y palangre escamero (cimbra)', 3, '', 'Especie marina de hábitos costeros . Vive en arrecifes coralinos y rocosos. Se alimenta de algas microscópicas (diatomeas) y detritus.', 'Se distribuye en el Indo Pacífico y Pacífico Oriental, desde el este de África, Australia, Japón, Golfo de California, Panamá e Islas Galápagos.', 0, 'Se utiliza la carne.', '', '0', '0000-00-00 00:00:00', '0000-00-00 00:00:00'),
(469, 'Cirujano aleta amarilla', 'Yellowfin Surgeonfish', 'Acanthurus xanthopterus', 'Actinopterygii', 'Perciformes', 'Acanthuridae', 0, '', '', '', '', '', 'Línea de mano o cuerda, red agallera de fondo y palangre escamero (cimbra)', 3, '', 'Especie marina de hábitos costeros . Vive en arrecifes coralinos y rocosos. Se alimenta de algas microscópicas (diatomeas) y detritus.', 'Se distribuye en el Indo Pacífico y Pacífico Oriental, desde el este de África, Australia, Japón, Golfo de California, Panamá e Islas Galápagos.', 0, 'Se utiliza la carne.', '', '0', '0000-00-00 00:00:00', '0000-00-00 00:00:00'),
(470, 'Cirujano aleta amarilla', 'Yellowfin Surgeonfish', 'Acanthurus xanthopterus', 'Actinopterygii', 'Perciformes', 'Acanthuridae', 0, '', '', '', '', '', 'Línea de mano o cuerda, red agallera de fondo y palangre escamero (cimbra)', 0, '', 'Especie marina de hábitos costeros . Vive en arrecifes coralinos y rocosos. Se alimenta de algas microscópicas (diatomeas) y detritus.', 'Se distribuye en el Indo Pacífico y Pacífico Oriental, desde el este de África, Australia, Japón, Golfo de California, Panamá e Islas Galápagos.', 0, 'Se utiliza la carne.', '', '0', '0000-00-00 00:00:00', '0000-00-00 00:00:00'),
(471, 'Cirujano aleta amarilla', 'Yellowfin Surgeonfish', 'Acanthurus xanthopterus', 'Actinopterygii', 'Perciformes', 'Acanthuridae', 0, '', '', '', '', '', 'Línea de mano o cuerda, red agallera de fondo y palangre escamero (cimbra)', 3, '', 'Especie marina de hábitos costeros . Vive en arrecifes coralinos y rocosos. Se alimenta de algas microscópicas (diatomeas) y detritus.', 'Se distribuye en el Indo Pacífico y Pacífico Oriental, desde el este de África, Australia, Japón, Golfo de California, Panamá e Islas Galápagos.', 0, 'Se utiliza la carne.', '', '0', '0000-00-00 00:00:00', '0000-00-00 00:00:00'),
(472, 'Cirujano aleta amarilla', 'Yellowfin Surgeonfish', 'Acanthurus xanthopterus', 'Actinopterygii', 'Perciformes', 'Acanthuridae', 0, '', '', '', '', '', 'Línea de mano o cuerda, red agallera de fondo y palangre escamero (cimbra)', 3, '', 'Especie marina de hábitos costeros . Vive en arrecifes coralinos y rocosos. Se alimenta de algas microscópicas (diatomeas) y detritus.', 'Se distribuye en el Indo Pacífico y Pacífico Oriental, desde el este de África, Australia, Japón, Golfo de California, Panamá e Islas Galápagos.', 0, 'Se utiliza la carne.', '', '0', '0000-00-00 00:00:00', '0000-00-00 00:00:00'),
(473, 'Cirujano aleta amarilla', 'Yellowfin Surgeonfish', 'Acanthurus xanthopterus', 'Actinopterygii', 'Perciformes', 'Acanthuridae', 24, '', '', '', '', '', 'Línea de mano o cuerda, red agallera de fondo y palangre escamero (cimbra)', 0, '', 'Especie marina de hábitos costeros . Vive en arrecifes coralinos y rocosos. Se alimenta de algas microscópicas (diatomeas) y detritus.', 'Se distribuye en el Indo Pacífico y Pacífico Oriental, desde el este de África, Australia, Japón, Golfo de California, Panamá e Islas Galápagos.', 0, 'Se utiliza la carne.', '', '0', '0000-00-00 00:00:00', '0000-00-00 00:00:00'),
(474, 'Cirujano aleta amarilla', 'Yellowfin Surgeonfish', 'Acanthurus xanthopterus', 'Actinopterygii', 'Perciformes', 'Acanthuridae', 33, '', '', '', '', '', 'Línea de mano o cuerda, red agallera de fondo y palangre escamero (cimbra)', 0, '', 'Especie marina de hábitos costeros . Vive en arrecifes coralinos y rocosos. Se alimenta de algas microscópicas (diatomeas) y detritus.', 'Se distribuye en el Indo Pacífico y Pacífico Oriental, desde el este de África, Australia, Japón, Golfo de California, Panamá e Islas Galápagos.', 0, 'Se utiliza la carne.', '', '0', '0000-00-00 00:00:00', '0000-00-00 00:00:00'),
(475, 'Cirujano aleta amarilla', 'Yellowfin Surgeonfish', 'Acanthurus xanthopterus', 'Actinopterygii', 'Perciformes', 'Acanthuridae', 0, '', '', '', '', '', 'Línea de mano o cuerda, red agallera de fondo y palangre escamero (cimbra)', 3, '', 'Especie marina de hábitos costeros . Vive en arrecifes coralinos y rocosos. Se alimenta de algas microscópicas (diatomeas) y detritus.', 'Se distribuye en el Indo Pacífico y Pacífico Oriental, desde el este de África, Australia, Japón, Golfo de California, Panamá e Islas Galápagos.', 0, 'Se utiliza la carne.', '', '0', '0000-00-00 00:00:00', '0000-00-00 00:00:00'),
(476, 'Cirujano aleta amarilla', 'Yellowfin Surgeonfish', 'Acanthurus xanthopterus', 'Actinopterygii', 'Perciformes', 'Acanthuridae', 0, '', '', '', '', '', 'Línea de mano o cuerda, red agallera de fondo y palangre escamero (cimbra)', 3, '', 'Especie marina de hábitos costeros . Vive en arrecifes coralinos y rocosos. Se alimenta de algas microscópicas (diatomeas) y detritus.', 'Se distribuye en el Indo Pacífico y Pacífico Oriental, desde el este de África, Australia, Japón, Golfo de California, Panamá e Islas Galápagos.', 0, 'Se utiliza la carne.', '', '0', '0000-00-00 00:00:00', '0000-00-00 00:00:00'),
(477, 'Cirujano aleta amarilla', 'Yellowfin Surgeonfish', 'Acanthurus xanthopterus', 'Actinopterygii', 'Perciformes', 'Acanthuridae', 33, '', '', '', '', '', 'Línea de mano o cuerda, red agallera de fondo y palangre escamero (cimbra)', 0, '', 'Especie marina de hábitos costeros . Vive en arrecifes coralinos y rocosos. Se alimenta de algas microscópicas (diatomeas) y detritus.', 'Se distribuye en el Indo Pacífico y Pacífico Oriental, desde el este de África, Australia, Japón, Golfo de California, Panamá e Islas Galápagos.', 0, 'Se utiliza la carne.', '', '0', '0000-00-00 00:00:00', '0000-00-00 00:00:00'),
(478, 'Cirujano aleta amarilla', 'Yellowfin Surgeonfish', 'Acanthurus xanthopterus', 'Actinopterygii', 'Perciformes', 'Acanthuridae', 0, '', '', '', '', '', 'Línea de mano o cuerda, red agallera de fondo y palangre escamero (cimbra)', 0, '', 'Especie marina de hábitos costeros . Vive en arrecifes coralinos y rocosos. Se alimenta de algas microscópicas (diatomeas) y detritus.', 'Se distribuye en el Indo Pacífico y Pacífico Oriental, desde el este de África, Australia, Japón, Golfo de California, Panamá e Islas Galápagos.', 0, 'Se utiliza la carne.', '', '0', '0000-00-00 00:00:00', '0000-00-00 00:00:00'),
(479, 'Cirujano aleta amarilla', 'Yellowfin Surgeonfish', 'Acanthurus xanthopterus', 'Actinopterygii', 'Perciformes', 'Acanthuridae', 0, '', '', '', '', '', 'Línea de mano o cuerda, red agallera de fondo y palangre escamero (cimbra)', 3, '', 'Especie marina de hábitos costeros . Vive en arrecifes coralinos y rocosos. Se alimenta de algas microscópicas (diatomeas) y detritus.', 'Se distribuye en el Indo Pacífico y Pacífico Oriental, desde el este de África, Australia, Japón, Golfo de California, Panamá e Islas Galápagos.', 0, 'Se utiliza la carne.', '', '0', '0000-00-00 00:00:00', '0000-00-00 00:00:00');

-- --------------------------------------------------------

--
-- Estructura de tabla para la tabla `pez_carta_nacional`
--

CREATE TABLE IF NOT EXISTS `pez_carta_nacional` (
`especie_id` int(11) NOT NULL,
  `carta_nacional_id` int(11) NOT NULL,
  `fecha_creacion` timestamp NOT NULL DEFAULT CURRENT_TIMESTAMP ON UPDATE CURRENT_TIMESTAMP
) ENGINE=InnoDB DEFAULT CHARSET=latin1;

-- --------------------------------------------------------

--
-- Estructura de tabla para la tabla `pez_estado_conservacion`
--

CREATE TABLE IF NOT EXISTS `pez_estado_conservacion` (
  `especie_id` int(11) NOT NULL,
  `estado_conservacion` int(11) NOT NULL,
  `fecha_creacion` timestamp NOT NULL DEFAULT CURRENT_TIMESTAMP ON UPDATE CURRENT_TIMESTAMP
) ENGINE=InnoDB DEFAULT CHARSET=latin1;

-- --------------------------------------------------------

--
-- Estructura de tabla para la tabla `pez_tipo_capturas`
--

CREATE TABLE IF NOT EXISTS `pez_tipo_capturas` (
`especie_id` int(11) NOT NULL,
  `tipo_captura_id` int(11) NOT NULL,
  `fecha_creacion` timestamp NOT NULL DEFAULT CURRENT_TIMESTAMP ON UPDATE CURRENT_TIMESTAMP
) ENGINE=InnoDB DEFAULT CHARSET=latin1;

-- --------------------------------------------------------

--
-- Estructura de tabla para la tabla `pez_tipo_distribucion`
--

CREATE TABLE IF NOT EXISTS `pez_tipo_distribucion` (
`especie_id` int(11) NOT NULL,
  `tipo_distribucion` int(11) NOT NULL,
  `fecha_creacion` timestamp NOT NULL DEFAULT CURRENT_TIMESTAMP ON UPDATE CURRENT_TIMESTAMP
) ENGINE=InnoDB DEFAULT CHARSET=latin1;

-- --------------------------------------------------------

--
-- Estructura de tabla para la tabla `tipo_captura`
--

CREATE TABLE IF NOT EXISTS `tipo_captura` (
`id` int(11) NOT NULL,
  `nombre` varchar(255) NOT NULL,
  `fecha_creacion` timestamp NOT NULL DEFAULT CURRENT_TIMESTAMP ON UPDATE CURRENT_TIMESTAMP
) ENGINE=InnoDB AUTO_INCREMENT=8 DEFAULT CHARSET=latin1;

--
-- Volcado de datos para la tabla `tipo_captura`
--

INSERT INTO `tipo_captura` (`id`, `nombre`, `fecha_creacion`) VALUES
(3, 'Objetivo', '2014-10-24 18:30:24'),
(4, 'Incidental', '2014-10-24 18:30:24'),
(5, 'Deportiva', '2014-10-24 18:31:05'),
(6, 'Fomento', '2014-10-24 18:31:05'),
(7, 'Cultivada', '2014-10-24 18:31:43');

-- --------------------------------------------------------

--
-- Estructura de tabla para la tabla `tipo_distribucion`
--

CREATE TABLE IF NOT EXISTS `tipo_distribucion` (
`id` int(11) NOT NULL,
  `nombre` varchar(255) NOT NULL,
  `fecha_creacion` timestamp NOT NULL DEFAULT CURRENT_TIMESTAMP ON UPDATE CURRENT_TIMESTAMP
) ENGINE=InnoDB AUTO_INCREMENT=5 DEFAULT CHARSET=latin1;

--
-- Volcado de datos para la tabla `tipo_distribucion`
--

INSERT INTO `tipo_distribucion` (`id`, `nombre`, `fecha_creacion`) VALUES
(1, 'Golfo de México', '2014-10-24 18:14:03'),
(2, 'Mar Caribe', '2014-10-24 18:14:03'),
(3, 'Pacífico', '2014-10-24 18:16:24'),
(4, 'Fuera del país', '2014-10-24 18:16:24');

-- --------------------------------------------------------

--
-- Estructura de tabla para la tabla `tipo_veda`
--

CREATE TABLE IF NOT EXISTS `tipo_veda` (
`id` int(11) NOT NULL,
  `nombre` varchar(255) NOT NULL,
  `fecha_creacion` timestamp NOT NULL DEFAULT CURRENT_TIMESTAMP ON UPDATE CURRENT_TIMESTAMP
) ENGINE=InnoDB AUTO_INCREMENT=4 DEFAULT CHARSET=latin1;

--
-- Volcado de datos para la tabla `tipo_veda`
--

INSERT INTO `tipo_veda` (`id`, `nombre`, `fecha_creacion`) VALUES
(1, 'Permanente', '2014-10-27 17:33:14'),
(2, 'Permanente (solo pesca deportiva)', '2014-10-27 17:33:14'),
(3, 'Temporal fija', '2014-10-27 17:33:29');

--
-- Índices para tablas volcadas
--

--
-- Indices de la tabla `carta_nacional`
--
ALTER TABLE `carta_nacional`
 ADD PRIMARY KEY (`id`);

--
-- Indices de la tabla `estado_conservacion`
--
ALTER TABLE `estado_conservacion`
 ADD PRIMARY KEY (`id`);

--
-- Indices de la tabla `grupos`
--
ALTER TABLE `grupos`
 ADD PRIMARY KEY (`id`);

--
-- Indices de la tabla `peces`
--
ALTER TABLE `peces`
 ADD PRIMARY KEY (`especie_id`);

--
-- Indices de la tabla `pez_carta_nacional`
--
ALTER TABLE `pez_carta_nacional`
 ADD PRIMARY KEY (`especie_id`);

--
-- Indices de la tabla `pez_estado_conservacion`
--
ALTER TABLE `pez_estado_conservacion`
 ADD PRIMARY KEY (`especie_id`);

--
-- Indices de la tabla `pez_tipo_capturas`
--
ALTER TABLE `pez_tipo_capturas`
 ADD PRIMARY KEY (`especie_id`);

--
-- Indices de la tabla `pez_tipo_distribucion`
--
ALTER TABLE `pez_tipo_distribucion`
 ADD PRIMARY KEY (`especie_id`);

--
-- Indices de la tabla `tipo_captura`
--
ALTER TABLE `tipo_captura`
 ADD PRIMARY KEY (`id`);

--
-- Indices de la tabla `tipo_distribucion`
--
ALTER TABLE `tipo_distribucion`
 ADD PRIMARY KEY (`id`);

--
-- Indices de la tabla `tipo_veda`
--
ALTER TABLE `tipo_veda`
 ADD PRIMARY KEY (`id`);

--
-- AUTO_INCREMENT de las tablas volcadas
--

--
-- AUTO_INCREMENT de la tabla `carta_nacional`
--
ALTER TABLE `carta_nacional`
MODIFY `id` int(11) NOT NULL AUTO_INCREMENT,AUTO_INCREMENT=28;
--
-- AUTO_INCREMENT de la tabla `estado_conservacion`
--
ALTER TABLE `estado_conservacion`
MODIFY `id` int(11) NOT NULL AUTO_INCREMENT,AUTO_INCREMENT=13;
--
-- AUTO_INCREMENT de la tabla `grupos`
--
ALTER TABLE `grupos`
MODIFY `id` int(11) NOT NULL AUTO_INCREMENT,AUTO_INCREMENT=51;
--
-- AUTO_INCREMENT de la tabla `peces`
--
ALTER TABLE `peces`
MODIFY `especie_id` int(11) NOT NULL AUTO_INCREMENT,AUTO_INCREMENT=480;
--
-- AUTO_INCREMENT de la tabla `pez_carta_nacional`
--
ALTER TABLE `pez_carta_nacional`
MODIFY `especie_id` int(11) NOT NULL AUTO_INCREMENT;
--
-- AUTO_INCREMENT de la tabla `pez_tipo_capturas`
--
ALTER TABLE `pez_tipo_capturas`
MODIFY `especie_id` int(11) NOT NULL AUTO_INCREMENT;
--
-- AUTO_INCREMENT de la tabla `pez_tipo_distribucion`
--
ALTER TABLE `pez_tipo_distribucion`
MODIFY `especie_id` int(11) NOT NULL AUTO_INCREMENT;
--
-- AUTO_INCREMENT de la tabla `tipo_captura`
--
ALTER TABLE `tipo_captura`
MODIFY `id` int(11) NOT NULL AUTO_INCREMENT,AUTO_INCREMENT=8;
--
-- AUTO_INCREMENT de la tabla `tipo_distribucion`
--
ALTER TABLE `tipo_distribucion`
MODIFY `id` int(11) NOT NULL AUTO_INCREMENT,AUTO_INCREMENT=5;
--
-- AUTO_INCREMENT de la tabla `tipo_veda`
--
ALTER TABLE `tipo_veda`
MODIFY `id` int(11) NOT NULL AUTO_INCREMENT,AUTO_INCREMENT=4;
/*!40101 SET CHARACTER_SET_CLIENT=@OLD_CHARACTER_SET_CLIENT */;
/*!40101 SET CHARACTER_SET_RESULTS=@OLD_CHARACTER_SET_RESULTS */;
/*!40101 SET COLLATION_CONNECTION=@OLD_COLLATION_CONNECTION */;
