-- MySQL dump 10.13  Distrib 5.5.38, for debian-linux-gnu (x86_64)
--
-- Host: ixmati.conabio.gob.mx    Database: usos
-- ------------------------------------------------------
-- Server version	5.1.34sp1-enterprise-gpl-advanced-log

/*!40101 SET @OLD_CHARACTER_SET_CLIENT=@@CHARACTER_SET_CLIENT */;
/*!40101 SET @OLD_CHARACTER_SET_RESULTS=@@CHARACTER_SET_RESULTS */;
/*!40101 SET @OLD_COLLATION_CONNECTION=@@COLLATION_CONNECTION */;
/*!40101 SET NAMES utf8 */;
/*!40103 SET @OLD_TIME_ZONE=@@TIME_ZONE */;
/*!40103 SET TIME_ZONE='+00:00' */;
/*!40014 SET @OLD_UNIQUE_CHECKS=@@UNIQUE_CHECKS, UNIQUE_CHECKS=0 */;
/*!40014 SET @OLD_FOREIGN_KEY_CHECKS=@@FOREIGN_KEY_CHECKS, FOREIGN_KEY_CHECKS=0 */;
/*!40101 SET @OLD_SQL_MODE=@@SQL_MODE, SQL_MODE='NO_AUTO_VALUE_ON_ZERO' */;
/*!40111 SET @OLD_SQL_NOTES=@@SQL_NOTES, SQL_NOTES=0 */;

--
-- Table structure for table `carta_nacional`
--

DROP TABLE IF EXISTS `carta_nacional`;
/*!40101 SET @saved_cs_client     = @@character_set_client */;
/*!40101 SET character_set_client = utf8 */;
CREATE TABLE `carta_nacional` (
  `id` int(11) NOT NULL AUTO_INCREMENT,
  `Nombre` varchar(45) NOT NULL,
  `Nivel1` int(11) NOT NULL,
  `Nivel2` int(11) NOT NULL,
  `fecha_creacion` timestamp NOT NULL DEFAULT CURRENT_TIMESTAMP ON UPDATE CURRENT_TIMESTAMP,
  PRIMARY KEY (`id`)
) ENGINE=InnoDB AUTO_INCREMENT=37 DEFAULT CHARSET=latin1;
/*!40101 SET character_set_client = @saved_cs_client */;

--
-- Dumping data for table `carta_nacional`
--

LOCK TABLES `carta_nacional` WRITE;
/*!40000 ALTER TABLE `carta_nacional` DISABLE KEYS */;
INSERT INTO `carta_nacional` VALUES (1,'Carta Nacional Pesquera (2012) Pacífico zona ',1,0,'2014-11-25 23:31:05'),(2,'Con potencial de desarrollo',1,1,'2014-11-25 23:31:05'),(3,'Desconocida',1,2,'2014-11-25 23:31:05'),(4,'Deterioro',1,3,'2014-11-25 23:31:05'),(5,'Máximo aprovechamiento permisible',1,4,'2014-11-25 23:31:05'),(6,'Máximo aprovechamiento sustentable',1,5,'2014-11-25 23:31:05'),(7,'Sin datos',1,6,'2014-11-25 23:31:05'),(8,'Carta Nacional Pesquera (2012) Pacífico zona ',2,0,'2014-11-25 23:31:05'),(9,'Con potencial de desarrollo',2,1,'2014-11-25 23:31:05'),(10,'Desconocida',2,2,'2014-11-25 23:31:05'),(11,'Deterioro',2,3,'2014-11-25 23:31:05'),(12,'Máximo aprovechamiento permisible',2,4,'2014-11-25 23:31:05'),(13,'Máximo aprovechamiento sustentable',2,5,'2014-11-25 23:31:05'),(14,'Sin datos',2,6,'2014-11-25 23:31:05'),(15,'Carta Nacional Pesquera (2012) Pacífico zona ',3,0,'2014-11-25 23:31:05'),(16,'Con potencial de desarrollo',3,1,'2014-11-25 23:31:05'),(17,'Desconocida',3,2,'2014-11-25 23:31:05'),(18,'Máximo aprovechamiento permisible',3,3,'2014-11-25 23:31:05'),(19,'Máximo aprovechamiento sustentable',3,4,'2014-11-25 23:31:05'),(20,'Sin datos',3,5,'2014-11-25 23:31:05'),(21,'Carta Nacional Pesquera (2012) Golfo Mex y Ca',4,0,'2014-11-25 23:31:05'),(22,'Desconocida',4,1,'2014-11-25 23:31:05'),(23,'Deterioro',4,2,'2014-11-25 23:31:05'),(24,'Máximo aprovechamiento permisible',4,3,'2014-11-25 23:31:05'),(25,'Máximo aprovechamiento permisible/ Deterioro',4,4,'2014-11-25 23:31:05'),(26,'Sin datos',4,5,'2014-11-25 23:31:05'),(27,'Carta Nacional Pesquera (2012) Golfo Mex y Ca',5,0,'2014-11-25 23:31:05'),(28,'Desconocida',5,1,'2014-11-25 23:31:05'),(29,'Deterioro',5,2,'2014-11-25 23:31:05'),(30,'Máximo aprovechamiento permisible',5,3,'2014-11-25 23:31:05'),(31,'Sin datos',5,4,'2014-11-25 23:31:05'),(32,'Carta Nacional Pesquera (2012) Golfo Mex y Ca',6,0,'2014-11-25 23:31:05'),(33,'Desconocida',6,1,'2014-11-25 23:31:05'),(34,'Deterioro',6,2,'2014-11-25 23:31:05'),(35,'Máximo aprovechamiento permisible',6,3,'2014-11-25 23:31:05'),(36,'Sin datos',6,4,'2014-11-25 23:31:05');
/*!40000 ALTER TABLE `carta_nacional` ENABLE KEYS */;
UNLOCK TABLES;

--
-- Table structure for table `distribucion`
--

DROP TABLE IF EXISTS `distribucion`;
/*!40101 SET @saved_cs_client     = @@character_set_client */;
/*!40101 SET character_set_client = utf8 */;
CREATE TABLE `distribucion` (
  `id` int(11) NOT NULL AUTO_INCREMENT,
  `Nombre` varchar(255) NOT NULL,
  `fecha_creacion` timestamp NOT NULL DEFAULT CURRENT_TIMESTAMP ON UPDATE CURRENT_TIMESTAMP,
  PRIMARY KEY (`id`)
) ENGINE=InnoDB AUTO_INCREMENT=5 DEFAULT CHARSET=latin1;
/*!40101 SET character_set_client = @saved_cs_client */;

--
-- Dumping data for table `distribucion`
--

LOCK TABLES `distribucion` WRITE;
/*!40000 ALTER TABLE `distribucion` DISABLE KEYS */;
INSERT INTO `distribucion` VALUES (1,'Golfo de México','2014-11-25 23:31:05'),(2,'Mar Caribe','2014-11-25 23:31:05'),(3,'Pacífico ','2014-11-25 23:31:05'),(4,'Fuera del país ','2014-11-25 23:31:05');
/*!40000 ALTER TABLE `distribucion` ENABLE KEYS */;
UNLOCK TABLES;

--
-- Table structure for table `estado_conservacion`
--

DROP TABLE IF EXISTS `estado_conservacion`;
/*!40101 SET @saved_cs_client     = @@character_set_client */;
/*!40101 SET character_set_client = utf8 */;
CREATE TABLE `estado_conservacion` (
  `id` int(11) NOT NULL AUTO_INCREMENT,
  `nombre` varchar(45) NOT NULL,
  `Nivel1` int(11) NOT NULL,
  `Nivel2` int(11) NOT NULL,
  `fecha_creacion` timestamp NOT NULL DEFAULT CURRENT_TIMESTAMP ON UPDATE CURRENT_TIMESTAMP,
  PRIMARY KEY (`id`)
) ENGINE=InnoDB AUTO_INCREMENT=13 DEFAULT CHARSET=latin1;
/*!40101 SET character_set_client = @saved_cs_client */;

--
-- Dumping data for table `estado_conservacion`
--

LOCK TABLES `estado_conservacion` WRITE;
/*!40000 ALTER TABLE `estado_conservacion` DISABLE KEYS */;
INSERT INTO `estado_conservacion` VALUES (1,'Casi amenazada',1,1,'2014-11-25 23:31:05'),(2,'En peligro',1,2,'2014-11-25 23:31:05'),(3,'En peligro crítico',1,3,'2014-11-25 23:31:05'),(4,'Lista roja IUCN',1,0,'2014-11-25 23:31:05'),(5,'Vulnerable',1,4,'2014-11-25 23:31:05'),(6,'Apéndice I',2,1,'2014-11-25 23:31:05'),(7,'Apéndice II',2,2,'2014-11-25 23:31:05'),(8,'CITES',2,0,'2014-11-25 23:31:05'),(9,'Amenazada',3,1,'2014-11-25 23:31:05'),(10,'En peligro crítico',3,2,'2014-11-25 23:31:05'),(11,'Extinto en vida silvestre',3,3,'2014-11-25 23:31:05'),(12,'NOM-059-SEMARNAT-2010',3,0,'2014-11-25 23:31:05');
/*!40000 ALTER TABLE `estado_conservacion` ENABLE KEYS */;
UNLOCK TABLES;

--
-- Table structure for table `filtros`
--

DROP TABLE IF EXISTS `filtros`;
/*!40101 SET @saved_cs_client     = @@character_set_client */;
/*!40101 SET character_set_client = utf8 */;
CREATE TABLE `filtros` (
  `id` int(11) NOT NULL AUTO_INCREMENT,
  `sesion` varchar(45) NOT NULL,
  `buscador_nombre_comun` varchar(45) DEFAULT NULL,
  `buscador_nombre_cientifico` varchar(45) DEFAULT NULL,
  `buscador_grupo` varchar(45) DEFAULT NULL,
  `buscador_estado_conservacion` varchar(45) DEFAULT NULL,
  `buscador_selectiva` varchar(45) DEFAULT NULL,
  `buscador_no_selectiva` varchar(45) DEFAULT NULL,
  `buscador_pacifico` varchar(45) DEFAULT NULL,
  `buscador_golfo` varchar(45) DEFAULT NULL,
  `buscador_caribe` varchar(45) DEFAULT NULL,
  `buscador_importado` varchar(45) DEFAULT NULL,
  `buscador_objetiva` varchar(45) DEFAULT NULL,
  `buscador_incidental` varchar(45) DEFAULT NULL,
  `buscador_deportiva` varchar(45) DEFAULT NULL,
  `buscador_fomento` varchar(45) DEFAULT NULL,
  `buscador_cultivada` varchar(45) DEFAULT NULL,
  `fecha_uso` timestamp NOT NULL DEFAULT CURRENT_TIMESTAMP ON UPDATE CURRENT_TIMESTAMP,
  PRIMARY KEY (`id`)
) ENGINE=InnoDB AUTO_INCREMENT=123 DEFAULT CHARSET=utf8;
/*!40101 SET character_set_client = @saved_cs_client */;

--
-- Dumping data for table `filtros`
--

LOCK TABLES `filtros` WRITE;
/*!40000 ALTER TABLE `filtros` DISABLE KEYS */;
INSERT INTO `filtros` VALUES (13,'9ip70fv0frlp08li36q105atv3',NULL,NULL,'3',NULL,NULL,NULL,NULL,NULL,NULL,NULL,NULL,NULL,NULL,NULL,NULL,'2014-11-25 23:32:06'),(16,'d19ht9q9qu13h6f73bi64gabp5',NULL,'Ep',NULL,NULL,NULL,NULL,NULL,NULL,NULL,NULL,NULL,NULL,NULL,NULL,NULL,'2014-11-27 16:22:47'),(21,'5uemnmd40di9p0oebsq4drsp61',NULL,NULL,'11',NULL,NULL,NULL,NULL,NULL,NULL,NULL,NULL,NULL,NULL,NULL,NULL,'2014-11-28 04:50:28'),(22,'id920ki2op4ekm1699m5dt5pg7',NULL,NULL,NULL,NULL,NULL,NULL,NULL,NULL,NULL,NULL,NULL,NULL,NULL,'1',NULL,'2014-11-28 14:11:03'),(24,'g4is8m2o5eejkseveiobmvvqu2',NULL,NULL,'31',NULL,NULL,NULL,NULL,NULL,NULL,NULL,NULL,NULL,NULL,NULL,NULL,'2014-11-28 20:34:24'),(25,'u7f6vfm7taqpv1jmgddo7nd1a5',NULL,'dinosurios',NULL,'11',NULL,NULL,NULL,NULL,NULL,NULL,NULL,NULL,NULL,NULL,NULL,'2014-11-28 23:24:35'),(27,'bfcideng1i7fk1gi6559u9sg82',NULL,NULL,'19','6',NULL,'1',NULL,'1',NULL,NULL,NULL,NULL,'1','0',NULL,'2014-12-02 23:16:38'),(28,'2b3efs8pvvp59ekc9eth31ene0',NULL,NULL,'1',NULL,NULL,NULL,NULL,NULL,NULL,NULL,NULL,NULL,NULL,NULL,NULL,'2014-12-03 21:58:23'),(30,'sijbok1kfhrbk0rrajmsbt0vk1',NULL,NULL,'3',NULL,NULL,NULL,'0',NULL,'0',NULL,'1',NULL,NULL,NULL,NULL,'2014-12-05 20:42:11'),(31,'djab8he3l9nr1it94rg3ah5sf1',NULL,NULL,NULL,NULL,NULL,NULL,NULL,'1',NULL,NULL,'1',NULL,NULL,'1','1','2014-12-06 19:02:15'),(32,'k0mds8lacpgaj4orrvfngrp1a6','raya',NULL,NULL,'',NULL,NULL,NULL,NULL,NULL,NULL,NULL,NULL,NULL,NULL,NULL,'2014-12-07 05:38:19'),(33,'nsr822r7ah4sjpbfod5l6s81e1','','Paranthias colonus',NULL,NULL,NULL,NULL,'1',NULL,NULL,NULL,'1','1',NULL,NULL,NULL,'2014-12-07 22:56:18'),(34,'58otpsqnm0n4j2cru094653016',NULL,NULL,'13',NULL,NULL,NULL,NULL,NULL,NULL,NULL,NULL,NULL,NULL,NULL,NULL,'2014-12-08 18:02:15'),(35,'bdmap0f0nvcuf0vllspqa8ire5',NULL,'Xystreurys liolepis',NULL,NULL,NULL,NULL,NULL,NULL,NULL,NULL,NULL,NULL,NULL,NULL,NULL,'2014-12-08 20:06:25'),(36,'mtmbkqhgauljsce32upf3ub675','sierra golfo','',NULL,NULL,NULL,NULL,NULL,NULL,NULL,NULL,NULL,NULL,NULL,NULL,NULL,'2014-12-10 19:18:47'),(37,'sca5cljs3gc4ho0njjs3d9s4q2','maji',NULL,NULL,NULL,NULL,NULL,NULL,NULL,NULL,NULL,NULL,NULL,'0',NULL,NULL,'2014-12-12 06:31:57'),(38,'9a2ar3eciih9el9dh7lggd6571','',NULL,'33',NULL,NULL,NULL,NULL,NULL,NULL,NULL,NULL,NULL,NULL,NULL,NULL,'2014-12-12 16:58:05'),(39,'g0ihk7kvrgggbkviicsajkvq85',NULL,'mackerel',NULL,NULL,NULL,NULL,NULL,NULL,NULL,NULL,NULL,NULL,NULL,NULL,NULL,'2014-12-15 13:41:57'),(40,'lamfv5tnccbl1tcshu3tnsb2h3',NULL,NULL,'31','1',NULL,NULL,NULL,'0',NULL,NULL,NULL,'1',NULL,NULL,NULL,'2014-12-15 16:27:57'),(41,'rdf5doicj759i42s2kccjkm1u7',NULL,NULL,NULL,NULL,'1',NULL,'1',NULL,'1',NULL,'1',NULL,NULL,NULL,NULL,'2014-12-15 21:22:00'),(42,'sl176s3va5oqvvacgmga74grf6',NULL,NULL,NULL,NULL,NULL,NULL,NULL,'1',NULL,NULL,NULL,NULL,NULL,NULL,NULL,'2014-12-17 22:19:41'),(43,'p0gv5f837jg2vb771363nejee6',NULL,NULL,NULL,'6',NULL,NULL,'1',NULL,NULL,NULL,NULL,NULL,NULL,NULL,NULL,'2014-12-19 22:37:07'),(44,'piojqhqmh2iq8ivijqhl10tkq6','conejo',NULL,NULL,NULL,NULL,NULL,NULL,NULL,NULL,NULL,NULL,NULL,NULL,NULL,NULL,'2014-12-21 13:50:20'),(45,'lep3brmpf9u93ougrecgf5gkv2',NULL,NULL,NULL,NULL,'1',NULL,NULL,NULL,NULL,NULL,NULL,NULL,NULL,NULL,NULL,'2014-12-23 16:54:47'),(46,'7ek9qitdjbtbn9nrlkncb3ach4',NULL,NULL,NULL,NULL,NULL,NULL,'1',NULL,NULL,NULL,NULL,NULL,NULL,NULL,NULL,'2014-12-29 00:08:22'),(47,'fsfl9dbv97ulbcaf2eo1f3l7c3','bass',NULL,NULL,NULL,NULL,NULL,NULL,NULL,NULL,NULL,NULL,NULL,NULL,NULL,NULL,'2014-12-29 09:19:47'),(48,'runlf6hl3gbluioforr2n6r1k0','BERRUGATA RONCADORA',NULL,NULL,NULL,NULL,NULL,NULL,NULL,NULL,NULL,NULL,NULL,NULL,NULL,NULL,'2014-12-29 17:15:57'),(49,'rmhvupop436dm608jp6jchttv1',NULL,'Synodus lacertinus',NULL,NULL,NULL,NULL,NULL,NULL,NULL,NULL,NULL,NULL,NULL,NULL,NULL,'2014-12-30 12:01:36'),(50,'svnjisfdlqgu4m3jhj6eo2rsb5',NULL,NULL,NULL,NULL,NULL,'0',NULL,'0','0',NULL,NULL,NULL,NULL,NULL,NULL,'2014-12-30 17:06:40'),(51,'2h2ftr9k92pj0ckgetom322km3','lisa rayada',NULL,NULL,NULL,NULL,NULL,NULL,NULL,NULL,NULL,NULL,NULL,NULL,NULL,NULL,'2014-12-30 22:50:41'),(52,'kosrgr13ijjqjqnacd0g88mf11',NULL,NULL,NULL,NULL,NULL,NULL,'1',NULL,NULL,NULL,NULL,NULL,NULL,NULL,NULL,'2014-12-30 23:01:51'),(53,'3ror21bq1c7qg7kf69ika2v486','',NULL,'11',NULL,NULL,NULL,NULL,NULL,NULL,NULL,NULL,NULL,NULL,NULL,NULL,'2014-12-31 01:29:09'),(54,'rfj4idu03mfii22at0ndpkc315',NULL,NULL,NULL,NULL,NULL,NULL,NULL,NULL,'1',NULL,NULL,NULL,NULL,NULL,NULL,'2014-12-31 04:32:05'),(55,'n4asbm46m6hfo6jnj70qmkff11',NULL,NULL,NULL,NULL,NULL,NULL,NULL,'1',NULL,NULL,NULL,NULL,NULL,NULL,NULL,'2014-12-31 10:57:01'),(56,'9aiqkfbnlgon4dogatqg4tnal1',NULL,NULL,NULL,NULL,NULL,NULL,NULL,NULL,'1',NULL,NULL,NULL,NULL,NULL,NULL,'2014-12-31 16:09:54'),(57,'guvuvdttl9p7t5icilgkcvd412','Trucha',NULL,NULL,NULL,NULL,NULL,NULL,'1',NULL,NULL,NULL,NULL,NULL,NULL,NULL,'2015-01-01 00:09:29'),(58,'0h27u6msllu491qf1g6a19q936',NULL,NULL,'32',NULL,NULL,NULL,NULL,NULL,NULL,NULL,NULL,NULL,NULL,NULL,NULL,'2015-01-01 21:08:02'),(59,'9ekuau4lttr495s7en5jq7b7g5',NULL,NULL,NULL,'1',NULL,NULL,NULL,NULL,NULL,NULL,NULL,NULL,NULL,NULL,NULL,'2015-01-01 22:00:43'),(60,'35427j046ff8fgcrleh8mu0e34','',NULL,'34',NULL,NULL,NULL,'1','0',NULL,NULL,NULL,NULL,NULL,NULL,NULL,'2015-01-02 20:03:39'),(61,'auh5m9l9atmnpv2jelbqmb8kf1','erizo',NULL,NULL,NULL,NULL,NULL,NULL,NULL,NULL,NULL,NULL,NULL,NULL,NULL,NULL,'2015-01-05 03:34:46'),(62,'vtb2a67tp15o72ke9b1k5o9i27',NULL,NULL,NULL,NULL,NULL,NULL,NULL,NULL,'1',NULL,NULL,NULL,NULL,NULL,NULL,'2015-01-07 04:21:40'),(63,'g0qjqk5feg7dqj3evbk95hvt41',NULL,NULL,NULL,NULL,NULL,NULL,NULL,NULL,'1',NULL,NULL,NULL,NULL,NULL,NULL,'2015-01-07 16:38:55'),(64,'9o5dcpok1vng78nq6u09u25407',NULL,NULL,NULL,NULL,NULL,NULL,'1',NULL,NULL,NULL,NULL,NULL,NULL,NULL,NULL,'2015-01-07 17:28:28'),(69,'idtu04jkl14lq3ltbk02dtc9c5',NULL,NULL,'3',NULL,NULL,NULL,NULL,NULL,NULL,NULL,NULL,NULL,NULL,NULL,NULL,'2015-01-08 00:45:30'),(70,'9thtoqe5c7go5li9v551lh9qn7',NULL,NULL,NULL,NULL,NULL,NULL,'1',NULL,NULL,NULL,NULL,NULL,NULL,NULL,NULL,'2015-01-09 01:04:22'),(72,'b4c1baffqv52aj4sour2c1ire2','tilapia',NULL,NULL,NULL,NULL,NULL,NULL,NULL,NULL,NULL,NULL,NULL,NULL,NULL,NULL,'2015-01-12 05:33:10'),(74,'gle45bgu61c30h6m91h2eo43m4','carpa',NULL,'',NULL,NULL,NULL,NULL,NULL,NULL,NULL,NULL,NULL,NULL,NULL,NULL,'2015-01-12 21:52:50'),(75,'rgk1uloigb56aqtfgc4c2mmd63',NULL,NULL,NULL,NULL,NULL,NULL,NULL,'1',NULL,NULL,NULL,NULL,NULL,NULL,NULL,'2015-01-13 15:29:59'),(76,'vduprsglsveq2ces7960o7hlj5','',NULL,'50',NULL,NULL,NULL,'0','1',NULL,NULL,NULL,NULL,NULL,NULL,NULL,'2015-01-13 18:39:57'),(77,'j8fd3f4ek5aib0d3o1h7s7mjo7',NULL,NULL,'33',NULL,NULL,NULL,NULL,NULL,NULL,NULL,NULL,NULL,NULL,NULL,'1','2015-01-13 23:57:23'),(78,'ageklj02ukotqk47fnjefsl8o4',NULL,NULL,NULL,NULL,NULL,NULL,'0',NULL,NULL,NULL,NULL,NULL,NULL,NULL,NULL,'2015-01-14 01:40:47'),(79,'eb20nqun799qp2t24bfnlptl56',NULL,NULL,NULL,NULL,NULL,NULL,NULL,'1',NULL,NULL,NULL,NULL,NULL,NULL,NULL,'2015-01-14 02:58:10'),(80,'u5ognehgffr08j7jle2hmutsa5','chabelita',NULL,NULL,NULL,NULL,NULL,NULL,NULL,NULL,NULL,NULL,NULL,NULL,NULL,NULL,'2015-01-14 04:28:37'),(81,'ukto3og2dsp6miij5nh5mtusp7',NULL,NULL,NULL,'9',NULL,NULL,'1',NULL,NULL,NULL,NULL,NULL,NULL,NULL,NULL,'2015-01-14 05:14:18'),(82,'ph8378ec3b1v3q6esgjp8sdtf2',NULL,NULL,'48',NULL,NULL,NULL,NULL,NULL,NULL,NULL,NULL,NULL,NULL,NULL,NULL,'2015-01-15 06:17:24'),(83,'nhq7qin60htnu79b2o0jasro07','Huachinango',NULL,NULL,NULL,NULL,NULL,NULL,NULL,NULL,NULL,NULL,NULL,NULL,NULL,NULL,'2015-01-16 15:33:07'),(84,'v6tvv7cse7j9bilri22bmrc413',NULL,NULL,NULL,NULL,NULL,NULL,'1',NULL,NULL,NULL,NULL,NULL,NULL,NULL,NULL,'2015-01-16 18:28:07'),(85,'cab95v16j57fhadh4b0e7hmqv1',NULL,'Cetengraulis mysticetus',NULL,NULL,NULL,NULL,NULL,NULL,NULL,NULL,NULL,'0',NULL,NULL,NULL,'2015-01-16 20:45:57'),(86,'hb7etoer2f7qq4c9tj7jovj9k3',NULL,NULL,'50',NULL,NULL,NULL,NULL,NULL,NULL,NULL,NULL,NULL,NULL,NULL,NULL,'2015-01-16 20:54:13'),(87,'0umpm2n33vbkndne0807l06ee3',NULL,NULL,NULL,NULL,NULL,NULL,'1',NULL,NULL,NULL,NULL,NULL,NULL,NULL,NULL,'2015-01-16 21:34:01'),(88,'dfi8d56d29thdh08ng8r3fk7e2',NULL,NULL,NULL,NULL,NULL,NULL,'1','1',NULL,NULL,NULL,NULL,NULL,NULL,NULL,'2015-01-24 16:16:45'),(89,'levj81m322k9fi8jp1tiahdh14',NULL,NULL,NULL,NULL,NULL,NULL,'1',NULL,NULL,NULL,NULL,NULL,NULL,NULL,NULL,'2015-01-24 19:39:41'),(90,'fqbo0302nn4818l5dcn6i9ejv6',NULL,NULL,NULL,NULL,NULL,NULL,NULL,NULL,NULL,'1',NULL,NULL,NULL,NULL,NULL,'2015-01-24 21:18:26'),(92,'hsvki1kal7tfga3kql0pintaq0',NULL,' holoturoideos',NULL,'9',NULL,NULL,NULL,NULL,'1',NULL,'1',NULL,NULL,NULL,NULL,'2015-01-26 18:04:53'),(93,'psut58ivolsaeb9jn3dtdsmp02',NULL,'Paralabrax clarhratus',NULL,NULL,NULL,NULL,NULL,NULL,NULL,NULL,NULL,NULL,NULL,NULL,NULL,'2015-01-26 19:29:04'),(94,'jg4ja82hknehv2vpt7275204g4','betta',NULL,NULL,NULL,NULL,NULL,NULL,NULL,NULL,NULL,NULL,NULL,NULL,NULL,NULL,'2015-01-26 23:15:21'),(95,'k7den307jcqpk6lv5cbc4ed780',NULL,NULL,NULL,NULL,NULL,NULL,NULL,NULL,'1',NULL,NULL,NULL,NULL,NULL,NULL,'2015-01-27 01:56:18'),(96,'pb2kf74sgsav2a4cro4o2u2n01','robalo',NULL,NULL,NULL,NULL,NULL,'1',NULL,NULL,NULL,NULL,NULL,NULL,NULL,NULL,'2015-01-27 21:39:19'),(97,'1s9irvq20trrf1t68nhpvfthj2','sabalo','',NULL,NULL,NULL,NULL,NULL,NULL,NULL,NULL,NULL,NULL,NULL,NULL,NULL,'2015-01-27 22:35:53'),(98,'nf1mol7eqhsb140i8fsolkilt7','bagre',NULL,'5',NULL,NULL,NULL,NULL,NULL,NULL,NULL,NULL,NULL,NULL,NULL,NULL,'2015-01-28 00:17:53'),(100,'beqov06kr03432gveep8k9rb76','BONITO',NULL,NULL,NULL,NULL,NULL,NULL,NULL,NULL,NULL,NULL,NULL,NULL,NULL,NULL,'2015-01-28 14:22:37'),(101,'afscsfl7jn5k3f7i8dv6avgih5',NULL,NULL,'25',NULL,NULL,NULL,NULL,NULL,NULL,NULL,NULL,NULL,NULL,NULL,NULL,'2015-01-29 17:15:02'),(102,'isar0kp7am70npcar6n6htde53','pargo',NULL,'3',NULL,NULL,NULL,'1',NULL,NULL,NULL,NULL,NULL,NULL,NULL,NULL,'2015-01-29 18:42:20'),(103,'clt9fe3t9a1trhh1lr4bd0kqt3','barrilete',NULL,NULL,NULL,NULL,NULL,NULL,NULL,NULL,NULL,NULL,NULL,NULL,NULL,NULL,'2015-01-31 02:08:01'),(105,'d4bic40mgm2gfn8h16tfdp4bm0',NULL,NULL,'25','',NULL,NULL,NULL,'1',NULL,NULL,NULL,NULL,NULL,NULL,'0','2015-01-31 02:54:58'),(106,'o6si121ovd2oe9ofamd25hcpk3',NULL,NULL,'25',NULL,NULL,NULL,NULL,'1',NULL,NULL,NULL,NULL,NULL,NULL,NULL,'2015-01-31 03:12:18'),(107,'h4ai7apbsgu14lq86qv68c7f35',NULL,NULL,'25',NULL,NULL,NULL,NULL,'1',NULL,NULL,NULL,NULL,NULL,NULL,NULL,'2015-01-31 03:59:45'),(108,'cbukabgib5i09trdghnjhehni2',NULL,NULL,NULL,NULL,NULL,NULL,NULL,'1',NULL,NULL,NULL,NULL,NULL,NULL,NULL,'2015-02-01 00:13:16'),(109,'b00uautubhevbgjmkss6vc75i1','rubio',NULL,'46','7',NULL,NULL,NULL,'0',NULL,NULL,NULL,NULL,NULL,NULL,NULL,'2015-02-03 19:59:33'),(110,'4lg2165or84j2u7h31galagcg1',NULL,'Euthynnus lineatus',NULL,NULL,NULL,NULL,'0',NULL,NULL,NULL,NULL,NULL,NULL,NULL,NULL,'2015-02-04 00:07:18'),(111,'a574s8pj6h3qp8l6h3kqq7uqo3','pulpo',NULL,'',NULL,NULL,NULL,NULL,'0',NULL,NULL,NULL,NULL,NULL,NULL,NULL,'2015-02-04 00:14:43'),(113,'abji0ldujaqndq45c4ke4ni625','Robalo',NULL,NULL,NULL,NULL,NULL,NULL,NULL,NULL,NULL,NULL,NULL,NULL,NULL,NULL,'2015-02-04 01:26:33'),(114,'7l3u4aq8aqfi062gfpc24028j5',NULL,'Centropomus undecimalis',NULL,NULL,NULL,NULL,NULL,NULL,NULL,NULL,NULL,NULL,NULL,NULL,NULL,'2015-02-04 13:23:22'),(115,'srb18eiugdhi0po257hentvd96',NULL,NULL,NULL,NULL,NULL,NULL,'1','1',NULL,NULL,NULL,NULL,NULL,NULL,'1','2015-02-04 15:01:44'),(116,'gkjud1jo0rml15nkcb6qoulab3',NULL,'Xystreurys liolepis',NULL,NULL,NULL,NULL,NULL,NULL,NULL,NULL,NULL,NULL,NULL,NULL,NULL,'2015-02-04 16:42:40'),(117,'eurpjgmoa8hp0g9t9ejoah6uc0',NULL,NULL,NULL,NULL,'0','0',NULL,'0','0',NULL,NULL,'1','0',NULL,'1','2015-02-04 21:25:19'),(118,'c8e4ogohdnbj5v20k3lpeue9j6',NULL,NULL,'',NULL,NULL,NULL,'1',NULL,NULL,NULL,NULL,NULL,NULL,NULL,NULL,'2015-02-04 21:26:06'),(119,'tlt7bg5dgibjuu7q71shh2laf1',NULL,NULL,NULL,NULL,NULL,NULL,'1',NULL,NULL,NULL,NULL,NULL,NULL,NULL,NULL,'2015-02-04 23:52:38'),(121,'rfn3s6075dasbv4jfegh7jfkb5',NULL,NULL,NULL,'',NULL,NULL,NULL,NULL,NULL,NULL,NULL,NULL,NULL,NULL,NULL,'2015-02-05 23:12:41'),(122,'t8vuccm5dt0i94rlr4036lnds5',NULL,NULL,'3',NULL,NULL,NULL,NULL,NULL,NULL,NULL,NULL,NULL,NULL,NULL,NULL,'2015-02-06 16:54:08');
/*!40000 ALTER TABLE `filtros` ENABLE KEYS */;
UNLOCK TABLES;

--
-- Table structure for table `grupo`
--

DROP TABLE IF EXISTS `grupo`;
/*!40101 SET @saved_cs_client     = @@character_set_client */;
/*!40101 SET character_set_client = utf8 */;
CREATE TABLE `grupo` (
  `id` int(11) NOT NULL AUTO_INCREMENT,
  `nombre` varchar(255) NOT NULL,
  `fecha_creacion` timestamp NOT NULL DEFAULT CURRENT_TIMESTAMP ON UPDATE CURRENT_TIMESTAMP,
  PRIMARY KEY (`id`)
) ENGINE=InnoDB AUTO_INCREMENT=52 DEFAULT CHARSET=utf8;
/*!40101 SET character_set_client = @saved_cs_client */;

--
-- Dumping data for table `grupo`
--

LOCK TABLES `grupo` WRITE;
/*!40000 ALTER TABLE `grupo` DISABLE KEYS */;
INSERT INTO `grupo` VALUES (1,'Anchovetas','2014-11-25 23:31:05'),(2,'Anguilas','2014-11-25 23:31:05'),(3,'Atunes','2014-11-25 23:31:05'),(4,'Bacalaos','2014-11-25 23:31:05'),(5,'Bagres','2014-11-25 23:31:05'),(6,'Baqueta','2014-11-25 23:31:05'),(7,'Barriletes','2014-11-25 23:31:05'),(8,'Berrugatas','2014-11-25 23:31:05'),(9,'Besugo','2014-11-25 23:31:05'),(10,'Bonitos','2014-11-25 23:31:05'),(11,'Botetes','2014-11-25 23:31:05'),(12,'Cabrillas','2014-11-25 23:31:05'),(13,'Cazones','2014-11-25 23:31:05'),(14,'Chile','2014-11-25 23:31:05'),(15,'Chondrichthyes','2014-11-25 23:31:05'),(16,'Cintillas','2014-11-25 23:31:05'),(17,'Corvinas','2014-11-25 23:31:05'),(18,'Dorado','2014-11-25 23:31:05'),(19,'Escama','2014-11-25 23:31:05'),(20,'Esmedregal','2014-11-25 23:31:05'),(21,'Esturiones','2014-11-25 23:31:05'),(22,'Gallineta','2014-11-25 23:31:05'),(23,'Garropas','2014-11-25 23:31:05'),(24,'Grupo','2014-11-25 23:31:05'),(25,'Huachinangos','2014-11-25 23:31:05'),(26,'Jureles','2014-11-25 23:31:05'),(27,'Lebranchas','2014-11-25 23:31:05'),(28,'Lenguados','2014-11-25 23:31:05'),(29,'Lisas','2014-11-25 23:31:05'),(30,'Macarela','2014-11-25 23:31:05'),(31,'Marlíns','2014-11-25 23:31:05'),(32,'Meros','2014-11-25 23:31:05'),(33,'Mojarras','2014-11-25 23:31:05'),(34,'Otros','2014-11-25 23:31:05'),(35,'Pámpanos','2014-11-25 23:31:05'),(36,'Papagallos','2014-11-25 23:31:05'),(37,'Pargos','2014-11-25 23:31:05'),(38,'Peces espada','2014-11-25 23:31:05'),(39,'Peces importados','2014-11-25 23:31:05'),(40,'Peces vela','2014-11-25 23:31:05'),(41,'Petos','2014-11-25 23:31:05'),(42,'Piernas','2014-11-25 23:31:05'),(43,'Robalo','2014-11-25 23:31:05'),(44,'Ronco','2014-11-25 23:31:05'),(45,'Rubia-Villajaiba','2014-11-25 23:31:05'),(46,'Rubio','2014-11-25 23:31:05'),(47,'Sábalos','2014-11-25 23:31:05'),(48,'Sardinas','2014-11-25 23:31:05'),(49,'Sierras','2014-11-25 23:31:05'),(50,'Tiburones','2014-11-25 23:31:05'),(51,'Totoaba','2014-11-25 23:31:05');
/*!40000 ALTER TABLE `grupo` ENABLE KEYS */;
UNLOCK TABLES;

--
-- Table structure for table `peces`
--

DROP TABLE IF EXISTS `peces`;
/*!40101 SET @saved_cs_client     = @@character_set_client */;
/*!40101 SET character_set_client = utf8 */;
CREATE TABLE `peces` (
  `especie_id` int(11) NOT NULL AUTO_INCREMENT,
  `nombre_comun` varchar(255) DEFAULT NULL,
  `nombre_ingles` varchar(255) DEFAULT NULL,
  `nombre_cientifico` varchar(255) NOT NULL,
  `clase` varchar(255) DEFAULT NULL,
  `orden` varchar(255) DEFAULT NULL,
  `familia` varchar(255) DEFAULT NULL,
  `grupo_id` int(11) DEFAULT NULL,
  `nacional_Importado` varchar(255) DEFAULT NULL,
  `tipo_imagen` int(11) DEFAULT NULL,
  `imagen` varchar(255) DEFAULT NULL,
  `triptico` varchar(255) DEFAULT NULL,
  `talla_captura` varchar(255) DEFAULT NULL,
  `tipo_captura` varchar(255) DEFAULT NULL,
  `arte_pesca` longtext,
  `tipo_veda_id` int(11) DEFAULT NULL,
  `veda` varchar(255) NOT NULL COMMENT 'Meses separados por coma',
  `generalidades` longtext,
  `descripcion_distribucion` varchar(255) DEFAULT NULL,
  `cultivado_capturado` varchar(255) DEFAULT NULL,
  `comercio` varchar(255) DEFAULT NULL,
  `pais_importacion` varchar(255) DEFAULT NULL,
  `fecha_creacion` timestamp NOT NULL DEFAULT CURRENT_TIMESTAMP,
  PRIMARY KEY (`especie_id`),
  KEY `fk_peces_tipo_veda_idx` (`tipo_veda_id`),
  KEY `fk_peces_grupo1_idx` (`grupo_id`),
  CONSTRAINT `fk_peces_grupo1` FOREIGN KEY (`grupo_id`) REFERENCES `grupo` (`id`) ON DELETE NO ACTION ON UPDATE NO ACTION,
  CONSTRAINT `fk_peces_tipo_veda` FOREIGN KEY (`tipo_veda_id`) REFERENCES `tipo_veda` (`id`) ON DELETE NO ACTION ON UPDATE NO ACTION
) ENGINE=InnoDB AUTO_INCREMENT=476 DEFAULT CHARSET=utf8;
/*!40101 SET character_set_client = @saved_cs_client */;

--
-- Dumping data for table `peces`
--

LOCK TABLES `peces` WRITE;
/*!40000 ALTER TABLE `peces` DISABLE KEYS */;
INSERT INTO `peces` VALUES (1,'Cirujano aleta amarilla','Yellowfin Surgeonfish','Acanthurus xanthopterus','Actinopterygii','Perciformes','Acanthuridae',19,'Nacional',2,'Acanthurus xanthopterus.png','','25-60','No selectiva','Línea de mano o cuerda, red agallera de fondo y palangre escamero (cimbra).',NULL,'','Especie marina de hábitos costeros. Vive en arrecifes coralinos y rocosos. Se alimenta de algas microscópicas (diatomeas) y detritus.','Se distribuye en el Indo Pacífico y Pacífico Oriental, desde el este de África, Australia, Japón, Golfo de California, Panamá e Islas Galápagos.','Capturada','Se utiliza la carne.','','2014-11-25 23:31:08'),(2,'Cirujano pardo','','Acanthurus bahianus','Actinopterygii','Perciformes','Acanthuridae',NULL,'',3,'','','','','',NULL,'','','','','','','2014-11-25 23:31:08'),(3,'Cirujano rayado','','Acanthurus chirurgus','Actinopterygii','Perciformes','Acanthuridae',NULL,'',3,'','','','','',NULL,'','','','','','','2014-11-25 23:31:08'),(4,'Cirujano azul','','Acanthurus coeruleus','Actinopterygii','Perciformes','Acanthuridae',NULL,'',3,'','','','','',NULL,'','','','','','','2014-11-25 23:31:08'),(5,'Macabí de hebra','Shafted Bonefish','Albula nemoptera','Actinopterygii','Albuliformes','Albulidae',19,'Nacional',2,'Albula nemoptera.png','','30-50','No selectiva','Red de enmalle o chinchorro lisero.',NULL,'','Especie marina de hábitos costeros. Vive en estuarios y en la boca de los ríos. Se alimenta de peces y crustáceos.','Se distribuye en las costas de Chiapas, Nicaragua, Costa Rica y Panamá en ambas cotas, Pacífico y Atlántico.','Capturada','Se utiliza la carne.','','2014-11-25 23:31:08'),(6,'Macabí','Bonefish Macabi','Albula vulpes','Actinopterygii','Albuliformes','Albulidae',19,'Nacional',2,'Albula vulpes.png','','20-40','No selectiva','Red de enmalle o chinchorro lisero.',NULL,'','Especie marina de hábitos costeros. Vive en estuarios y en la boca de los ríos. Se alimenta de peces y crustáceos.','Se distribuye en el océano Pacífico y Atlántico.','Capturada','Se utiliza la carne.','','2014-11-25 23:31:08'),(7,'Zorro pelágico','Pelagic Thresher','Alopias pelagicus','Chondrichthyes','Lamniformes','Alopiidae',50,'Nacional',2,'Alopias pelagicus.png','','160-360','Selectiva','Palangres y redes de enmalle establecidos en la NOM-029-PESCA 2006 de Tiburones y Rayas.',4,'(Pacífico) del 1 de mayo al 31 de julio.','Especie marina de hábitos pelágicos y altamente migratorios. Se alimenta principalmente de calamares.','Se distribuye casi en todo el Pacífico.','Capturada','Se utiliza la carne, aceite de hígado, piel, el aleteo está prohibido.','','2014-11-25 23:31:08'),(8,'Tiburón zorro ojón','Bigeye Thresher','Alopias superciliosus','Chondrichthyes','Lamniformes','Alopiidae',50,'Nacional',2,'Alopias superciliosus.png','','140-460','Selectiva','Palangres y redes de enmalle establecidos en la NOM-029-PESCA 2006 de Tiburones y Rayas.',4,'(Pacífico) del 1 de mayo al 31 de julio.','Especie marina de hábitos pelágicos y costeros. Se alimenta de peces y cefalópodos.','Se distribuye casi en todos los mares.','Capturada','Se utiliza la carne, aceite de hígado, piel, el aleteo está prohibido.','','2014-11-25 23:31:08'),(9,'Tiburón zorro común','Thresher Shark','Alopias vulpinus','Chondrichthyes','Lamniformes','Alopiidae',50,'Nacional',2,'Alopias vulpinus.png','','160-600','Selectiva','Palangres y redes de enmalle establecidos en la NOM-029-PESCA 2006 de Tiburones y Rayas.',4,'(Pacífico) del 1 de mayo al 31 de julio.','Especie marina de hábitos pelágicos y a veces costeros. Se alimenta de peces, cefalópodos, crustáceos y aves.','Se distribuye casi en todos los mares.','Capturada','Se utiliza la carne, aceite de hígado, piel, el aleteo está prohibido.','','2014-11-25 23:31:08'),(10,'Anguila europea','European Eel','Anguilla anguilla','Actinopterygii','Anguilliformes','Anguillidae',2,'Importado',2,'Anguilla anguilla.png','','30-130','Selectiva','Cultivos de engorda.',NULL,'','Especie de agua dulce y salada. Se alimenta de invertebrados y pequeños peces.','Se distribuye en ríos que desembocan en el Atlántico Norte, el Mar Báltico y el Mediterráneo. Vive a lo largo de las costas de Europa, desde el Mar Negro hasta el Mar Blanco.','Cultivada','Fresco, congelado.','Estados Unidos, China y Corea de Sur.','2014-11-25 23:31:08'),(11,'Bacalao Negro','Sablefish','Anoplopoma fimbria','Actinopterygii','Scorpaeniformes','Anoplopomatidae',4,'Nacional',2,'Anoplopoma fimbria.png','','50-100','Selectiva','Línea de trampa y palangre de anzuelo cebado.',NULL,'','Especie marina de hábitos bentónicos. Vive a profundidades que van de los 300 a 600 metros. Se alimenta de crustáceos, poliquetos y pequeños peces.','Se distribuye en el Pacífico Norte, desde Japón, Mar de Bering, hasta Baja California Sur.','Capturada','Se utiliza la carne y su aceite de hígado.','','2014-11-25 23:31:08'),(12,'Bagre maya','','Ariopsis assimillis','Actinopterygii','Siluriformes','Ariidae',5,'',3,'','','','','',NULL,'','','','','','','2014-11-25 23:31:08'),(13,'Bagre','','Ariopsis felis','Actinopterygii','Siluriformes','Ariidae',5,'',3,'','','','','',NULL,'','','','','','','2014-11-25 23:31:08'),(14,'Bagre cuatete','Widehead Sea Catfish','Ariopsis guatemalensis','Actinopterygii','Siluriformes','Ariidae',5,'Nacional',2,'Ariopsis guatemalensis.png','','20-40','No selectiva','Red de enmalle o chinchorro lisero.',NULL,'','Especie marina de hábitos costeros. Vive en fondos fangosos. Se alimenta de peces e invertebrados.','Se distribuye en el Pacífico Oriental, desde México a Costa Rica.','Capturada','Se utiliza la carne.','','2014-11-25 23:31:08'),(15,'Bagre tete','Tete Sea Catfish','Ariopsis seemanni','Actinopterygii','Siluriformes','Ariidae',5,'Nacional',2,'Ariopsis seemanni.png','','15-35','No selectiva','Red de enmalle de superficie tipo agallera, línea de mano y arpón.',NULL,'','Especie marina de hábitos costeros. Vive en fondos fangosos. Se alimenta de peces e invertebrados.','Se distribuye en el Pacífico Oriental, desde el Golfo de California hasta Perú.','Capturada','Se utiliza la carne.','','2014-11-25 23:31:08'),(16,'Bagre bandera','Gafftopsail Catfish','Bagre marinus','Actinopterygii','Siluriformes','Ariidae',5,'Nacional',1,'bagreMarinus.png','Tríptico','25-70','No selectiva','Chinchorro playero, red agallera para esteros y línea de costa.',NULL,'','Especie predominantemente marina. Vive en estuarios y manglares a profundidades menores de los 50 metros. Se alimenta de pequeños peces e invertebrados. Desova de mayo a agosto en la zona norte del Golfo de México.','Se distribuye en la costa del Atlántico, desde Estados Unidos a Brasil.','Capturada','Se utiliza la carne.','','2014-11-25 23:31:08'),(17,'Bagre chihuil','Chihuil Bagre','Bagre panamensis','Actinopterygii','Siluriformes','Ariidae',5,'Nacional',1,'bagrePanamensis.png','Tríptico','22-40','No selectiva','Redes de arrastre, red agallera para escama de fondo, red agallera para esteros y línea de costa.',NULL,'','Especie marina de hábitos costeros. Vive en fondos fangosos. Se alimenta de peces e invertebrados.','Se distribuye en el Pacífico Oriental, desde California a Perú.','Capturada','Se utiliza la carne.','','2014-11-25 23:31:08'),(18,'Bagre barbón','Long-Barbeled Sea Catfish','Bagre pinnimaculatus','Actinopterygii','Siluriformes','Ariidae',5,'Nacional',2,'Bagre pinnimaculatus.png','','30-90','No selectiva','Red de enmalle de superficie tipo agallera, línea de mano y arpón.',NULL,'','Especie marina de hábitos costeros. Vive en fondos fangosos. Se alimenta de peces e invertebrados.','Se distribuye en el Pacífico Oriental, desde California a Perú.','Capturada','Se utiliza la carne.','','2014-11-25 23:31:08'),(19,'Bagre prieto','','Cathorops melanopus','Actinopterygii','Siluriformes','Ariidae',5,'',3,'','','','','',NULL,'','','','','','','2014-11-25 23:31:08'),(20,'Cochi','Finescale Triggerfish','Balistes polylepis','Actinopterygii','Tetraodontiformes','Balistidae',19,'Nacional',2,'Balistes polylepis.png','','40-70','No selectiva','Línea de mano, red agallera de fondo, palangre escamero.',NULL,'','Especie marina de hábitos costeros. Vive en arrecifes rocosos y de coral. Se alimenta de erizos, pequeños crustáceos y moluscos.','Se distribuye en casi todo el Océano Pacífico.','Capturada','Se utiliza la carne.','','2014-11-25 23:31:08'),(21,'Cochito bota','Blunthead Triggerfish','Pseudobalistes naufragium','Actinopterygii','Tetraodontiformes','Balistidae',19,'Nacional',3,'Pseudobalistes naufragium.png','','40-100','No selectiva','Línea de mano, red agallera de fondo, palangre escamero.',NULL,'','Especie marina de hábitos costeros. Vive en arrecifes rocosos y de coral. Se alimenta de erizos, pequeños crustáceos y moluscos.','Se distribuye en el Pacífico Oriental, desde Baja California, Golfo de California, hasta Chile e Islas Galápagos.','Capturada','Se utiliza la carne.','','2014-11-25 23:31:08'),(22,'Cochito naranja','Orangeside Triggerfish','Sufflamen verres','Actinopterygii','Tetraodontiformes','Balistidae',19,'Nacional',2,'Sufflamen verres.png','','25-40','No selectiva','Línea de mano, red agallera de fondo, palangre escamero.',NULL,'','Especie marina de hábitos costeros. Vive en arrecifes rocosos y de coral. Se alimenta de erizos, pequeños crustáceos y moluscos.','Se distribuye en el Pacífico Oriental, desde California a Perú.','Capturada','Se utiliza la carne.','','2014-11-25 23:31:08'),(23,'Agujón californiano','California Needlefish','Strongylura exilis','Actinopterygii','Beloniformes','Belonidae',19,'Nacional',2,'Strongylura exilis.png','','30-90','No selectiva','Red de enmalle de superficie tipo agallera, línea de mano y arpón.',NULL,'','Especie marina de hábitos pelágicos y costeros. Vive en zonas cerca de manglares, bahías y puertos. Se alimenta de pequeños peces.','Se distribuye en el Pacífico Oriental, desde California, Perú e Islas Galápagos.','Capturada','Se utiliza la carne.','','2014-11-25 23:31:08'),(24,'Lenguado','','Bothus ocellatus','Actinopterygii','Pleuronectiformes','Bothidae',NULL,'',3,'','','','','',NULL,'','','','','','','2014-11-25 23:31:08'),(25,'Lenguado','','Bothus robinsi','Actinopterygii','Pleuronectiformes','Bothidae',NULL,'',3,'','','','','',NULL,'','','','','','','2014-11-25 23:31:08'),(26,'Esmedregal','','Seriola dumerili','Actinopterygii','Perciformes','Carangidae',20,'',3,'','','','','',NULL,'','','','','','','2014-11-25 23:31:08'),(27,'Medregal fortuno','Fortune Jack','Seriola peruana','Actinopterygii','Perciformes','Carangidae',20,'Nacional',2,'Seriola peruana.png','','40-60','No selectiva','Red agallera de superficie, chinchorro playero, almadraba y curricán.',NULL,'','Especie marina de hábitos pelágicos y costeros. Vive cerca de los arrecifes rocosos. Se alimenta de peces y crustáceos.','Se distribuye en el Pacífico Oriental, desde México hasta Ecuador e Islas Galápagos.','Capturada','Se utiliza la carne.','','2014-11-25 23:31:08'),(28,'Esmedregal/Medregal limón','Almaco Jack','Seriola rivoliana','Actinopterygii','Perciformes','Carangidae',20,'Nacional',1,'SeriolaRivoliana.png','Tríptico','90-150','No selectiva','Chinchorro playero, red agallera para esteros y línea de costa, red agallera para escama pelágica.',NULL,'','Especie marina de hábitos pelágicos. Vive cerca de la costa y sobre la plataforma continental. Se alimenta de peces y camarones.','Se distribuye en el Atlántico occidental, desde Nueva Escocia (Canadá), hasta Brasil.','Capturada','Se utiliza la carne.','','2014-11-25 23:31:08'),(29,'Coronado esmedregal','Banded Rudderfish','Seriola zonata','Actinopterygii','Perciformes','Carangidae',20,'Nacional',1,'SeriolaZonata.png','Tríptico','50-75','No selectiva','Chinchorro playero, red agallera para esteros y línea de costa, red agallera para escama pelágica.',NULL,'','Especie marina que vive asociada a arrecifes. Se alimenta de peces e invertebrados.','Se distribuye en todo el Atlántico y Pacífico.','Capturada','Se utiliza la carne.','','2014-11-25 23:31:08'),(30,'Jureles','Mackereles','Trachurus spp.','Actinopterygii','Perciformes','Carangidae',39,'',3,'','','','','',NULL,'','','','','Congelado.','Estados Unidos, Canada.','2014-11-25 23:31:08'),(31,'Jurel de hebra','Threadfin Jack','Caranx otrynter','Actinopterygii','Perciformes','Carangidae',26,'Nacional',2,'Caranx otrynter.png','','30-60','No selectiva','Chinchorro playero, red agallera para esteros y línea de costa, red agallera para escama pelágica.',NULL,'','Especie marina de hábitos pelágicos. Se alimenta de peces y camarones.','Se distribuye en el Pacífico Oriental, desde México hasta Ecuador e Islas Galápagos.','Capturada','Se utiliza la carne.','','2014-11-25 23:31:08'),(32,'Cocinero','Cocinero','Caranx vinctus','Actinopterygii','Perciformes','Carangidae',19,'Nacional',3,'Caranx vinctus.png','','20-40','No selectiva','Chinchorro playero, red agallera para esteros y línea de costa, red agallera para escama pelágica.',NULL,'','Especie marina de hábitos pelágicos. Vive cerca de la costa y sobre la plataforma continental. Se alimenta de peces y camarones.','Se distribuye en el Pacífico Oriental, desde el sur de California, Golfo de California, Ecuador e Islas Malpelo.','Capturada','Se utiliza la carne.','','2014-11-25 23:31:08'),(33,'Jurel bonito','Green Jack','Caranx caballus','Actinopterygii','Perciformes','Carangidae',26,'Nacional',1,'CaranxCaballus.png','Tríptico','40-55','No selectiva','Chinchorro playero, red agallera para esteros y línea de costa, red agallera para escama pelágica.',NULL,'','Especie marina de hábitos pelágicos. Vive en la zona de la plataforma continental y cerca de la costa. Se alimenta de peces, calamares, camarones y otros invertebrados.','Se distribuye en el Pacífico Oriental, desde California hasta Perú.','Capturada','Se utiliza la carne.','','2014-11-25 23:31:08'),(34,'Jurel toro','Pacific Crevalle Jack','Caranx caninus','Actinopterygii','Perciformes','Carangidae',26,'Nacional',1,'CaranxCaninus.png','Tríptico','60-100','No selectiva','Chinchorro playero, red agallera para esteros y línea de costa, red agallera para escama pelágica.',NULL,'','Especie marina de hábitos pelágicos. Vive en aguas costeras y oceánicas. Se alimenta de peces, camarones y otros invertebrados.','Se distribuye en el Pacífico Oriental, desde el sur de California hasta Perú.','Capturada','Se utiliza la carne.','','2014-11-25 23:31:08'),(35,'Jurel común','Crevalle Jack','Caranx hippos','Actinopterygii','Perciformes','Carangidae',26,'Nacional',1,'CaranxHippos.png','Tríptico','74-124','No selectiva','Chinchorro playero, red agallera para esteros y línea de costa, red agallera para escama pelágica.',NULL,'','Especie totalmente marina. Los adultos viven en las bocas de los ríos, los juveniles viven en estuarios y cerca de los fondos fangosos, playas y pastos marinos. Se alimentan de peces, camarones y otros invertebrados.','Se distribuye en las costas del Atlántico oriental, desde Portugal hasta Angola, incluyendo el oeste del Mar Mediterráneo y en el Atlántico occidental, desde Nueva Escocia, Golfo de México y Uruguay.','Capturada','Se utiliza la carne.','','2014-11-25 23:31:08'),(36,'Jurel blanco','Horse Eye Jack','Caranx latus','Actinopterygii','Perciformes','Carangidae',26,'Nacional',1,'CaranxLatus.png','Tríptico','34-101','No selectiva','Chinchorro playero, red agallera para esteros y línea de costa, red agallera para escama pelágica.',NULL,'','Especie marina que vive en el mar abierto y en los arrecifes. Los juveniles viven cerca de las costas, en fondos arenosos y fangosos. Pueden vivir hasta 140 m de profundidad.','Se distribuye desde las costas del Atlántico occidental (Costa norte de los Estados Unidos, Bermudas, Golfo de México y Brasil.','Capturada','Se utiliza la carne.','','2014-11-25 23:31:08'),(37,'Jurel negro','','Caranx lugubris','Actinopterygii','Perciformes','Carangidae',26,'',3,'','','','','',NULL,'','','','','','','2014-11-25 23:31:08'),(38,'Jurel voráz','Bigeye Trevally','Caranx sexfasciatus','Actinopterygii','Perciformes','Carangidae',26,'Nacional',2,'Caranx sexfasciatus.png','','50-120','No selectiva','Chinchorro playero, red agallera para esteros y línea de costa, red agallera para escama pelágica.',NULL,'','Especie marina. Vive en aguas costeras y cerca de los arrecifes rocosos y de coral. Se alimenta de peces y crustáceos.','Se distribuye en el Pacífico Oriental e Indo Pacífico, desde el sur de California a Ecuador.','Capturada','Se utiliza la carne.','','2014-11-25 23:31:08'),(39,'Jurel de castilla','Pacific Bumper','Chloroscombrus orqueta','Actinopterygii','Perciformes','Carangidae',26,'Nacional',2,'Chloroscombrus orqueta.png','','15-30','No selectiva','Chinchorro playero, red agallera para esteros y línea de costa, red agallera para escama pelágica.',NULL,'','Especie marina de hábitos costeros. Vive en aguas poco profundas en lagunas costeras y estuarios comúnmente en zonas de manglar. Se alimenta de peces y crustáceos.','Se distribuye en el Pacífico Oriental, desde el sur de California a Perú.','Capturada','Se utiliza la carne.','','2014-11-25 23:31:08'),(40,'Macarela salmón','Rainbow Runner','Elagatis bipinnulata','Actinopterygii','Perciformes','Carangidae',19,'Nacional',2,'Elagatis bipinnulata.png','','90-180','No selectiva','Chinchorro playero, red agallera para esteros y línea de costa, red agallera para escama pelágica.',NULL,'','Especie marina de hábitos oceánicos y costeros. Vive cerca de los arrecifes o en el mar abierto alrededor de objetos flotantes. Se alimenta de crustáceos y peces pequeños.','Se distribuye desde el Atlántico Occidental y norte del Golfo de México, Atlántico Oriental y Mar Mediterráneo, Indo Pacífico y Pacífico Oriental, Golfo de California, Ecuador e Islas Galápagos.','Capturada','Se utiliza la carne.','','2014-11-25 23:31:08'),(41,'Jurelito chocho','Blackfin Jack','Hemicaranx zelotes','Actinopterygii','Perciformes','Carangidae',19,'Nacional',2,'Hemicaranx zelotes.png','','20-40','No selectiva','Chinchorro playero, red agallera para esteros y línea de costa, red agallera para escama pelágica.',NULL,'','Especie marina de hábitos costeros. Vive cerca de los fondos y comúnmente penetra en los ríos. Se alimenta de peces y crustáceos.','Se distribuye en el Pacífico Oriental, desde Baja California a Perú.','Capturada','Se utiliza la carne.','','2014-11-25 23:31:08'),(42,'Chicharro ojón','Bigeye Scad','Selar crumenophthalmus','Actinopterygii','Perciformes','Carangidae',26,'Nacional',2,'Selar crumenophthalmus.png','','30-70','No selectiva','Chinchorro playero, red agallera para esteros y línea de costa, red agallera para escama pelágica.',NULL,'','Especie marina de hábitos costeros. Vive cerca de las islas y arrecifes. Se alimenta de peces y crustáceos planctónicos y bentónicos.','Se distribuye desde el Atlántico Occidental y norte del Golfo de México, Atlántico Oriental y Mar Mediterráneo, Indo Pacífico y Pacífico Oriental, Golfo de California, Ecuador e Islas Galápagos.','Capturada','Se utiliza la carne.','','2014-11-25 23:31:08'),(43,'Cojinuda','','Carangoides bartholomaei','Actinopterygii','Perciformes','Carangidae',34,'',3,'','','','','',NULL,'','','','','','','2014-11-25 23:31:08'),(44,'Cojiduda carbonera','','Carangoides ruber','Actinopterygii','Perciformes','Carangidae',34,'',3,'','','','','',NULL,'','','','','','','2014-11-25 23:31:08'),(45,'Cojinuda','','Caranx crysos','Actinopterygii','Perciformes','Carangidae',34,'',3,'','','','','',NULL,'','','','','','','2014-11-25 23:31:08'),(46,'Macarela mexicana','Amberstripe Scad','Decapterus muroadsi','Actinopterygii','Perciformes','Carangidae',19,'Nacional',2,'Decapterus muroadsi.png','','30-50','No selectiva','Chinchorro playero, red agallera para esteros y línea de costa, red agallera para escama pelágica.',NULL,'','Especie marina de hábitos oceánicos y costeros. Se alimenta de invertebrados planctónicos.','Se distribuye en el Indo Pacífico y Pacífico Oriental, desde el Golfo de California hasta Perú.','Capturada','Se utiliza la carne.','','2014-11-25 23:31:08'),(47,'Macarella caballa','Mackerel Scad','Decapterus macarellus','Actinopterygii','Perciformes','Carangidae',19,'Nacional',3,'Decapterus macarellus.png','','30-50','No selectiva','Chinchorro playero, red agallera para esteros y línea de costa, red agallera para escama pelágica.',NULL,'','Especie marina de hábitos oceánicos. Vive cerca de las islas a profundidades que van de los 40 a 200 metros. Se alimenta del zooplancton.','Se distribuye casi en todos los mares.','Capturada','Se utiliza la carne.','','2014-11-25 23:31:08'),(48,'Piña bocona','Longjaw Leatherjack','Oligoplites altus','Actinopterygii','Perciformes','Carangidae',19,'Nacional',2,'Oligoplites altus.png','','30-60','No selectiva','Red de enmalle y red agallera de deriva.',NULL,'','Especie marina de hábitos costeros. Vive en estuarios y lagunas costeras. Se alimenta de peces e invertebrados.','Se distribuye en el Pacífico Oriental, desde México a Perú.','Capturada','Se utiliza la carne.','','2014-11-25 23:31:08'),(49,'Piña flaca','shortjaw Leatherjack','Oligoplites refulgens','Actinopterygii','Perciformes','Carangidae',48,'Nacional',2,'Oligoplites refulgens.png','','20-30','No selectiva','Red de cerco con jareta y pangón.',NULL,'','Especie marina de hábitos costeros. Vive en estuarios y desembocaduras de los ríos. Se alimenta de peces e invertebrados.','Se distribuye en el Pacífico Oriental, desde México a Perú.','Capturada','Se utiliza la carne.','','2014-11-25 23:31:08'),(50,'Piña sietecueros','Leatherjack','Oligoplites saurus','Actinopterygii','Perciformes','Carangidae',19,'Nacional',2,'Oligoplites saurus.png','','25-35','No selectiva','Red de enmalle o chinchorro lisero.',NULL,'','Especie marina de hábitos costeros. Vive cerca de las playas en bahías, ensenadas y estuarios. Se alimenta de peces y crustáceos.','Se distribuye en el Océano Atlántico desde Maine, EE.UU, Golfo de México hasta Uruguay. En el Océano Pacífico desde Baja California a Ecuador.','Capturada','Se utiliza la carne.','','2014-11-25 23:31:08'),(51,'Jorobado mexicano','Mexican Lookdown','Selene brevoortii','Actinopterygii','Perciformes','Carangidae',19,'Nacional',2,'Selene brevoortii.png','','25-40','No selectiva','Red de enmalle o chinchorro lisero.',NULL,'','Especie marina de hábitos costeros. Vive cerca de las playas en bahías, ensenadas y estuarios. Se alimenta de peces, crustáceos, calamares y poliquetos.','Se distribuye en el Pacífico Oriental, desde Baja California Sur a Ecuador.','Capturada','Se utiliza la carne.','','2014-11-25 23:31:08'),(52,'Medregal cola amarilla','Yellowtail Jack','Seriola lalandi','Actinopterygii','Perciformes','Carangidae',26,'Nacional',2,'Seriola lalandi.png','','80-250','No selectiva','Chinchorro playero, red agallera para esteros y línea de costa, red agallera para escama pelágica.',NULL,'','Especie marina de hábitos costeros y oceánicos. Vive en las praderas de algas marinas, zonas rocosas y estuarios. Se alimenta de peces, calamares y crustáceos.','Se distribuye casi en todos los mares.','Capturada','Se utiliza la carne.','','2014-11-25 23:31:08'),(53,'Charrito chícharo','Jack Mackerel','Trachurus symmetricus','Actinopterygii','Perciformes','Carangidae',19,'Nacional',2,'Trachurus symmetricus.png','','30-80','No selectiva','Red de enmalle y red agallera de deriva.',NULL,'','Especie marina de hábitos oceánicos.  Se alimenta de peces y crustáceos.','Se distribuye en el Pacífico Oriental, desde Alaska a Islas Galápagos.','Capturada','Se utiliza la carne.','','2014-11-25 23:31:08'),(54,'Pámpano amarillo','Florida Pompano','Trachinotus carolinus','Actinopterygii','Perciformes','Carangidae',NULL,'Nacional',1,'TrachinotusCarolinus.png','Tríptico','25-64','No selectiva','Chinchorro playero, red agallera para esteros y línea de costa, red agallera para escama pelágica.',NULL,'','Especie marina de aguas costeras, vive asociada a bahías y estuarios, principalmente en playas arenosas. Se alimenta de moluscos, crustáceos, y pequeños peces.','Se distribuye en el Atlántico occidental, desde Massachusetts, hasta Argentina.','Capturada','Se utiliza la carne.','','2014-11-25 23:31:08'),(55,'Pámpano palometa','Permit','Trachinotus falcatus','Actinopterygii','Perciformes','Carangidae',NULL,'Nacional',1,'TrachinotusFalcatus.png','Tríptico','48-122','No selectiva','Chinchorro playero, red agallera para esteros y línea de costa, red agallera para escama pelágica.',NULL,'','Especie marina que vive en zonas arrecifales y en fondos fangosos y arenosos. Se alimenta de moluscos, crustáceos, y pequeños peces.','Se distribuye en el Atlántico occidental, desde Massachusetts, hasta Brasil.','Capturada','Se utiliza la carne.','','2014-11-25 23:31:08'),(56,'Pámpano paloma','Paloma Pompano','Trachinotus paitensis','Actinopterygii','Perciformes','Carangidae',NULL,'Nacional',2,'Trachinotus paitensis.png','','30-50','No selectiva','Red de enmalle y red agallera de deriva.',NULL,'','Especie marina de hábitos costeros. Vive en zonas arenosas poco profundas. Se alimenta de moluscos, peces y crustáceos.','Se distribuye en el Pacífico Oriental, desde el sur de California a Perú.','Capturada','Se utiliza la carne.','','2014-11-25 23:31:08'),(57,'Pámpano fino','Gafftopsail Pompano','Trachinotus rhodopus','Actinopterygii','Perciformes','Carangidae',NULL,'Nacional',1,'TrachinotusRhodopus.png','Tríptico','20-60','No selectiva','Chinchorro playero, red agallera, red de cerco.',NULL,'','Especie marina de hábitos costeros. Vive en las rompientes, en playas arenosas, arrecifes y zonas rocosas. Se alimenta de peces e invertebrados.','Se distribuye en el Pacífico Oriental, desde el sur de California hasta Perú.','Capturada','Se utiliza la carne.','','2014-11-25 23:31:08'),(58,'Pámpano de hebra','','Alectis ciliaris','Actinopterygii','Perciformes','Carangidae',NULL,'',3,'','','','','',NULL,'','','','','','','2014-11-25 23:31:08'),(59,'Jorobado','','Selene brownii','Actinopterygii','Perciformes','Carangidae',NULL,'',3,'','','','','',NULL,'','','','','','','2014-11-25 23:31:08'),(60,'Jorobado','','Selene setapinnis','Actinopterygii','Perciformes','Carangidae',NULL,'',3,'','','','','',NULL,'','','','','','','2014-11-25 23:31:08'),(61,'Jorobado','','Selene vomer','Actinopterygii','Perciformes','Carangidae',NULL,'',3,'','','','','',NULL,'','','','','','','2014-11-25 23:31:08'),(62,'Pámpano','','Trachinotus goodei','Actinopterygii','Perciformes','Carangidae',NULL,'',3,'','','','','',NULL,'','','','','','','2014-11-25 23:31:08'),(63,'Tiburón canguay','Blacknose Shark','Carcharhinus acronotus','Chondrichthyes','Carcharhiniformes','Carcharhinidae',13,'Nacional',1,'CarcharhinusAcronotus.png','Tríptico','103-200','No selectiva','Red de enmalle para tiburones y rayas en embarcaciones menores, palangre para tiburón oceánico y pez espada.',4,'(Golfo de México y Caribe) del 1 de mayo al 29 de agosto.','Especie marina que vive en la zona costera preferentemente en aguas tropicales y templadas cálidas con fondos de arena y coral. Se alimenta de peces pequeños.','Se distribuye por todo el Atlántico occidental, desde Carolina del Norte, Florida, Bahamas, Golfo de México, Venezuela y sur de Brasil.','Capturada','Se utiliza la carne, aceite de hígado, piel, el aleteo está prohibido.','','2014-11-25 23:31:08'),(64,'Cazón poroso','Smalltail Shark','Carcharhinus porosus','Chondrichthyes','Carcharhiniformes','Carcharhinidae',13,'Nacional',2,'Carcharhinus porosus.png','','80-150','No selectiva','Red de enmalle para tiburones y rayas en embarcaciones menores, palangre para tiburón oceánico y pez espada.',4,'(Golfo de México y Caribe) del 1 de mayo al 29 de agosto.  (Pacífico) del 1 de mayo al 31 de julio.','Especie marina que vive en la zona costera preferentemente en aguas tropicales y templadas cálidas con fondos de arena y coral. Se alimenta de peces pequeños.','Se distribuye por todo el Atlántico occidental, desde Carolina del Norte, Florida, Bahamas, Golfo de México, Venezuela y sur de Brasil. Pacífico centro occidental y Sur.','Capturada','Se utiliza la carne, aceite de hígado, piel, el aleteo está prohibido.','','2014-11-25 23:31:08'),(65,'Cazón bironche','Pacific Sharpnose Shark','Rhizoprionodon longurio','Chondrichthyes','Carcharhiniformes','Carcharhinidae',13,'Nacional',1,'RhizoprionodonLongurio.png','Tríptico','60-100','No selectiva','Chinchorro playero, red de enmalle para tiburones y rayas en embarcaciones menores.',4,'(Pacífico) del 1 de mayo al 31 de julio.','Especie marina de hábitos costeros y poco profundos. Vive en fondos arenosos y fangosos. Se alimenta de peces, moluscos y crustáceos.','Se distribuye en el Pacífico Oriental, desde Baja California a Perú.','Capturada','Se utiliza la carne, aceite de hígado, piel, el aleteo está prohibido.','','2014-11-25 23:31:08'),(66,'Cazón de ley','Atlantic Sharpnose Shark','Rhizoprionodon terraenovae','Chondrichthyes','Carcharhiniformes','Carcharhinidae',13,'Nacional',1,'RhizoprionodonTerraenovae.png','Tríptico','85-110','No selectiva','Red de enmalle para tiburones y rayas en embarcaciones menores, palangre para tiburón oceánico y pez espada.',4,'(Golfo de México y Caribe) del 1 de mayo al 29 de agosto.','Especie marina de aguas continentales. Vive en la zona intermareal y aguas profundas. Se alimenta de peces, crustáceos, gusanos y moluscos.','Se distribuye en el Atlántico occidental, desde Canada hasta Brasil.','Capturada','Se utiliza la carne, aceite de hígado, piel, el aleteo está prohibido.','','2014-11-25 23:31:08'),(67,'Coyotito','Whitenose shark','Nasolamia velox','Chondrichthyes','Carcharhiniformes','Carcharhinidae',50,'Nacional',2,'Nasolamia velox.png','','90-150','No selectiva','Red de enmalle para tiburones y rayas en embarcaciones menores, palangre para tiburón oceánico y pez espada.',4,'(Pacífico) del 1 de mayo al 31 de julio.','Especie marina de hábitos costeros y poco profundos. Vive en fondos arenosos y fangosos. Se alimenta de peces, moluscos y crustáceos.','Se distribuye en el Pacífico Oriental, desde Baja California a Perú.','Capturada','Se utiliza la carne, aceite de hígado, piel, el aleteo está prohibido.','','2014-11-25 23:31:08'),(68,'Tiburón curro','Spinner shark','Carcharhinus brevipinna','Chondrichthyes','Carcharhiniformes','Carcharhinidae',50,'Nacional',2,'Carcharhinus brevipinna.png','','170-260','No selectiva','Red de enmalle para tiburones y rayas en embarcaciones menores, palangre para tiburón oceánico y pez espada.',4,'(Golfo de México y Caribe) del 1 de mayo al 29 de agosto.','Especie marina de hábitos oceánicos y costeros. Vive cerca de islas y mar adentro. Se alimenta de pequeños tiburones y peces.','Se distribuye en el Golfo de México y Mar Caribe.','Capturada','Se utiliza la carne, aceite de hígado, piel, el aleteo está prohibido.','','2014-11-25 23:31:08'),(69,'Tiburón piloto','Silky shark','Carcharhinus falciformis','Chondrichthyes','Carcharhiniformes','Carcharhinidae',50,'Nacional',2,'Carcharhinus falciformis.png','','80-330','Selectiva','Palangres y redes de enmalle establecidos en la NOM-029-PESCA 2006 de Tiburones y Rayas.',4,'(Golfo de México y Caribe) del 1 de mayo al 29 de agosto.  (Pacífico) del 1 de mayo al 31 de julio.','Especie marina de hábitos oceánicos y costeros. Vive cerca de islas y mar adentro. Se alimenta de pequeños tiburones y peces.','Se distribuye casi en todos los mares.','Capturada','Se utiliza la carne, aceite de hígado, piel, el aleteo está prohibido.','','2014-11-25 23:31:08'),(70,'Tiburón dentiliso','Finetooth Shark','Carcharhinus isodon','Chondrichthyes','Carcharhiniformes','Carcharhinidae',50,'Nacional',2,'Carcharhinus isodon.png','','130-190','No selectiva','Red de enmalle para tiburones y rayas en embarcaciones menores, palangre para tiburón oceánico y pez espada.',4,'(Golfo de México y Caribe) del 1 de mayo al 29 de agosto.','Especie marina de hábitos costeros y poco profundos. Vive en fondos arenosos y fangosos. Se alimenta de peces, moluscos y crustáceos.','Se distribuye en el Golfo de México y Mar Caribe.','Capturada','Se utiliza la carne, aceite de hígado, piel, el aleteo está prohibido.','','2014-11-25 23:31:08'),(71,'Tiburón toro','Bull Shark','Carcharhinus leucas','Chondrichthyes','Carcharhiniformes','Carcharhinidae',50,'Nacional',1,'CarcharhinusLeucas.png','Tríptico','180-360','No selectiva','Red de enmalle para tiburones y rayas en embarcaciones menores, palangre para tiburón oceánico y pez espada.',4,'(Golfo de México y Caribe) del 1 de mayo al 29 de agosto.  (Pacífico) del 1 de mayo al 31 de julio.','Especie marina de hábitos dulceacuícolas. Vive en aguas poco profundas principalmente en bahías, estuarios y ríos. Se alimenta de mamíferos, tortugas, peces, tiburones, rayas e invertebrados.','Su distribución es mundial, se encuentra en el Océano Atlántico y Pacífico.','Capturada','Se utiliza la carne, aceite de hígado, piel, el aleteo está prohibido.','','2014-11-25 23:31:08'),(72,'Tiburón volador','Blacktip Shark','Carcharhinus limbatus','Chondrichthyes','Carcharhiniformes','Carcharhinidae',50,'Nacional',2,'Carcharhinus limbatus.png','','120-270','No selectiva','Red de enmalle para tiburones y rayas en embarcaciones menores, palangre para tiburón oceánico y pez espada.',4,'(Golfo de México y Caribe) del 1 de mayo al 29 de agosto.  (Pacífico) del 1 de mayo al 31 de julio.','Especie marina de hábitos oceánicos y costeros. Vive cerca de islas y mar adentro. Se alimenta de pequeños tiburones y peces.','Su distribución es mundial, se encuentra en el Océano Atlántico y Pacífico.','Capturada','Se utiliza la carne, aceite de hígado, piel, el aleteo está prohibido.','','2014-11-25 23:31:08'),(73,'Tiburón oceánico','Oceanic whitetip shark','Carcharhinus longimanus','Chondrichthyes','Carcharhiniformes','Carcharhinidae',50,'Nacional',2,'Carcharhinus longimanus.png','','180-390','Selectiva','Palangre para la pesca de tiburones pelágicos del Pacífico.',4,'(Pacífico) del 1 de mayo al 31 de julio.','Especie marina, de hábitos oceánicos y aguas profundas. Se alimenta de peces, tortugas, manta rayas, aves, calamares y de mamíferos muertos.','Su distribución es mundial, se encuentra en el Océano Atlántico y Pacífico.','Capturada','Se utiliza la carne, aceite de hígado, piel, el aleteo está prohibido.','','2014-11-25 23:31:08'),(74,'Tiburón gambuso','Dusky Shark','Carcharhinus obscurus','Chondrichthyes','Carcharhiniformes','Carcharhinidae',50,'Nacional',2,'Carcharhinus obscurus.png','','100-400','No selectiva','Red de enmalle para tiburones y rayas en embarcaciones menores, palangre para tiburón oceánico y pez espada.',4,'(Pacífico) del 1 de mayo al 31 de julio.','Especie marina de hábitos costeros. Vive en estuarios y fondos arenosos o fangosos. Se alimenta de otros tiburones y peces.','Su distribución es mundial, se encuentra en el Océano Atlántico y Pacífico.','Capturada','Se utiliza la carne, aceite de hígado, piel, el aleteo está prohibido.','','2014-11-25 23:31:08'),(75,'Tiburón aleta de cartón','Sandbar Shark','Carcharhinus plumbeus','Chondrichthyes','Carcharhiniformes','Carcharhinidae',50,'Nacional',1,'CarcharhinusPlumbeus.png','Tríptico','126-250','No selectiva','Red de enmalle para tiburones y rayas en embarcaciones menores, palangre para tiburón oceánico y pez espada.',4,'(Golfo de México y Caribe) del 1 de mayo al 29 de agosto.','Especie marina de hábitos costeros. Vive en estuarios y fondos arenosos o fangosos. Se alimenta de lenguados, rayas, cangrejos, caracoles y calamares.','Se distribuye casi en todos los mares.','Capturada','Se utiliza la carne, aceite de hígado, piel, el aleteo está prohibido.','','2014-11-25 23:31:08'),(76,'Tiburón nocturno','Shark Night','Carcharhinus signatus','Chondrichthyes','Carcharhiniformes','Carcharhinidae',50,'Nacional',2,'Carcharhinus signatus.png','','60-280','No selectiva','Red de enmalle para tiburones y rayas en embarcaciones menores, palangre para tiburón oceánico y pez espada.',4,'(Golfo de México y Caribe) del 1 de mayo al 29 de agosto.','Especie marina de hábitos oceánicos y costeros. Vive cerca de islas y mar adentro. Se alimenta de pequeños tiburones y peces.','Se distribuye en el Golfo de México y Mar Caribe.','Capturada','Se utiliza la carne, aceite de hígado, piel, el aleteo está prohibido.','','2014-11-25 23:31:08'),(77,'Tintorera','Tiger Shark','Galeocerdo cuvier','Chondrichthyes','Carcharhiniformes','Carcharhinidae',50,'Nacional',3,'Galeocerdo cuvier.png','','100-400','Selectiva','Palangre para la pesca de tiburones pelágicos del Pacífico.',4,'(Golfo de México y Caribe) del 1 de mayo al 29 de agosto.  (Pacífico) del 1 de mayo al 31 de julio.','Especie marina de hábitos costeros. Vive en estuarios y fondos arenosos o fangosos. Se alimenta de peces, tortugas, manta rayas, aves, calamares y de mamíferos muertos.','Se distribuye casi en todos los mares.','Capturada','Se utiliza la carne, aceite de hígado, piel, el aleteo está prohibido.','','2014-11-25 23:31:08'),(78,'Tiburón limón','Lemon Shark','Negaprion brevirostris','Chondrichthyes','Carcharhiniformes','Carcharhinidae',50,'Nacional',2,'Negaprion brevirostris.png','','100-340','No selectiva','Red de enmalle para tiburones y rayas en embarcaciones menores, palangre para tiburón oceánico y pez espada.',4,'(Pacífico) del 1 de mayo al 31 de julio.','Especie marina de hábitos costeros. Vive en estuarios y fondos arenosos o fangosos.  Se alimenta de peces y crustaceos.','Su distribución es mundial, se encuentra en el Océano Atlántico y Pacífico.','Capturada','Se utiliza la carne, aceite de hígado, piel, el aleteo está prohibido.','','2014-11-25 23:31:08'),(79,'Tiburón azul','Blue Shark','Prionace glauca','Chondrichthyes','Carcharhiniformes','Carcharhinidae',50,'Nacional',2,'Prionace glauca.png','','150-400','No selectiva','Red de enmalle para tiburones y rayas en embarcaciones menores, palangre para tiburón oceánico y pez espada.',4,'(Pacífico) del 1 de mayo al 31 de julio.','Especie marina, de hábitos oceánicos y aguas profundas.  Se alimenta de peces, tortugas, manta rayas, aves, calamares y de mamíferos muertos.','Se distribuye casi en todos los mares.','Capturada','Se utiliza la carne, aceite de hígado, piel, el aleteo está prohibido.','','2014-11-25 23:31:08'),(80,'Chucumite','Smallscale Fat','Centropomus parallelus','Actinopterygii','Perciformes','Centropomidae',43,'Nacional',2,'Centropomus parallelus.png','','20-70','No selectiva','Redes de enmalle.',4,'(Golfo de México) del 15 de mayo al 15 de agosto).','Especie marina de hábitos costeros. Vice en zonas estuarinas y lagunas costeras. Se alimenta de peces y crustáceos.','Se distribuye en el Atlántico occidental, desde el sur de Florida hasta Brasil.','Capturada','Se utiliza la carne.','','2014-11-25 23:31:08'),(81,'Robalo espina larga','','Centropomus armatus','Actinopterygii','Perciformes','Centropomidae',43,'',3,'','','','','',NULL,'','','','','','','2014-11-25 23:31:08'),(82,'Robalo aleta prieta','Blackfin Snook','Centropomus medius','Actinopterygii','Perciformes','Centropomidae',43,'Nacional',1,'CentropomusMedius.png','Tríptico','30-65','Selectiva','Línea de mano para peces pelágicos y demersales, curricán para pesca de especies pelágicas.',NULL,'','Especie marina de hábitos costeros. Vive en zonas estuarinas, manglares, bahías y en las boca de los ríos. Se alimenta de peces y crustáceos.','Se distribuye en el Pacífico Oriental, desde Baja California a Colombia.','Capturada','Se utiliza la carne.','','2014-11-25 23:31:08'),(83,'Robalo prieto','Black Snook','Centropomus nigrescens','Actinopterygii','Perciformes','Centropomidae',43,'Nacional',1,'CentropomusNigrescens.png','Tríptico','45-120','Selectiva','Línea de mano para peces pelágicos y demersales, curricán para pesca de especies pelágicas.',NULL,'','Especie marina de hábitos costeros. Vive en zonas estuarinas, manglares, bahías y en las boca de los ríos. Se alimenta de peces y crustáceos.','Se distribuye en el Pacífico Oriental, desde Baja California a Ecuador.','Capturada','Se utiliza la carne.','','2014-11-25 23:31:08'),(84,'Robalo prieto','Mexican Snook','Centropomus poeyi','Actinopterygii','Perciformes','Centropomidae',43,'Nacional',2,'Centropomus poeyi.png','','40-90','No selectiva','Redes de enmalle.',4,'(Golfo de México) del 15 de mayo al 15 de agosto).','Especie marina de hábitos costeros. Vice en zonas estuarinas y lagunas costeras. Se alimenta de peces y crustáceos.','Se distribuye en el Atlántico central y Golfo de México.','Capturada','Se utiliza la carne.','','2014-11-25 23:31:08'),(85,'Robalo aleta amarilla','Yellowfin Snook','Centropomus robalito','Actinopterygii','Perciformes','Centropomidae',43,'Nacional',1,'CentropomusRobalito.png','Tríptico','25-35','Selectiva','Línea de mano para peces pelágicos y demersales, curricán para pesca de especies pelágicas.',NULL,'','Especie marina de hábitos costeros. Vive en zonas estuarinas, manglares, bahías y en las boca de los ríos. Se alimenta de peces y crustáceos.','Se distribuye en el Pacífico Oriental, desde Baja California a Ecuador.','Capturada','Se utiliza la carne.','','2014-11-25 23:31:08'),(86,'Robalo blanco','Common Snook','Centropomus undecimalis','Actinopterygii','Perciformes','Centropomidae',43,'Nacional',1,'CentropomusUndecimalis.png','Tríptico','50-96','No selectiva','Redes de enmalle.',4,'(Golfo de México) del 15 de mayo al 15 de agosto).','Especie marina de hábitos costeros. Vice en zonas estuarinas y lagunas costeras. Se alimenta de peces y crustáceos.','Se distribuye en el Atlántico occidental, desde el sur de Florida hasta Brasil.','Capturada','Se utiliza la carne.','','2014-11-25 23:31:08'),(87,'Robalo plateado','','Centropomus viridis','Actinopterygii','Perciformes','Centropomidae',43,'',3,'','','','','',NULL,'','','','','','','2014-11-25 23:31:08'),(88,'Robalo constantino','Tarpon Snook','Centropomus pectinatus','Actinopterygii','Perciformes','Centropomidae',19,'Nacional',3,'','','40-55','No selectiva','Redes de enmalle.',NULL,'','Especie marina de hábitos costeros. Vice en zonas estuarinas y lagunas costeras. Se alimenta de peces y crustáceos.','Se distribuye en el Atlántico occidental, desde el sur de Florida hasta Brasil.','Capturada','Se utiliza la carne.','','2014-11-25 23:31:08'),(89,'Sabalote','','Chanos chanos','Actinopterygii','Gonorynchiformes','Chanidae',34,'',3,'','','','','',NULL,'','','','','','','2014-11-25 23:31:08'),(90,'Aranque del Atlántico','Atlantic Herring','Clupea harengus','Actinopterygii','Clupeiformes','Clupeidae',39,'Importado',2,'Clupea harengus.png','','20-25','No Selectiva','Redes de enmalle, redes de cerco de playa y pesca de arrastre de fondo.',NULL,'','Especie marina  de hábitos costeros. Se alimenta de crustáceos planctónicos, pequeños peces e invertebrados.','Se distribuye en el Atlántico Norte.','Capturada','Congelado.','Estados Unidos, Canada.','2014-11-25 23:31:08'),(91,'Arenque del Pacífico','Pacific Herring','Clupea pallasii','Actinopterygii','Clupeiformes','Clupeidae',39,'Importado',2,'Clupea pallasii.png','','20-35','No Selectiva','Redes de enmalle, redes de cerco de playa y pesca de arrastre de fondo.',NULL,'','Especie marina  de hábitos costeros. Se alimenta de crustáceos planctónicos, pequeños peces e invertebrados.','Se distribuye en el Pacífico Norte','Capturada','Congelado.','Estados Unidos, Canada.','2014-11-25 23:31:08'),(92,'Sardina','True Sardina','Sardina pilchardus','Actinopterygii','Clupeiformes','Clupeidae',39,'Importado',2,'Sardina pilchardus.png','','20-25','No Selectiva','Redes de enmalle, redes de cerco de playa y pesca de arrastre de fondo.',NULL,'','Especie marina de hábitos pelágicos y oceánicos. Se alimenta principalmente de crustáceos planctónicos.','Se distribuye en el Atlántico nororiental, Mar Mediterráneo y Mar Negro.','Capturada','Fresco, congelado.','','2014-11-25 23:31:08'),(93,'Sardina','European Sprat','Sprattus sprattus','Actinopterygii','Clupeiformes','Clupeidae',39,'Importado',2,'Sprattus sprattus.png','','20-25','No Selectiva','Redes de arrastre y redes de deriva.',NULL,'','Especie marina de hábitos pelágicos, a veces se encuentra en estuarios. Se alimenta principalmente de crustáceos planctónicos.','Se distribuye en el Atlántico nororiental, Mar Mediterráneo y Mar Negro.','Capturada','Fresco, congelado.','','2014-11-25 23:31:08'),(94,'Sardina de escama fina','','Brevoortia gunteri','Actinopterygii','Clupeiformes','Clupeidae',48,'',3,'','','','','',NULL,'','','','','','','2014-11-25 23:31:08'),(95,'Sardina lacha','','Brevoortia patronus','Actinopterygii','Clupeiformes','Clupeidae',48,'',3,'','','','','',NULL,'','','','','','','2014-11-25 23:31:08'),(96,'Sardina carapachona','','Harengula clupeola','Actinopterygii','Clupeiformes','Clupeidae',48,'',3,'','','','','',NULL,'','','','','','','2014-11-25 23:31:08'),(97,'Sardina vivita escamuda','Scaled Sardine','Harengula jaguana','Actinopterygii','Clupeiformes','Clupeidae',48,'Nacional',1,'HarengulaJaguana.png','Tríptico','12-21 cm','No selectiva','Chinchorro playero, red agallera para escama pelágica, red agallera para escama de fondo.',NULL,'','Especie marina y costera, vive en fondos de arena y fango. Se alimenta de pequeños invertebrados.','Se distribuye en el Atlántico occidental, desde New Jersey a Brasil.','Capturada','Se utiliza la carne.','','2014-11-25 23:31:08'),(98,'Sardine crinuda azul','','Opisthonema bulleri','Actinopterygii','Clupeiformes','Clupeidae',48,'',3,'','','','','',NULL,'','','','','','','2014-11-25 23:31:08'),(99,'Sardina crinuda','','Opisthonema libertate','Actinopterygii','Clupeiformes','Clupeidae',48,'',3,'','','','','',NULL,'','','','','','','2014-11-25 23:31:08'),(100,'Sardina crinuda machete','','Opisthonema medirastre','Actinopterygii','Clupeiformes','Clupeidae',48,'',3,'','','','','',NULL,'','','','','','','2014-11-25 23:31:08'),(101,'Sardina vivita de hebra','Atlantic Thread Herring','Opisthonema oglinum','Actinopterygii','Clupeiformes','Clupeidae',48,'Nacional',1,'OpisthonemaOglinum.png','Tríptico','14-38','No selectiva','Chinchorro playero, red agallera para escama pelágica, red agallera para escama de fondo.',NULL,'','Especie marina de aguas poco profundas. Vive en zonas costeras y cerca de los puertos. Se alimenta de plancton, de pequeños peces y crustáceos.','Se distribuye en el Atlántico occidental, desde Estados Unidos hasta Brasil.','Capturada','Se utiliza la carne.','','2014-11-25 23:31:08'),(102,'Sardina Monterrey','Pacific Sardine','Sardinops sagax','Actinopterygii','Clupeiformes','Clupeidae',48,'Nacional',1,'SardinopsSagax.png','Tríptico','13-40','Selectiva','Red de cerco regulada por la Norma Oficial Mexicana 003-PESC-1993.',NULL,'','Especie marina de hábitos costeros y pelágicos. Viven la columna de agua. Se alimenta de crustáceos planctónicos.','Se distribuye en todo el Pacífico Oriental e Indo Pacífico.','Capturada','Se utiliza la carne.','','2014-11-25 23:31:08'),(103,'Dorado','Dolphinfish','Coryphaena hippurus','Actinopterygii','Perciformes','Coryphaenidae',18,'Nacional',3,'','','50-200','Selectiva','Pesca con caña.',3,'Todo el año','Especie marina de hábitos oceánicos y a veces costeros. Se alimenta de peces, crustáceos y calamares.','Se distribuye casi en todos los mares.','Capturada','Se utiliza la carne.','','2014-11-25 23:31:08'),(104,'Raya látigo blanca','Southern Stingray','Dasyatis americana','Chondrichthyes','Rajiformes','Dasyatidae',15,'Nacional',1,'DasyatisAmericana.png','Tríptico','90-200','No selectiva','Red de enmalle para tiburones y rayas en embarcaciones menores.',4,'(Golfo de México) del 15 de mayo al 15 de agosto).','Especie marina tolerante a cambios de salinidad y temperatura. Vive en zonas arenosas, praderas de pastos marinos, lagunas y zonas arrecifales. Se alimenta de grandes invertebrados y peces.','Se distribuye en el Atlántico occidental, desde Nueva Jersey, Golfo de México, Brasil y Antillas.','Capturada','Se utiliza la carne.','','2014-11-25 23:31:08'),(105,'Raya látigo redonda','Whiptail Stingray','Dasyatis brevis','Chondrichthyes','Rajiformes','Dasyatidae',15,'Nacional',1,'DasyatisBrevis.png','Tríptico','120-190','No selectiva','Chinchorro playero, red de enmalle para tiburones y rayas en embarcaciones menores, red agallera para escama pelágica.',4,'(Pacífico) del 1 de mayo al 31 de julio.','Especie marina de hábitos costeros. Vive asociado a manglares, praderas de pastos marinos, praderas de algas, arrecifes de coral y fondos arenosos y fangosos. Se alimenta de peces, crustáceos y moluscos.','Se distribuye en el Pacífico Oriental, desde California a Perú.','Capturada','Se utiliza la carne.','','2014-11-25 23:31:08'),(106,'','','Dasyatis guttata','Chondrichthyes','Rajiformes','Dasyatidae',15,'',3,'','','','','',NULL,'','','','','','','2014-11-25 23:31:08'),(107,'Mantarraya','Longtail Stingray','Dasyatis longa','Chondrichthyes','Rajiformes','Dasyatidae',15,'Nacional',2,'Dasyatis longa.png','','90-150','No selectiva','Chinchorro playero, red de enmalle para tiburones y rayas en embarcaciones menores, red agallera para escama pelágica.',4,'(Pacífico) del 1 de mayo al 31 de julio.','Especie marina de hábitos costeros. Vive asociado a manglares, praderas de pastos marinos, praderas de algas, arrecifes de coral y fondos arenosos y fangosos. Se alimenta de peces, crustáceos y moluscos.','Se distribuye desde Baja California Sur hasta las Islas Galápagos.','Capturada','Se utiliza la carne.','','2014-11-25 23:31:08'),(108,'Raya Látigo de espina','Atlantic Stingray','Dasyatis sabina','Chondrichthyes','Rajiformes','Dasyatidae',15,'Nacional',1,'DasyatisSabina.png','Tríptico','27-60','No selectiva','Red de enmalle para tiburones y rayas en embarcaciones menores.',4,'(Golfo de México) del 15 de mayo al 15 de agosto).','Especie marina de aguas costeras. Vive en estuarios y lagunas costeras. Se alimenta de pequeños invertebrados.','Se distribuye en el Atlántico occidental, desde Chesapeake Bay, sur de Florida y Golfo de México.','Capturada','Se utiliza la carne.','','2014-11-25 23:31:08'),(109,'Raya coluda del Pacífico','Pacific Whiptail Stingray','Himantura pacifica','Chondrichthyes','Rajiformes','Dasyatidae',15,'Nacional',2,'Himantura pacifica.png','','90-150','No selectiva','Red de enmalle para tiburones y rayas en embarcaciones menores.',4,'(Pacífico) del 1 de mayo al 31 de julio.','Especie marina de hábitos costeros. Vive asociado a manglares, praderas de pastos marinos, praderas de algas, arrecifes de coral y fondos arenosos y fangosos. Se alimenta de peces, crustáceos y moluscos.','Se distribuye desde Baja California Sur hasta las Islas Galápagos.','Capturada','Se utiliza la carne.','','2014-11-25 23:31:08'),(110,'Raya coluda del Atlántico','','Himantura schmardae','Chondrichthyes','Rajiformes','Dasyatidae',15,'',3,'','','','','',NULL,'','','','','','','2014-11-25 23:31:08'),(111,'Sardina japonesa','','Etrumeus teres','Actinopterygii','Clupeiformes','Dussumieriidae',34,'',3,'','','','','',NULL,'','','','','','','2014-11-25 23:31:08'),(112,'Tiburón espinoso','Prickly Shark','Echinorhinus cookei','Chondrichthyes','Squaliformes','Echinorhinidae',50,'Nacional',2,'Echinorhinus cookei.png','','100-400','Selectiva','Palangre para la pesca de tiburones pelágicos del Pacífico.',4,'(Pacífico) del 1 de mayo al 31 de julio.','Especie marina de hábitos oceánicos y costeros. Vive cerca de islas y mar adentro. Se alimenta de pequeños tiburones, peces y calamares.','Se distribuye en el Pacífico Oriental, desde Baja California a Perú.','Capturada','Se utiliza la carne, aceite de hígado, piel, el aleteo está prohibido.','','2014-11-25 23:31:08'),(113,'Guabina de río','','Eleotris pisonis','Actinopterygii','Perciformes','Eleotridae',34,'',3,'','','','','',NULL,'','','','','','','2014-11-25 23:31:08'),(114,'Macabi','','Elops affinis','Actinopterygii','Elopiformes','Elopidae',34,'',3,'','','','','',NULL,'','','','','','','2014-11-25 23:31:08'),(115,'Macabi','','Elops saurus','Actinopterygii','Elopiformes','Elopidae',34,'',3,'','','','','',NULL,'','','','','','','2014-11-25 23:31:08'),(116,'Anchoa legítima','','Anchoa hepsetus','Actinopterygii','Clupeiformes','Engraulidae',1,'',3,'','','','','',NULL,'','','','','','','2014-11-25 23:31:08'),(117,'Anchoveta','','Anchoa ischana','Actinopterygii','Clupeiformes','Engraulidae',1,'',3,'','','','','',NULL,'','','','','','','2014-11-25 23:31:08'),(118,'Anchoa ojuda','','Anchoa lamprotaenia','Actinopterygii','Clupeiformes','Engraulidae',1,'',3,'','','','','',NULL,'','','','','','','2014-11-25 23:31:08'),(119,'Anchoa caleta','','Anchoa mitchilli','Actinopterygii','Clupeiformes','Engraulidae',1,'',3,'','','','','',NULL,'','','','','','','2014-11-25 23:31:08'),(120,'Anchoa ojuda','','Cetengraulis edentulus','Actinopterygii','Clupeiformes','Engraulidae',1,'',3,'','','','','',NULL,'','','','','','','2014-11-25 23:31:08'),(121,'Sardina bocona','','Cetengraulis mysticetus','Actinopterygii','Clupeiformes','Engraulidae',1,'',3,'','','','','',NULL,'','','','','','','2014-11-25 23:31:08'),(122,'Anchoveta','','Engraulis mordax','Actinopterygii','Clupeiformes','Engraulidae',1,'',3,'','','','','',NULL,'','','','','','','2014-11-25 23:31:08'),(123,'Zopilote','','Chaetodipterus zonatus','Actinopterygii','Perciformes','Ephippidae',34,'',3,'','','','','',NULL,'','','','','','','2014-11-25 23:31:08'),(124,'Trompeta','','Fistularia commersonii','Actinopterygii','Syngnathiformes','Fistulariidae',34,'',3,'','','','','',NULL,'','','','','','','2014-11-25 23:31:08'),(125,'Bacalao del Pacífico','Pacific Cod','Gadus macrocephalus','Actinopterygii','Gadiformes','Gadidae',39,'Importado',2,'Gadus macrocephalus.png','','20-100','No selectiva','Redes de arrastre de fondo, redes de arrastre pelágico, redes de enmalle, palangre, redes de cerco.',NULL,'','Especie marina de amplia distribución desde la plataforma continental hasta las costas. Se alimenta copépodos y otros crustáceos.','Se distribuye en el Pacífico Norte, Desde California, Estrecho de Bering y Japón.','Capturada','Congelado, ahumado, salado.','España, Estados Unidos.','2014-11-25 23:31:08'),(126,'Bacalao del Atlántico','Atlantic Cod','Gadus morhua','Actinopterygii','Gadiformes','Gadidae',4,'Importado',3,'Gadus morhua.png','','100-200','No selectiva','Redes de arrastre de fondo, redes de arrastre pelágicol, redes de enmalle, palangre, redes de cerco.',NULL,'','Especie marina de amplia distribución desde la plataforma continental hasta las costas. Se alimenta copépodos y otros crustáceos.','Se distribuye en el Atlántico Norte.','Capturada','Congelado, ahumado, salado.','España, Estados Unidos.','2014-11-25 23:31:08'),(127,'Bacalao de Groenlandia','Greenland Cod','Gadus ogac','Actinopterygii','Gadiformes','Gadidae',39,'Importado',2,'Gadus ogac.png','','50-80','No selectiva','Redes de arrastre de fondo, redes de arrastre pelágicol, redes de enmalle, palangre, redes de cerco.',NULL,'','Especie marina de amplia distribución desde la plataforma continental hasta las costas. Se alimenta copépodos y otros crustáceos.','Se distribuye en todo el Ártico.','Capturada','Congelado, ahumado, salado.','España, Estados Unidos.','2014-11-25 23:31:08'),(128,'Mojarra plateada','','Diapterus argentus','Actinopterygii','Perciformes','Gerreidae',33,'',3,'','','','','',NULL,'','','','','','','2014-11-25 23:31:08'),(129,'Mojarra blanca/Mojarra gaucha','Irish Pompano','Diapterus auratus','Actinopterygii','Perciformes','Gerreidae',33,'Nacional',1,'DiapterusAuratu.png','Tríptico','20-34','No selectiva','Chinchorro playero, red agallera para esteros y línea de costa.',NULL,'','Especie marina de aguas poco profundas. Vive en las bocas de los ríos y en las lagunas costeras principalmente manglares y praderas de pastos marinos. Se alimenta de pequeños invertebrados bentónicos.','Se distribuye en el Atlántico occidental, desde Carolina del Norte hasta Brasil.','Capturada','Se utiliza la carne.','','2014-11-25 23:31:08'),(130,'Mojarra palometa','Golden Mojarra','Diapterus aureolus','Actinopterygii','Perciformes','Gerreidae',33,'Nacional',1,'DiapterusAureolus.png','Tríptico','15-40','No selectiva','Red agallera para escama pelágica, red agallera para escama de fondo, red agallera para esteros y línea de costa.',NULL,'','Especie marina de hábitos costeros y de bajas profundidades. Vive en fondos arenosos y fangosos. Se alimenta de partículas del sustrato.','Se distribuye en el Pacífico Oriental, desde el Golfo de California a Perú.','Capturada','Se utiliza la carne.','','2014-11-25 23:31:08'),(131,'Mojarra aletas amarillas','Peruvian Mojarra','Diapterus peruvianus','Actinopterygii','Perciformes','Gerreidae',33,'Nacional',1,'DiapterusPeruvianus.png','Tríptico','15-30','No selectiva','Red agallera para escama pelágica, red agallera para escama de fondo, red agallera para esteros y línea de costa.',NULL,'','Especie marina de hábitos costeros y de bajas profundidades. Vive en manglares y fondos arenosos y fangosos. Se alimenta de partículas del sustrato.','Se distribuye en el Pacífico Oriental, desde Baja California a Perú.','Capturada','Se utiliza la carne.','','2014-11-25 23:31:08'),(132,'Mojarra plateada','','Eucinostomus argenteus','Actinopterygii','Perciformes','Gerreidae',33,'',3,'','','','','',NULL,'','','','','','','2014-11-25 23:31:08'),(133,'Mojarra tricolor','','Eucinostomus currani','Actinopterygii','Perciformes','Gerreidae',33,'',3,'','','','','',NULL,'','','','','','','2014-11-25 23:31:08'),(134,'Mojarra cantileña','','Eucinostomus dowii','Actinopterygii','Perciformes','Gerreidae',33,'',3,'','','','','',NULL,'','','','','','','2014-11-25 23:31:08'),(135,'Mojarra charrita','','Eucinostomus gracilis','Actinopterygii','Perciformes','Gerreidae',33,'',3,'','','','','',NULL,'','','','','','','2014-11-25 23:31:08'),(136,'Mojarra de río','','Eucinostomus gula','Actinopterygii','Perciformes','Gerreidae',33,'',3,'','','','','',NULL,'','','','','','','2014-11-25 23:31:08'),(137,'Mojarra mancha negra','Darkspot Mojarra','Eucinostomus entomelas','Actinopterygii','Perciformes','Gerreidae',33,'',3,'','','','','',NULL,'','','','','','','2014-11-25 23:31:08'),(138,'Mojarra rayada','Striped Mojarra','Eugerres plumieri','Actinopterygii','Perciformes','Gerreidae',33,'Nacional',1,'EugerresPlumieri.png','Tríptico','18-40','No selectiva','Chinchorro playero, red agallera para esteros y línea de costa.',NULL,'','Especie marina de aguas poco profundas. Vive en fondos fangosos, bocas de los ríos y lagunas costeras que presentan bosques de manglar. Se alimenta de insectos acuáticos, crustáceos, moluscos y detritus.','Se distribuye en el Atlántico occidental, desde Carolina del Sur a Brasil.','Capturada','Se utiliza la carne.','','2014-11-25 23:31:08'),(139,'Mojarra malacapa','Black Axillary','Eugerres axillaris','Actinopterygii','Perciformes','Gerreidae',33,'',3,'','','','','',NULL,'','','','','','','2014-11-25 23:31:08'),(140,'Mojarra aleta corta','Shortfin Mojarra','Eugerres brevimanus','Actinopterygii','Perciformes','Gerreidae',33,'',3,'','','','','',NULL,'','','','','','','2014-11-25 23:31:08'),(141,'Mojarra china','Streaked Mojarra','Eugerres lineatus','Actinopterygii','Perciformes','Gerreidae',33,'',3,'','','','','',NULL,'','','','','','','2014-11-25 23:31:08'),(142,'Mojarra bandera','','Gerres cinereus','Actinopterygii','Perciformes','Gerreidae',33,'',3,'','','','','',NULL,'','','','','','','2014-11-25 23:31:08'),(143,'Mojarrita','','Eucinostomus lefroyi','Actinopterygii','Perciformes','Gerreidae',NULL,'',3,'','','','','',NULL,'','','','','','','2014-11-25 23:31:08'),(144,'Tiburón gata','','Ginglymostoma cirratum','Chondrichthyes','Orectolobiformes','Ginglymostomatidae',50,'',3,'','','','','',NULL,'','','','','','','2014-11-25 23:31:08'),(145,'Raya de papel','Spiny Butterfly Ray','Gymnura altavela','Chondrichthyes','Rajiformes','Gymnuridae',15,'Nacional',3,'','','50-150','No selectiva','Chinchorro playero, red de enmalle para tiburones y rayas en embarcaciones menores, red agallera para escama pelágica.',NULL,'','Especie marina de hábitos costeros. Vive en fondos de arena y fango. Se alimenta de pequeños peces, crustáceos, moluscos y plancton.','Se distribuye en el Golfo de México y Mar Caribe.','Capturada','Se utiliza la carne.','','2014-11-25 23:31:08'),(146,'Raya mariposa','Longsnout Butterfly Ray','Gymnura crebripunctata','Chondrichthyes','Rajiformes','Gymnuridae',15,'Nacional',2,'Gymnura crebripunctata.png','','20-30','No selectiva','Chinchorro playero, red de enmalle para tiburones y rayas en embarcaciones menores, red agallera para escama pelágica.',4,'(Pacífico) del 1 de mayo al 31 de julio.','Especie marina de aguas costeras. Vive en estuarios y lagunas costeras. Se alimenta de pequeños invertebrados.','Se distribuye en el Pacífico Oriental, desde Baja California a Panamá.','Capturada','Se utiliza la carne.','','2014-11-25 23:31:08'),(147,'Raya mariposa','California Butterfly Ray','Gymnura marmorata','Chondrichthyes','Rajiformes','Gymnuridae',15,'Nacional',3,'Gymnura marmorata.png','','30-100','No selectiva','Chinchorro playero, red de enmalle para tiburones y rayas en embarcaciones menores, red agallera para escama pelágica.',4,'(Pacífico) del 1 de mayo al 31 de julio.','Especie marina de aguas costeras. Vive en estuarios y lagunas costeras. Se alimenta de pequeños invertebrados.','Se distribuye en el Pacífico Oriental, desde Baja California a Perú.','Capturada','Se utiliza la carne.','','2014-11-25 23:31:08'),(148,'Raya mariposa','Smooth Butterfly Ray','Gymnura micrura','Chondrichthyes','Rajiformes','Gymnuridae',15,'Nacional',1,'GymnuraMicrura.png','Tríptico','90-137','No selectiva','Red de enmalle para tiburones y rayas en embarcaciones menores.',NULL,'','Especie marina y costera. Vive en fondos lodosos y fangosos y en estuarios. Se alimenta de peces y crustáceos.','Especie de amplia distribución se encuentra en el Atlántico occidental y oriental.','Capturada','Se utiliza la carne.','','2014-11-25 23:31:08'),(149,'Burro bacoco','','Anisotremus interruptus','Actinopterygii','Perciformes','Haemulidae',34,'',3,'','','','','',NULL,'','','','','','','2014-11-25 23:31:08'),(150,'Barriquete','','Anisotremus surinamensis','Actinopterygii','Perciformes','Haemulidae',34,'',3,'','','','','',NULL,'','','','','','','2014-11-25 23:31:08'),(151,'Burro rasposo','','Haemulon maculicauda','Actinopterygii','Perciformes','Haemulidae',34,'',3,'','','','','',NULL,'','','','','','','2014-11-25 23:31:08'),(152,'Boquilla','','Haemulon plumieri','Actinopterygii','Perciformes','Haemulidae',34,'',3,'','','','','',NULL,'','','','','','','2014-11-25 23:31:08'),(153,'Burro almejero','','Haemulon sexfasciatum','Actinopterygii','Perciformes','Haemulidae',34,'',3,'','','','','',NULL,'','','','','','','2014-11-25 23:31:08'),(154,'Burrito corcovado','','Orthopristis chalceus','Actinopterygii','Perciformes','Haemulidae',34,'',3,'','','','','',NULL,'','','','','','','2014-11-25 23:31:08'),(155,'Armado','','Orthopristis chrysoptera','Actinopterygii','Perciformes','Haemulidae',34,'',3,'','','','','',NULL,'','','','','','','2014-11-25 23:31:08'),(156,'Burro croco','','Pomadasys crocro','Actinopterygii','Perciformes','Haemulidae',34,'',3,'','','','','',NULL,'','','','','','','2014-11-25 23:31:08'),(157,'Chula','','Xenichthys xanti','Actinopterygii','Perciformes','Haemulidae',34,'',3,'','','','','',NULL,'','','','','','','2014-11-25 23:31:08'),(158,'Ronco','','Conodon nobilis','Actinopterygii','Perciformes','Haemulidae',44,'',3,'','','','','',NULL,'','','','','','','2014-11-25 23:31:08'),(159,'Ronco jeniguaro','','Haemulon aurolineatum','Actinopterygii','Perciformes','Haemulidae',44,'',3,'','','','','',NULL,'','','','','','','2014-11-25 23:31:08'),(160,'Ronco prieto','','Haemulon bonariense','Actinopterygii','Perciformes','Haemulidae',44,'',3,'','','','','',NULL,'','','','','','','2014-11-25 23:31:08'),(161,'Ronco chano','','Haemulon flaviguttatum','Actinopterygii','Perciformes','Haemulidae',44,'',3,'','','','','',NULL,'','','','','','','2014-11-25 23:31:08'),(162,'Ronco condenado','French Grunt','Haemulon flavolineatum','Actinopterygii','Perciformes','Haemulidae',44,'Nacional',1,'HaemulonFlavolineatum.png','Tríptico','17-30','Selectiva','Línea de mano para peces pelágicos y demersales.',NULL,'','Especie marina de aguas poco profundas. Vive en zonas arrecifales y los juveniles  en praderas de pastos marinos. Se alimenta de pequeños crustáceos.','Se distribuye en el Atlántico occidental, desde Carolina del Sur a América Central.','Capturada','Se utiliza la carne.','','2014-11-25 23:31:08'),(163,'Ronco carité','','Haemulon sciurus','Actinopterygii','Perciformes','Haemulidae',44,'',3,'','','','','',NULL,'','','','','','','2014-11-25 23:31:08'),(164,'Ronco roncacho','','Haemulopsis leuciscus','Actinopterygii','Perciformes','Haemulidae',44,'',3,'','','','','',NULL,'','','','','','','2014-11-25 23:31:08'),(165,'Ronco rayado','','Microlepidotus brevipinnis','Actinopterygii','Perciformes','Haemulidae',44,'',3,'','','','','',NULL,'','','','','','','2014-11-25 23:31:08'),(166,'Ronco rayadito','','Microlepidotus inornatus','Actinopterygii','Perciformes','Haemulidae',44,'',3,'','','','','',NULL,'','','','','','','2014-11-25 23:31:08'),(167,'Burrito','','Orthopristis reddingi','Actinopterygii','Perciformes','Haemulidae',44,'',3,'','','','','',NULL,'','','','','','','2014-11-25 23:31:08'),(168,'Roncacho gordo','Longspine grunt','Pomadasys macracanthus','Actinopterygii','Perciformes','Haemulidae',44,'',3,'','','','','',NULL,'','','','','','','2014-11-25 23:31:08'),(169,'Ronco mapache','','Pomadasys panamensis','Actinopterygii','Perciformes','Haemulidae',44,'',3,'','','','','',NULL,'','','','','','','2014-11-25 23:31:08'),(170,'Ronco boquichica','Smallmouth Grunt','Haemulon chrysargyreum','Actinopterygii','Perciformes','Haemulidae',44,'Nacional',1,'HaemulonChrysargyreum.png','Tríptico','17-23','Selectiva','Línea de mano para peces pelágicos y demersales.',NULL,'','Especie marina de aguas poco profundas. Vive en zonas arrecifales. Los juveniles viven en praderas de pastos marinos. Se alimenta de pequeños invertebrados.','Se distribuye en el Atlántico occidental, desde el sur de Florida hasta Brasil.','Capturada','Se utiliza la carne.','','2014-11-25 23:31:08'),(171,'Burro','','Haemulon macrostomum','Actinopterygii','Perciformes','Haemulidae',NULL,'',3,'','','','','',NULL,'','','','','','','2014-11-25 23:31:08'),(172,'Lingcod','','Ophiodon elongatus','Actinopterygii','Scorpaeniformes','Hexagrammidae',NULL,'',3,'','','','','',NULL,'','','','','','','2014-11-25 23:31:08'),(173,'Pez vela','','Istiophorus albicans','Actinopterygii','Perciformes','Istiophoridae',34,'',3,'','','','','',NULL,'','','','','','','2014-11-25 23:31:08'),(174,'Pez vela','Sailfish','Istiophorus platypterus','Actinopterygii','Perciformes','Istiophoridae',40,'Nacional',2,'Istiophorus platypterus.png','','170-200','Selectiva','Pesca con caña.',3,'Todo el año','Especie marina de hábitos oceánicos y a veces costeros. Se alimenta de peces, crustáceos y calamares.','Se distribuye todo el Pacífico.','Capturada','Se utiliza la carne.','','2014-11-25 23:31:08'),(175,'Marlín negro','Black Marlin','Makaira indica','Actinopterygii','Perciformes','Istiophoridae',NULL,'Nacional',2,'Makaira indica.png','','180-210','Selectiva','Pesca con caña.',3,'Todo el año','Especie marina de hábitos oceánicos y a veces costeros. Se alimenta de peces, crustáceos y calamares.','Se distribuye casi en todos los mares.','Capturada','Se utiliza la carne.','','2014-11-25 23:31:08'),(176,'Marlin azul del Pacífico','Indo-Pacific Blue Marlin','Makaira mazara','Actinopterygii','Perciformes','Istiophoridae',NULL,'Nacional',3,'','','150-450','Selectiva','Pesca con caña.',3,'Todo el año','Especie marina de hábitos oceánicos y a veces costeros. Se alimenta de peces, crustáceos y calamares.','Se distribuye en el Indo Pacífico.','Capturada','Se utiliza la carne.','','2014-11-25 23:31:08'),(177,'Aguja corta','Shortbill Spearfish','Tetrapturus angustirostris','Actinopterygii','Perciformes','Istiophoridae',NULL,'Nacional',2,'Tetrapturus angustirostris.png','','150-190','Selectiva','Pesca con caña.',3,'Todo el año','Especie marina de hábitos oceánicos y a veces costeros. Se alimenta de peces, crustáceos y calamares.','Se distribuyeen todo el Pacífico.','Capturada','Se utiliza la carne.','','2014-11-25 23:31:08'),(178,'Marlín rayado','Striped Marlin','Tetrapturus audax','Actinopterygii','Perciformes','Istiophoridae',NULL,'Nacional',2,'Tetrapturus audax.png','','150-290','Selectiva','Pesca con caña.',3,'Todo el año','Especie marina de hábitos oceánicos y a veces costeros. Se alimenta de peces, crustáceos y calamares.','Se distribuyeen todo el Pacífico.','Capturada','Se utiliza la carne.','','2014-11-25 23:31:08'),(179,'Marlín azul del Atlántico','Blue Marlin','Makaira nigricans','Actinopterygii','Perciformes','Istiophoridae',NULL,'Nacional',2,'Makaira nigricans.png','','150-300','Selectiva','Pesca con caña.',3,'Todo el año','Especie marina de hábitos oceánicos. Se alimenta de pulpos, calamares y peces.','Se distribuye casi en todos los mares.','Capturada','Se utiliza la carne.','','2014-11-25 23:31:08'),(180,'Marlín blanco','White Marlin','Tetrapturus albidus','Actinopterygii','Perciformes','Istiophoridae',NULL,'Nacional',2,'Tetrapturus albidus.png','','150-300','Selectiva','Pesca con caña.',3,'Todo el año','Especie marina de hábitos oceánicos. Se alimenta de pulpos, calamares y peces.','Se distribuye en el Atlántico occidental, desde el sur de Florida hasta Brasil.','Capturada','Se utiliza la carne.','','2014-11-25 23:31:08'),(181,'Chopa rayada','','Kyphosus analogus','Actinopterygii','Perciformes','Kyphosidae',34,'',3,'','','','','',NULL,'','','','','','','2014-11-25 23:31:08'),(182,'Chopa de Cortés','','Kyphosus elegans','Actinopterygii','Perciformes','Kyphosidae',34,'',3,'','','','','',NULL,'','','','','','','2014-11-25 23:31:08'),(183,'Chopa amarilla','','Kyphosus incisor','Actinopterygii','Perciformes','Kyphosidae',34,'',3,'','','','','',NULL,'','','','','','','2014-11-25 23:31:08'),(184,'Chopa negra','','Kyphosus sectatrix','Actinopterygii','Perciformes','Kyphosidae',34,'',3,'','','','','',NULL,'','','','','','','2014-11-25 23:31:08'),(185,'Chopa salema','','Sectator ocyurus','Actinopterygii','Perciformes','Kyphosidae',34,'',3,'','','','','',NULL,'','','','','','','2014-11-25 23:31:08'),(186,'Chopa bonita','Zebra Perch Sea Chub','Hermosilla azurea','Actinopterygii','Perciformes','Kyphosidae',NULL,'',3,'','','','','',NULL,'','','','','','','2014-11-25 23:31:08'),(187,'Vieja mexicana','','Bodianus diplotaenia','Actinopterygii','Perciformes','Labridae',34,'',3,'','','','','',NULL,'','','','','','','2014-11-25 23:31:08'),(188,'Boquinete','Hogfish','Lachnolaimus maximus','Actinopterygii','Perciformes','Labridae',19,'Nacional',3,'','','30-90','Selectiva','Palangre, línea de mano.',NULL,'','Especie marina de hábitos costeros. Vive en fondos arrecifales. Se alimenta de moluscos, crustáceos y erizos.','Se distribuye en el Golfo de México y Mar Caribe.','Capturada','Se utiliza la carne.','','2014-11-25 23:31:08'),(189,'Vieja californiana','California Sheephead','Semicossyphus pulcher','Actinopterygii','Perciformes','Labridae',19,'Nacional',3,'','','','','',NULL,'','','','','','','2014-11-25 23:31:08'),(190,'Vieja lomo negro','','Bodianus pulchellus','Actinopterygii','Perciformes','Labridae',NULL,'',3,'','','','','',NULL,'','','','','','','2014-11-25 23:31:08'),(191,'Vieja española','','Bodianus rufus','Actinopterygii','Perciformes','Labridae',NULL,'',3,'','','','','',NULL,'','','','','','','2014-11-25 23:31:08'),(192,'Tiburón mako','Shortfin Mako','Isurus oxyrinchus','Chondrichthyes','Lamniformes','Lamnidae',50,'Nacional',1,'IsurusOxyrinchus.png','Tríptico','275-400','Selectiva','Palangre para la pesca de tiburones pelágicos del Pacífico.',4,'(Pacífico) del 1 de mayo al 31 de julio.','Especie marina de hábitos oceánicos y costeros. Vive en mares tropicales y de aguas templado –cálidas. Se alimenta de peces y pequeños tiburones.','Se distribuye casi en todos los mares.','Capturada','Se utiliza la carne.','','2014-11-25 23:31:08'),(193,'Chopa','','Lobotes surinamensis','Actinopterygii','Perciformes','Lobotidae',NULL,'',3,'','','','','',NULL,'','','','','','','2014-11-25 23:31:08'),(194,'Besugo','Vermilion Snapper','Rhomboplites aurorubens','Actinopterygii','Perciformes','Lutjanidae',9,'Nacional',1,'rhomboplitesAurorubens.png','Tríptico','20-60','No selectiva','Chinchorro playero, red agallera para escama de fondo, red agallera para esteros y línea de costa.',NULL,'','Especie marina de aguas moderadamente profundas. Vive en zonas rocosas o de arena. Se alimenta de peces, crustáceos, gusanos y moluscos.','Se distribuye en el Atlántico occidental, desde Carolina del Norte en Estados Unidos hasta Brasil.','Capturada','Se utiliza la carne.','','2014-11-25 23:31:08'),(195,'Huachinango seda','','Etelis oculatus','Actinopterygii','Perciformes','Lutjanidae',25,'',3,'','','','','',NULL,'','','','','','','2014-11-25 23:31:08'),(196,'Huachinando aleta negra','','Lutjanus buccanella','Actinopterygii','Perciformes','Lutjanidae',25,'',3,'','','','','',NULL,'','','','','','','2014-11-25 23:31:08'),(197,'Huachinango del Golfo','Red Snapper','Lutjanus campechanus','Actinopterygii','Perciformes','Lutjanidae',25,'Nacional',1,'LutjanusCampechanus.png','Tríptico','25-100','No selectiva','Chinchorro playero, red agallera para escama de fondo, red agallera para esteros y línea de costa.',NULL,'','Especie marina que vive en fondos rocosos. Los juveniles viven a poca profundidad y en fondos arenosos y fangosos. Se alimenta de crustáceos, moluscos, poliquetos y peces.','Se distribuye en el Atlántico occidental, desde Massachusetts hasta el Golfo de México y Caribe.','Capturada','Se utiliza la carne.','','2014-11-25 23:31:08'),(198,'Huachinango del Pacífico','Pacific Red Snapper','Lutjanus peru','Actinopterygii','Perciformes','Lutjanidae',25,'Nacional',1,'LutjanusPeru.png','Tríptico','50-95','No selectiva','Redes de arrastre, red agallera para escama de fondo, red agallera para esteros y línea de costa.',NULL,'','Especie marina de hábitos costeros. Vive en fondos rocosos y arrecifales. Se alimenta de peces e invertebrados.','Se distribuye en el Pacífico Oriental, desde California a Perú.','Capturada','Se utiliza la carne.','','2014-11-25 23:31:08'),(199,'Huachinango ojo amarillo','Silk Snapper','Lutjanus vivanus','Actinopterygii','Perciformes','Lutjanidae',25,'Nacional',1,'LutjanusVivanus.png','Tríptico','50-83','No selectiva','Chinchorro playero, red agallera para escama de fondo, red agallera para esteros y línea de costa.',NULL,'','Especie marina de aguas profundas. Se alimenta de peces, crustáceos, moluscos y otros invertebrados.','Se distribuye en el Atlántico occidental, desde Carolina del Norte en Estados Unidos hasta Brasil.','Capturada','Se utiliza la carne.','','2014-11-25 23:31:08'),(200,'Cubera','','Lutjanus cyanopterus','Actinopterygii','Perciformes','Lutjanidae',34,'',3,'','','','','',NULL,'','','','','','','2014-11-25 23:31:08'),(201,'Pargo coconaco','Barred Pargo','Hoplopagrus guentherii','Actinopterygii','Perciformes','Lutjanidae',37,'Nacional',1,'HoplopagrusGuentherii.png','Tríptico','50-90','No selectiva','Chinchorro playero, red agallera para escama de fondo, red agallera para esteros y línea de costa.',NULL,'','Especie marina de hábitos costeros. Vive en arrecifes rocosos y de coral. Se alimenta de peces e invertebrados.','Se distribuye en el Pacífico Oriental, desde Baja California a Ecuador.','Capturada','Se utiliza la carne.','','2014-11-25 23:31:08'),(202,'Pargo criollo','Mutton Snapper','Lutjanus analis','Actinopterygii','Perciformes','Lutjanidae',37,'Nacional',1,'LutjanusAnalis.png','Tríptico','52-94','No selectiva','Chinchorro playero, red agallera para escama de fondo, red agallera para esteros y línea de costa.',NULL,'','Especie marina que vive asociada a arrecifes rocosos y coralinos. Los juveniles viven en praderas de pastos marinos. Se alimenta de peces, crustáceos y moluscos.','Se distribuye en el Atlántico occidental, desde Massachusetts hasta Brasil.','Capturada','Se utiliza la carne.','','2014-11-25 23:31:08'),(203,'Pargo canchix','Schoolmaster','Lutjanus apodus','Actinopterygii','Perciformes','Lutjanidae',37,'Nacional',1,'LutjanusApodus.png','Tríptico','26-67','No selectiva','Chinchorro playero, red agallera para escama de fondo, red agallera para esteros y línea de costa.',NULL,'','Especie marina de aguas poco profundas. Los adultos viven en zonas arrecifales y los juveniles en praderas de pastos marinos. Su alimentación consta de crustáceos, moluscos, gusanos y peces.','Se distribuye en el Atlántico occidental, desde Massachusetts hasta Brasil.','Capturada','Se utiliza la carne.','','2014-11-25 23:31:08'),(204,'Pargo raicero','','Lutjanus aratus','Actinopterygii','Perciformes','Lutjanidae',37,'',3,'','','','','',NULL,'','','','','','','2014-11-25 23:31:08'),(205,'Pargo amarillo','Yellow Snapper','Lutjanus argentiventris','Actinopterygii','Perciformes','Lutjanidae',37,'Nacional',1,'LutjanusArgentiventris.png','Tríptico','20-70','No selectiva','Redes de arrastre, red agallera para escama de fondo, red agallera para esteros y línea de costa.',NULL,'','Especie marina de hábitos costeros. Los adultos viven en zonas arrecifales y los juveniles en manglares. Se alimenta de peces e invertebrados.','Se distribuye en el Pacífico Oriental, desde California a Perú.','Capturada','Se utiliza la carne.','','2014-11-25 23:31:08'),(206,'Pargo colorado','Colorado Snapper','Lutjanus colorado','Actinopterygii','Perciformes','Lutjanidae',37,'Nacional',1,'LutjanusColorado.png','Tríptico','35-70','No selectiva','Redes de arrastre, red agallera para escama de fondo, red agallera para esteros y línea de costa.',NULL,'','Especie marina de hábitos costeros. Vive en zonas arrecifales y rocosas. Se alimenta de peces e invertebrados.','Se distribuye en el Pacífico Oriental, desde California a Ecuador.','Capturada','Se utiliza la carne.','','2014-11-25 23:31:08'),(207,'Pargo mulato','Gray Snapper','Lutjanus griseus','Actinopterygii','Perciformes','Lutjanidae',37,'Nacional',1,'LutjanusGriseus.png','Tríptico','32-89','No selectiva','Chinchorro playero, red agallera para escama de fondo, red agallera para esteros y línea de costa.',NULL,'','Especie marina que vive en arrecifes, zonas rocosas, estuarios y manglares. Los juveniles viven en las bocas de los ríos. Se alimenta de pequeños peces, crustáceos y moluscos.','Se distribuye en el Atlántico occidental, desde Massachusetts hasta Brasil.','Capturada','Se utiliza la carne.','','2014-11-25 23:31:08'),(208,'Pargo lunarejo','Spotted Rose','Lutjanus guttatus','Actinopterygii','Perciformes','Lutjanidae',37,'Nacional',1,'LutjanusGuttatus.png','Tríptico','35-80','No selectiva','Redes de arrastre, red agallera para escama de fondo, red agallera para esteros y línea de costa.',NULL,'','Especie marina de hábitos costeros. Vive en zonas arrecifales y rocosas. Se alimenta de peces e invertebrados.','Se distribuye en el Pacífico Oriental, desde California a Perú.','Capturada','Se utiliza la carne.','','2014-11-25 23:31:08'),(209,'Pargo caballera','','Lutjanus jocu','Actinopterygii','Perciformes','Lutjanidae',37,'',3,'','','','','',NULL,'','','','','','','2014-11-25 23:31:08'),(210,'Pargo rojo','','Lutjanus jordani','Actinopterygii','Perciformes','Lutjanidae',37,'',3,'','','','','',NULL,'','','','','','','2014-11-25 23:31:08'),(211,'Pargo mulato','Pacific Dog Snapper','Lutjanus novemfasciatus','Actinopterygii','Perciformes','Lutjanidae',37,'Nacional',1,'LutjanusNovemfasciatus.png','Tríptico','40-170','No selectiva','Redes de arrastre, red agallera para escama de fondo, red agallera para esteros y línea de costa.',NULL,'','Especie marina de hábitos costeros. Vive fondos rocosos y arrecifales. Se alimenta de peces e invertebrados.','Se distribuye en el Pacífico Oriental, desde California a Perú.','Capturada','Se utiliza la carne.','','2014-11-25 23:31:08'),(212,'Pargo rojo','','Lutjanus purpureus','Actinopterygii','Perciformes','Lutjanidae',37,'',3,'','','','','',NULL,'','','','','','','2014-11-25 23:31:08'),(213,'Pargo azul-dorado','Blue and Gold snapper','Lutjanus viridis','Actinopterygii','Perciformes','Lutjanidae',37,'Nacional',1,'LutjanusViridis.png','Tríptico','15-30','No selectiva','Redes de arrastre, red agallera para escama de fondo, red agallera para esteros y línea de costa.',NULL,'','Especie marina de hábitos costeros. Vive asociada a fondos rocosos y arrecifales. Se alimenta de peces e invertebrados.','Se distribuye en el Pacífico Oriental, desde Baja California a Ecuador.','Capturada','Se utiliza la carne.','','2014-11-25 23:31:08'),(214,'Pargo rabirrubia','','Lutjanus inermis','Actinopterygii','Perciformes','Lutjanidae',45,'',3,'','','','','',NULL,'','','','','','','2014-11-25 23:31:08'),(215,'Pargo biajaiba','','Lutjanus synagris','Actinopterygii','Perciformes','Lutjanidae',45,'',3,'','','','','',NULL,'','','','','','','2014-11-25 23:31:08'),(216,'Rubia','Yellowtail Snapper','Ocyurus chrysurus','Actinopterygii','Perciformes','Lutjanidae',45,'Nacional',1,'OcyurusChrysurus.png','Tríptico','29-86','No selectiva','Chinchorro playero, red agallera para escama de fondo, red agallera para esteros y línea de costa.',NULL,'','Especie marina que vive en zonas arrecifales. Se alimenta de plancton, animales bentónicos y peces.','Se distribuye en el Atlántico occidental, desde Massachusetts hasta Brasil.','Capturada','Se utiliza la carne.','','2014-11-25 23:31:08'),(217,'Lamparita','','Apsilus dentatus','Actinopterygii','Perciformes','Lutjanidae',NULL,'',3,'','','','','',NULL,'','','','','','','2014-11-25 23:31:08'),(218,'Conejo amarillo','','Lopholatilus chamaeleonticeps','Actinopterygii','Perciformes','Malacanthidae',34,'',3,'','','','','',NULL,'','','','','','','2014-11-25 23:31:08'),(219,'Conejo','','Caulolatilus affinis','Actinopterygii','Perciformes','Malacanthidae',42,'',3,'','','','','',NULL,'','','','','','','2014-11-25 23:31:08'),(220,'Pierna','Ocean Whitefish','Caulolatilus princeps','Actinopterygii','Perciformes','Malacanthidae',42,'Nacional',1,'CaulolatilusPrinceps.png','Tríptico','30-100','No selectiva','Chinchorro playero, red agallera, red de arrastre.',NULL,'','Especie marina que vive en los arrecifes y en zonas de fondo rocoso.','Se distribuye en el Pacífico Oriental desde Canadá hasta Perú.','Capturada','Se utiliza la carne.','','2014-11-25 23:31:08'),(221,'Blanquillo ojo amarillo','','Caulolatilus chrysops','Actinopterygii','Perciformes','Malacanthidae',NULL,'',3,'','','','','',NULL,'','','','','','','2014-11-25 23:31:08'),(222,'Blanquillo payaso','','Caulolatilus intermedius','Actinopterygii','Perciformes','Malacanthidae',NULL,'',3,'','','','','',NULL,'','','','','','','2014-11-25 23:31:08'),(223,'Blanquillo lucio','','Caulolatilus microps','Actinopterygii','Perciformes','Malacanthidae',NULL,'',3,'','','','','',NULL,'','','','','','','2014-11-25 23:31:08'),(224,'Merluza','European hake','Merluccius spp.','Actinopterygii','Gadiformes','Merlucciidae',39,'Importado',2,'Merluccius spp..png','','30-60','No selectiva','Redes de arrastre, redes de cerco danesas y palangres.',NULL,'','Especie marina. Vive cerca de los fondos a profundidades que van de los 70 a 1000 metros. Se alimenta principalmente de peces pequeños y calamares.','Se distribuye en la costa atlántica de Europa y al oeste de África del Norte, Mar Mediterráneo y en la costa sur del Mar Negro.','Capturada','Congelado.','España.','2014-11-25 23:31:08'),(225,'Merluza norteña','','Merluccius productus','Actinopterygii','Gadiformes','Merlucciidae',34,'',3,'','','','','',NULL,'','','','','','','2014-11-25 23:31:08'),(226,'Lija garrapatera','','Aluterus scriptus','Actinopterygii','Tetraodontiformes','Monocanthidae',34,'',3,'','','','','',NULL,'','','','','','','2014-11-25 23:31:08'),(227,'Lubina','European seabass','Dicentrarchus spp.','Actinopterygii','Perciformes','Moronidae',39,'Importado',2,'Dicentrarchus spp..png','','50-100','No selectiva','Redes de arrastre de fondo, redes de playa, anzuelos y líneas.',NULL,'','Especie marina de aguas costeras. Vive en estuarios y en las bocas de los ríos. Se alimenta de peces pequeños e invertebrados.','Se distribuye en el Atlántico Norte. Noruega, Islas Británicas, Mar Mediterráneo, Mar Negro y sur de Senegal.','Capturada','Congelado.','España, Nicaragua','2014-11-25 23:31:08'),(228,'Lisa blanca','White Mullet','Mugil curema','Actinopterygii','Mugiliformes','Mugilidae',27,'Nacional',1,'MugilCurema.png','Tríptico','24-90','Selectiva','Red agallera para lisa y liseta o lebrancha.',4,'(Pacífico) Del 1 de abril al 15 de julio. (Golfo de México) del 1 de diciembre al 28 de febrero.','Especie marina de aguas poco profundas. Vive en fondos arenosos y en zonas de arrecife. Se alimenta de algas y organismos planctónicos.','Se distribuye en todo el Atlántico y Pacífico.','Capturada','Se utiliza la carne.','','2014-11-25 23:31:08'),(229,'Lisa rayada','Striped Mullet','Mugil cephalus','Actinopterygii','Mugiliformes','Mugilidae',29,'Nacional',1,'MugilCephalus.png','Tríptico','30-90','Selectiva','Red agallera para lisa y liseta o lebrancha.',4,'(Pacífico) 1 de noviembre al 31 de diciembre. (Golfo de México) del 1 de diciembre al  28 de febrero.','Especie marina que vive en las bocas de los ríos y estuarios con fondos arenosos y fangosos. Se alimenta de microalgas, pequeños organismos bentónicos, zooplancton y detritus.','Su distribución es cosmopolita en todos los mares de temperaturas tropicales.','Capturada','Se utiliza la carne.','','2014-11-25 23:31:08'),(230,'Lisa hospe','','Mugil hospes','Actinopterygii','Mugiliformes','Mugilidae',29,'',3,'','','','','',NULL,'','','','','','','2014-11-25 23:31:08'),(231,'Chivo','','Pseudupeneus grandisquamis','Actinopterygii','Perciformes','Mullidae',34,'',3,'','','','','',NULL,'','','','','','','2014-11-25 23:31:08'),(232,'Chivo','','Upeneus parvus','Actinopterygii','Perciformes','Mullidae',34,'',3,'','','','','',NULL,'','','','','','','2014-11-25 23:31:08'),(233,'Chucho pintado','Spotted Eagle','Aetobatus narinari','Chondrichthyes','Rajiformes','Myliobatidae',15,'Nacional',3,'','','100-150','No selectiva','Chinchorro playero, red de enmalle para tiburones y rayas en embarcaciones menores, red agallera para escama pelágica.',4,'(Pacífico) del 1 de mayo al 31 de julio.','Especie marina de hábitos costeros. Vive asociado a manglares, praderas de pastos marinos, praderas de algas, arrecifes de coral y fondos arenosos y fangosos. Se alimenta de crustáceos y moluscos.','Se distribuye en todo el Atlántico y Pacífico.','Capturada','Se utiliza la carne.','','2014-11-25 23:31:08'),(234,'Manta voladora','Giant manta','Manta birostris','Chondrichthyes','Rajiformes','Myliobatidae',15,'Nacional',3,'','','','','',2,'Todo el año','Especie marina de aguas poco profundas. Vive cerca de la costa y ligada a arrecifes. Se alimenta de plancton y peces pequeños.','Se distribuye en todos los mares tropicales.','Capturada','Prohibido','','2014-11-25 23:31:08'),(235,'Manta del Golfo','','Mobula hypostoma','Chondrichthyes','Rajiformes','Myliobatidae',15,'',3,'','','','','',2,'Todo el año','','','','','','2014-11-25 23:31:08'),(236,'Manta arpón','','Mobula japanica','Chondrichthyes','Rajiformes','Myliobatidae',15,'',3,'','','','','',2,'Todo el año','','','','','','2014-11-25 23:31:08'),(237,'Manta chica','','Mobula munkiana','Chondrichthyes','Rajiformes','Myliobatidae',15,'',3,'','','','','',2,'Todo el año','','','','','','2014-11-25 23:31:08'),(238,'Manta cornuda','','Mobula tarapacana','Chondrichthyes','Rajiformes','Myliobatidae',15,'',3,'','','','','',2,'Todo el año','','','','','','2014-11-25 23:31:08'),(239,'Manta cubana','','Mobula thurstoni','Chondrichthyes','Rajiformes','Myliobatidae',15,'',3,'','','','','',2,'Todo el año','','','','','','2014-11-25 23:31:08'),(240,'','','Mobula lucasana','','','',NULL,'',3,'','','','','',2,'Todo el año','','','','','','2014-11-25 23:31:08'),(241,'Gavilan','','Myliobatis californica','Chondrichthyes','Rajiformes','Myliobatidae',15,'',3,'','','','','',4,'(Pacífico) del 1 de mayo al 31 de julio.','','','','','','2014-11-25 23:31:08'),(242,'Pejechucho','','Myliobatis goodei','Chondrichthyes','Rajiformes','Myliobatidae',15,'',3,'','','','','',NULL,'','','','','','','2014-11-25 23:31:08'),(243,'Raya águila','','Myliobatis longirostris','Chondrichthyes','Rajiformes','Myliobatidae',15,'',3,'','','','','',4,'(Pacífico) del 1 de mayo al 31 de julio.','','','','','','2014-11-25 23:31:08'),(244,'Manta cubanita','','Rhinoptera bonasus','Chondrichthyes','Rajiformes','Myliobatidae',15,'',3,'','','','','',NULL,'','','','','','','2014-11-25 23:31:08'),(245,'Manta común','','Rhinoptera brasiliensis','Chondrichthyes','Rajiformes','Myliobatidae',15,'',3,'','','','','',NULL,'','','','','','','2014-11-25 23:31:08'),(246,'Tecolote','Golden Cownose Ray','Rhinoptera steindachneri','Chondrichthyes','Rajiformes','Myliobatidae',15,'Nacional',1,'RhinopteraSteindachneri.png','Tríptico','38-90','No selectiva','Chinchorro playero, red de enmalle para tiburones y rayas en embarcaciones menores, red agallera para escama pelágica.',4,'(Pacífico) del 1 de mayo al 31 de julio.','Especie marina de hábitos costeros y poco profundos. Vive en fondos arenosos y cerca de los arrecifes rocosos y coralinos. Se alimenta de moluscos y crustáceos.','Se distribuye en el Pacífico Oriental, desde Baja California a Perú.','Capturada','Se utiliza la carne.','','2014-11-25 23:31:08'),(247,'Raya eléctrica','','Narcine brasiliensis','Chondrichthyes','Torpediniformes','Narcinidae',15,'',3,'','','','','',NULL,'','','','','','','2014-11-25 23:31:08'),(248,'Guitarra electrica','','Narcine entemedor','Chondrichthyes','Torpediniformes','Narcinidae',15,'',3,'','','','','',4,'(Pacífico) del 1 de mayo al 31 de julio.','','','','','','2014-11-25 23:31:08'),(249,'Papagallo','Roosterfish','Nematistius pectoralis','Actinopterygii','Perciformes','Nematistiidae',36,'Nacional',3,'','','60-160','Selectiva','Pesca con caña.',3,'Todo el año','Especie marina de hábitos oceánicos y a veces costeros. Se alimenta de peces, crustáceos y calamares.','Se distribuye en el Pacífico Oriental, desde el sur de California hasta Perú.','Capturada','Se utiliza la carne.','','2014-11-25 23:31:08'),(250,'Austromerluza negra','Patagonian Toothfish','Dissostichus eleginoides','Actinopterygii','Perciformes','Nototheniidae',39,'Importado',3,'','','70-200','No selectiva','Redes de arrastre de fondo.',NULL,'','Especie marina que vive en profundidades que van de los 70 a 1,500 metros. Se alimenta de peces y cefalópodos.','Se distribuye en el mar Antártico.','Capturada','Congelado, filetes.','Estados Unidos.','2014-11-25 23:31:08'),(251,'Lairón','','Ophichthus rex','Actinopterygii','Anguilliformes','Ophichthidae',NULL,'',3,'','','','','',NULL,'','','','','','','2014-11-25 23:31:08'),(252,'Lengua','','Brotula barbata','Actinopterygii','Ophidiiformes','Ophidiidae',34,'',3,'','','','','',NULL,'','','','','','','2014-11-25 23:31:08'),(253,'Lengua','','Brotula clarki','Actinopterygii','Ophidiiformes','Ophidiidae',34,'',3,'','','','','',NULL,'','','','','','','2014-11-25 23:31:08'),(254,'Torito','','Acanthostracion quadricornis','Actinopterygii','Tetraodontiformes','Ostraciidae',NULL,'',3,'','','','','',NULL,'','','','','','','2014-11-25 23:31:08'),(255,'Basa/ oriental','Striped Catfish','Pangasius hypophthalmus','Actinopterygii','Siluriformes','Pangasiidae',39,'Importado',3,'','','','','',NULL,'','Especie de agua dulce que vive en ríos. Se alimenta de algas, zooplancton e insectos.','Se distribuye en Viet Nam y Tailandia.','Cultivada','','','2014-11-25 23:31:08'),(256,'Lenguado alón','','Citharichthys xanthostigma','Actinopterygii','Pleuronectiformes','Paralichthydae',28,'',3,'','','','','',NULL,'','','','','','','2014-11-25 23:31:08'),(257,'Lengado bocón','Bigmouth Sole','Hippoglossina stomata','Actinopterygii','Pleuronectiformes','Paralichthydae',28,'Nacional',1,'HippoglossinaStomata.png','Tríptico','35-40','No selectiva','Redes de arrastre.',NULL,'','Especie marina de hábitos bentónicos y costeros. Vive enterrada en la arena. Se alimenta de pequeños crustáceos que viven en la arena.','Se distribuye en el Pacífico Oriental, desde California hasta el Golfo de California.','Capturada','Se utiliza la carne.','','2014-11-25 23:31:08'),(258,'Lenguado cuatro ojos','','Hippoglossina tetropthalmus','Actinopterygii','Pleuronectiformes','Paralichthydae',28,'',3,'','','','','',NULL,'','','','','','','2014-11-25 23:31:08'),(259,'Lenguado de Cortés','','Paralichthys aestuarius','Actinopterygii','Pleuronectiformes','Paralichthydae',28,'',3,'','','','','',NULL,'','','','','','','2014-11-25 23:31:08'),(260,'Lenguado californiano','','Paralichthys californicus','Actinopterygii','Pleuronectiformes','Paralichthydae',28,'',3,'','','','','',NULL,'','','','','','','2014-11-25 23:31:08'),(261,'Lenguado huarache','','Paralichthys woolmani','Actinopterygii','Pleuronectiformes','Paralichthydae',28,'',3,'','','','','',NULL,'','','','','','','2014-11-25 23:31:08'),(262,'Lenguado arenoso','','Syacium gunteri','Actinopterygii','Pleuronectiformes','Paralichthydae',28,'',3,'','','','','',NULL,'','','','','','','2014-11-25 23:31:08'),(263,'Lenguado cola de abanico','Fantail Sole','Xystreurys liolepis','Actinopterygii','Pleuronectiformes','Paralichthydae',28,'Nacional',1,'Xystreurys liolepis.png','Tríptico','20-63','No selectiva','Redes de arrastre.',NULL,'','Especie marina costera. Vive en fondos arenosos y fangosos. Se alimente de crustáceos.','Se distribuye en el Pacífico Oriental, desde California hasta el Golfo de California.','Capturada','Se utiliza la carne.','','2014-11-25 23:31:08'),(264,'Lenguado panza blanca','','Paralichthys albigutta','Actinopterygii','Pleuronectiformes','Paralichthydae',NULL,'',3,'','','','','',NULL,'','','','','','','2014-11-25 23:31:08'),(265,'Merluza','','Urophycis spp.','Actinopterygii','Gadiformes','Phycidae',39,'',3,'','','','','',NULL,'','','','','Congelado.','Canada, Peru, España.','2014-11-25 23:31:08'),(266,'Lenguado tres ojos','Threespot Sand Flounder','Ancylopsetta dendritica','Actinopterygii','Pleuronectiformes','Paralichthydae',28,'',3,'','','','','',NULL,'','','','','','','2014-11-25 23:31:08'),(267,'Fletán del Pacífico','Fletán','Hippoglossus stenolepis','Actinopterygii','Pleuronectiformes','Pleuronectidae',39,'Importado',3,'','','140-250','No Selectiva','Pesca de arrastre y pesca con palangre demersal.',NULL,'','Especie de agua salada. Vive en aguas profundas con fondos arenosos y fangosos. Se alimenta de peces moluscos y crustáceos.','Se distribuye en el Pacífico Norte, desde Japón, Mar de Bering, Alaska y California.','Capturada','Fresco.','','2014-11-25 23:31:08'),(268,'Fletán negro','Fletán Negro','Reinhardtius hippoglossoides','Actinopterygii','Pleuronectiformes','Pleuronectidae',39,'Importado',3,'','','50-80','No Selectiva','Pesca de arrastre y pesca con palangre demersal.',NULL,'','Especie de agua salada que vive a profundidades de 500 a 1000 metros en fondos blandos y arenosos. Se alimenta de peces.','Se distribuye en ambos océanos, desde Inglaterra, Noruega, Islandia y Groenlandia en el Atlántico oriental. En la parte del Pacífico se distribuye desde Japón hasta las costas del California.','Capturada','Fresco.','','2014-11-25 23:31:08'),(269,'Lenguado diamante','','Hypsopsetta guttulata','Actinopterygii','Pleuronectiformes','Pleuronectidae',28,'',3,'','','','','',NULL,'','','','','','','2014-11-25 23:31:08'),(270,'Lengado resbaloso','','Microstomus pacificus','Actinopterygii','Pleuronectiformes','Pleuronectidae',28,'',3,'','','','','',NULL,'','','','','','','2014-11-25 23:31:08'),(271,'Barbudo de seis barbas','','Polydactylus approximans','Actinopterygii','Perciformes','Polynemidae',34,'',3,'','','','','',NULL,'','','','','','','2014-11-25 23:31:08'),(272,'Ratón','','Polydactylus octonemus','Actinopterygii','Perciformes','Polynemidae',34,'',3,'','','','','',NULL,'','','','','','','2014-11-25 23:31:08'),(273,'Pescara','','Stereolepis gigas','Actinopterygii','Perciformes','Polyprionidae',34,'',3,'','','','','',NULL,'','','','','','','2014-11-25 23:31:08'),(274,'Gallineta café','','Pomacanthus arcuatus','Actinopterygii','Perciformes','Pomacanthidae',NULL,'',3,'','','','','',NULL,'','','','','','','2014-11-25 23:31:08'),(275,'Gallineta negra','','Pomacanthus paru','Actinopterygii','Perciformes','Pomacanthidae',NULL,'',3,'','','','','',NULL,'','','','','','','2014-11-25 23:31:08'),(276,'Ojón','','Priacanthus arenatus','Actinopterygii','Perciformes','Priacanthidae',34,'',3,'','','','','',NULL,'','','','','','','2014-11-25 23:31:08'),(277,'Cobia','Cobia','Rachycentrum canadum','Actinopterygii','Perciformes','Rachycentridae',39,'',3,'','','','','',NULL,'','Especie marina pelágica. Se alimenta de peces, calamaras, camarones y cangrejos.','Se distribuye casi en todos los mares acepto el Pacífico Central y Oriental.','Cultivada','Congelado.','Estados Unidos, Canada.','2014-11-25 23:31:08'),(278,'Raya de california','','Raja inornata','Chondrichthyes','Rajiformes','Rajidae',15,'',3,'','','','','',4,'(Pacífico) del 1 de mayo al 31 de julio.','','','','','','2014-11-25 23:31:08'),(279,'Raya','','Raja texana','Chondrichthyes','Rajiformes','Rajidae',15,'',3,'','','','','',NULL,'','','','','','','2014-11-25 23:31:08'),(280,'Raya chillona','','Raja velezi','Chondrichthyes','Rajiformes','Rajidae',15,'',3,'','','','','',4,'(Pacífico) del 1 de mayo al 31 de julio.','','','','','','2014-11-25 23:31:08'),(281,'Payaso pinto','','Rhinobatos glaucostigma','Chondrichthyes','Rajiformes','Rhinobatidae',15,'',3,'','','','','',4,'(Pacífico) del 1 de mayo al 31 de julio.','','','','','','2014-11-25 23:31:08'),(282,'Guitarra viola','','Rhinobatos productus','Chondrichthyes','Rajiformes','Rhinobatidae',15,'',3,'','','','','',4,'(Pacífico) del 1 de mayo al 31 de julio.','','','','','','2014-11-25 23:31:08'),(283,'Pez diablo','','Rhinobatus lentiginosus','Chondrichthyes','Rajiformes','Rhinobatidae',15,'',3,'','','','','',NULL,'','','','','','','2014-11-25 23:31:08'),(284,'Guitarra rayada','','Zapterix exasperata','Chondrichthyes','Rajiformes','Rhinobatidae',15,'',3,'','','','','',4,'(Pacífico) del 1 de mayo al 31 de julio.','','','','','','2014-11-25 23:31:08'),(285,'Salmón del Danubio','Huchen','Hucho hucho','Actinopterygii','Salmoniformes','Salmonidae',39,'Importado',3,'','','','No selectiva','',NULL,'','Especie de agua dulce. Vive en los causes de los ríos, en especial el Danubio. Se alimenta de peces, amfibios y pequeños reptiles.','Se distribuye en Europa, principalmente en el Río Danubio','Captura y cultivada','Fresco, congelado y ahumado.','','2014-11-25 23:31:08'),(286,'Salmón rosado','Pink Salmo','Oncorhynchus gorbuscha','Actinopterygii','Salmoniformes','Salmonidae',39,'Importado',3,'','','40-75','No Selectiva','Red de enmalle y red de arrastre.',NULL,'','Especie de agua dulce y marina. Vive en zonas costeras y en los ríos en épocas de desove. Se alimenta de calamares, peces y plancton.','Se distribuye en el Pacífico norte, desde el norte de California, Alaska, Canadá y Norte de Japón.','Capturada','Fresco, ahumado.','','2014-11-25 23:31:08'),(287,'Salmón chum','Chum Salmo','Oncorhynchus keta','Actinopterygii','Salmoniformes','Salmonidae',39,'',3,'','','','No selectiva','',NULL,'','Especie de agua dulce y marina. Vive cerca de la costa y hace migraciones a los ríos en epocas de desove.','Se distribuye en el Pacífico norte, desde el norte de California, Alaska, Canada y Norte de Japón.','Capturada','Fresco, ahumado.','','2014-11-25 23:31:08'),(288,'Salmón coho','Coho Salmo','Oncorhynchus kisutch','Actinopterygii','Salmoniformes','Salmonidae',39,'Importado',3,'','','50-90','No Selectiva','Red de enmalle y red de arrastre.',NULL,'','Especie de agua dulce y marina. Vive cerca de la costa y hace migraciones a los ríos en épocas de desove.','Se distribuye en el Pacífico norte,  norte de Baja California, Alaska, Canadá y Norte de Japón.','Capturada','Fresco, ahumado.','','2014-11-25 23:31:08'),(289,'Salmón japones','Masu Salmon','Oncorhynchus masou','Actinopterygii','Salmoniformes','Salmonidae',39,'',3,'','','','No selectiva','',NULL,'','Especie de agua dulce y marina. Vive cerca de la costa y hace migraciones a los ríos en epocas de desove.','Se distribuye en las costas de Japó.','','Fresco, ahumado.','','2014-11-25 23:31:08'),(290,'Salmón rojo','Sokeye Salmo','Oncorhynchus nerka','Actinopterygii','Salmoniformes','Salmonidae',39,'Importado',3,'','','60-85','No Selectiva','Red de enmalle y red de arrastre.',NULL,'','Especie de agua dulce y marina. Vive en zonas costeras y en los ríos en épocas de desove. Se alimenta de calamares, peces y plancton.','Se distribuye en el Pacífico norte, desde el norte de California, Alaska, Canadá y Norte de Japón.','Capturada','Fresco, ahumado.','','2014-11-25 23:31:08'),(291,'Salmón real','Chinook Salmo','Oncorhynchus tschawytscha','Actinopterygii','Salmoniformes','Salmonidae',39,'Importado',3,'','','40-70','No Selectiva','Red de enmalle y red de arrastre.',NULL,'','Especie de agua dulce y marina. Vive cerca de la costa y hace migraciones a los ríos en épocas de desove.','Se distribuye en el Pacífico norte, desde el norte de California, Alaska, Canadá y Norte de Japón.','Capturada','Fresco, ahumado.','','2014-11-25 23:31:08'),(292,'Salmón del Atlántico','Atlantic Salmon','Salmo salar','Actinopterygii','Salmoniformes','Salmonidae',39,'Importado',3,'','','40-150','No Selectiva','Red de enmalle y red de arrastre.',NULL,'','Especie de agua dulce y marina. Vive cerca de la costa y hace migraciones a los ríos en épocas de desove.','Se distribuye en el Atlántico Norte, en las costas de Europa, Canadá y América del norte.','Capturada','Fresco, ahumado.','','2014-11-25 23:31:08'),(293,'Trucha','Brown trout','Salmo trutta','Actinopterygii','Salmoniformes','Salmonidae',39,'',3,'','','','','',NULL,'','','','','Congelado.','Estados Unidos.','2014-11-25 23:31:08'),(294,'Berrugata real','','Menticirrhus nasus','Actinopterygii','Perciformes','Sciaenidae',8,'',3,'','','','','',NULL,'','','','','','','2014-11-25 23:31:08'),(295,'Berrugata gurrubato','Panama Kingcroaker','Menticirrhus panamensis','Actinopterygii','Perciformes','Sciaenidae',8,'Nacional',1,'MenticirrhusPanamensis.png','Tríptico','30-75','No selectiva','Redes de arrastre, red agallera para escama de fondo, red agallera para esteros y línea de costa.',NULL,'','Especie marina. Vive en la zona costera cerca de manglares y estuarios. Se alimenta de pequeños crustáceos, gusanos poliquetos y moluscos.','Se distribuye en el Pacífico Oriental, desde Baja California hasta Chile.','Capturada','Se utiliza la carne.','','2014-11-25 23:31:08'),(296,'Berrugata californiana','California Corbina','Menticirrhus undulatus','Actinopterygii','Perciformes','Sciaenidae',8,'Nacional',1,'MenticirrhusUndulatus.png','Tríptico','32-71','No selectiva','Redes de arrastre, red agallera para escama de fondo, red agallera para esteros y línea de costa.',NULL,'','Especie marina. Vive en la zona costera preferentemente con fondos arenosos. Se alimenta de cangrejos, otros pequeños crustáceos y gusanos poliquetos.','Se distribuye en el Pacífico Oriental, desde California hasta Perú.','Capturada','Se utiliza la carne.','','2014-11-25 23:31:08'),(297,'Berrugata aleta amarilla','Yellowfin Croaker','Umbrina roncador','Actinopterygii','Perciformes','Sciaenidae',8,'Nacional',1,'UmbrinaRoncador.png','Tríptico','35-65','No selectiva','Chinchorro playero, red agallera, red de cerco.',NULL,'','Especie marina. Vive en zonas de baja profundidad principalmente fondos arenosos. Se alimenta de peces, crustáceos, poliquetos y moluscos.','Se distribuye en el Pacífico Oriental, desde el Sur de California hasta el Golfo de California.','Capturada','Se utiliza la carne.','','2014-11-25 23:31:08'),(298,'Berrugata roncadora','','Umbrina xanti','Actinopterygii','Perciformes','Sciaenidae',8,'',3,'','','','','',NULL,'','','','','','','2014-11-25 23:31:08'),(299,'Corvina blanca','White Seabass','Atractoscion nobilis','Actinopterygii','Perciformes','Sciaenidae',17,'Nacional',1,'AtractoscionNobilis.png','Tríptico','80-160','No selectiva','Línea de mano para peces pelágicos y demersales.',NULL,'','Especie marina que vive asociada a fondos rocosos y a bosques de macroalgas. Se alimenta de peces y cefalópodos.','Se distribuye en el Pacífico Oriental, desde Alaska hasta el Golfo de California.','Capturada','Se utiliza la carne.','','2014-11-25 23:31:08'),(300,'Corvineta armada','','Bairdiella armata','Actinopterygii','Perciformes','Sciaenidae',17,'',3,'','','','','',NULL,'','','','','','','2014-11-25 23:31:08'),(301,'Corvineta ronco','','Bairdiella icistia','Actinopterygii','Perciformes','Sciaenidae',17,'',3,'','','','','',NULL,'','','','','','','2014-11-25 23:31:08'),(302,'Corvina chiapaneca','','Cynoscion albus','Actinopterygii','Perciformes','Sciaenidae',17,'',3,'','','','','',NULL,'','','','','','','2014-11-25 23:31:08'),(303,'Corvina pinta','Spotted Seatrout','Cynoscion nebulosus','Actinopterygii','Perciformes','Sciaenidae',17,'Nacional',1,'CynoscionNebulosus.png','Tríptico','35-100','No selectiva','Chinchorro playero, red agallera para escama pelágica.',NULL,'','Especie marina que vive en estuarios y bocas de ríos, en aguas poco profundas y costeras con fondos de arena y praderas de pastos marinos. Se alimenta de crustáceos y peces.','Se distribuye en el Atlántico occidental, desde Nueva York hasta el Golfo de México.','Capturada','Se utiliza la carne.','','2014-11-25 23:31:08'),(304,'Corvina golfina','Gulf Corvina','Cynoscion othonopterus','Actinopterygii','Perciformes','Sciaenidae',17,'Nacional',1,'CynoscionOthonopterus.png','Tríptico','65-90','Selectiva','Línea de mano para peces pelágicos y demersales.',4,'1 de mayo al 31 de agosto','Especie marina que vive cerca de la costa. Los juveniles y los adultos apunto de desovar se encuentran cerca de los ríos.','Especie endémica del Golfo de California.','Capturada','Se utiliza la carne.','','2014-11-25 23:31:08'),(305,'Corvina azul','','Cynoscion parvipinnis','Actinopterygii','Perciformes','Sciaenidae',17,'',3,'','','','','',NULL,'','','','','','','2014-11-25 23:31:08'),(306,'Corvina rayada','Striped Corvina','Cynoscion reticulatus','Actinopterygii','Perciformes','Sciaenidae',17,'Nacional',1,'CynoscionReticulatus.png','Tríptico','36-90','No selectiva','Red agallera para escama pelágica, red agallera para escama de fondo, red agallera para esteros y línea de costa.',NULL,'','Especie marina que vive en zonas costeras y particularmente en estuarios con concentraciones altamente salinas. Se alimenta de peces, camarones y otros crustáceos.','Se distribuye en el Pacífico Oriental, desde el Golfo de California hasta Perú.','Capturada','Se utiliza la carne.','','2014-11-25 23:31:08'),(307,'Corvina boca anaranjada','Orangemouth Corvina','Cynoscion xanthulus','Actinopterygii','Perciformes','Sciaenidae',17,'Nacional',1,'CynoscionXanthulus.png','Tríptico','40-130','No selectiva','Red agallera para escama pelágica, red agallera para escama de fondo, red agallera para esteros y línea de costa.',NULL,'','Especie marina que vive en zonas costeras y lagunas marinas a profundidades de 50 metros preferentemente con fondos fangosos y arenosos. Se alimenta peces y crustáceos.','Se distribuye en el Pacífico Oriental, desde Baja California Sur, Golfo de California, hasta Chiapas.','Capturada','Se utiliza la carne.','','2014-11-25 23:31:08'),(308,'Corvina','','Sciaenops ocellatus','Actinopterygii','Perciformes','Sciaenidae',17,'',3,'','','','','',NULL,'','','','','','','2014-11-25 23:31:08'),(309,'Boquinete chato','Silver Drum','Larimus argenteus','Actinopterygii','Perciformes','Sciaenidae',17,'',3,'','','','','',NULL,'','','','','','','2014-11-25 23:31:08'),(310,'Postá','','Bairdiella chrysoura','Actinopterygii','Perciformes','Sciaenidae',34,'',3,'','','','','',NULL,'','','','','','','2014-11-25 23:31:08'),(311,'Ronco rayado','','Bairdiella ronchus','Actinopterygii','Perciformes','Sciaenidae',34,'',3,'','','','','',NULL,'','','','','','','2014-11-25 23:31:08'),(312,'Trucha blanca','','Cynoscion arenarius','Actinopterygii','Perciformes','Sciaenidae',34,'',3,'','','','','',NULL,'','','','','','','2014-11-25 23:31:08'),(313,'Trucha blanca','','Cynoscion nothus','Actinopterygii','Perciformes','Sciaenidae',34,'',3,'','','','','',NULL,'','','','','','','2014-11-25 23:31:08'),(314,'Ronco listado','','Larimus fasciatus','Actinopterygii','Perciformes','Sciaenidae',34,'',3,'','','','','',NULL,'','','','','','','2014-11-25 23:31:08'),(315,'Croca','','Leiostomus xanthurus','Actinopterygii','Perciformes','Sciaenidae',34,'',3,'','','','','',NULL,'','','','','','','2014-11-25 23:31:08'),(316,'Chano sureño','','Micropogonias altipinnis','Actinopterygii','Perciformes','Sciaenidae',34,'',3,'','','','','',NULL,'','','','','','','2014-11-25 23:31:08'),(317,'Chano norteño','','Micropogonias megalops','Actinopterygii','Perciformes','Sciaenidae',34,'',3,'','','','','',NULL,'','','','','','','2014-11-25 23:31:08'),(318,'Gurrubata','','Micropogonias undulatus','Actinopterygii','Perciformes','Sciaenidae',34,'',3,'','','','','',NULL,'','','','','','','2014-11-25 23:31:08'),(319,'Corvineta bizca','','Ophioscion strabo','Actinopterygii','Perciformes','Sciaenidae',34,'',3,'','','','','',NULL,'','','','','','','2014-11-25 23:31:08'),(320,'Tambor','','Pogonias cromis','Actinopterygii','Perciformes','Sciaenidae',34,'',3,'','','','','',NULL,'','','','','','','2014-11-25 23:31:08'),(321,'Corvina enana','','Cynoscion nannus','Actinopterygii','Perciformes','Sciaenidae',NULL,'',3,'','','','','',NULL,'','','','','','','2014-11-25 23:31:08'),(322,'Ratón del Golfo','','Menticirrhus americanus','Actinopterygii','Perciformes','Sciaenidae',NULL,'',3,'','','','','',NULL,'','','','','','','2014-11-25 23:31:08'),(323,'Berrugato fino','','Menticirrhus elongatus','Actinopterygii','Perciformes','Sciaenidae',NULL,'',3,'','','','','',NULL,'','','','','','','2014-11-25 23:31:08'),(324,'Ratón','','Menticirrhus littoralis','Actinopterygii','Perciformes','Sciaenidae',NULL,'',3,'','','','','',NULL,'','','','','','','2014-11-25 23:31:08'),(325,'Berugato','','Menticirrhus saxatilis','Actinopterygii','Perciformes','Sciaenidae',NULL,'',3,'','','','','',NULL,'','','','','','','2014-11-25 23:31:08'),(326,'Totoaba','Totoaba','Totoaba macdonaldi','Actinopterygii','Perciformes','Sciaenidae',51,'Nacional',3,'','','','','',2,'Todo el año','Especie marina de hábitos costeros. Vive en costas rocosas y en las bocas de los ríos. Se alimenta de peces y crustáceos.','Se distribuye en el Golfo de California.','Capturada','Prohibido','','2014-11-25 23:31:08'),(327,'Bonito del Pacífico Oriental','','Sarda chiliensis','Actinopterygii','Perciformes','Scombridae',3,'',3,'','','','','',NULL,'','','','','','','2014-11-25 23:31:08'),(328,'Atún aleta amarilla','Yellowfin Tuna','Thunnus albacares','Actinopterygii','Perciformes','Scombridae',3,'Nacional e importado',1,'ThunnusAlbacares.png','Tríptico','78-239','Selectiva','Red de cerco regulada por la Norma Oficial Mexicana PROY- NOM-001-SAG/PESC-2013),  pesca con vara, palangre para atún y línea de mano.',4,'Actualmente no está establecida una veda.','Especie marina de hábitos oceánicos. Se alimenta de peces, crustáceos y calamares.','Se distribute en todo el Atlántico y Pacífico.','Capturada','Se utiliza la carne.','','2014-11-25 23:31:08'),(329,'Patudo','Bigeye Tuna','Thunnus obesus','Actinopterygii','Perciformes','Scombridae',3,'Nacional e importado',3,'','','130-200','Selectiva','Red de cerco regulada por la Norma Oficial Mexicana PROY- NOM-001-SAG/PESC-2013),  pesca con vara, palangre para atún y línea de mano.',4,'Actualmente no está establecida una veda.','Especie marina de hábitos pelágicos y oceánicos. Se alimenta de peces y crustáceos.','Se distribuye casi en todos los mares.','Capturada','Fresco, congelado.','','2014-11-25 23:31:08'),(330,'Atún aleta azul','Bluefin Tuna','Thunnus orientalis','Actinopterygii','Perciformes','Scombridae',3,'Nacional',1,'ThunnusOrientalis.png','Tríptico','97-300','Selectiva','Red de cerco regulada por la Norma Oficial Mexicana PROY- NOM-001-SAG/PESC-2013),  pesca con vara, palangre para atún y línea de mano.',4,'Actualmente no está establecida una veda.','Especie marina pelágica y oceánica. Se alimenta de peces, crustáceos y cefalópodos.','Se distribuye en el Pacífico Oriental y parte de Indo Pacífico, costas de Japón, Indonesia, Canadá, Estados Unidos, Baja California y Baja California Sur.','Capturada','Se utiliza la carne.','','2014-11-25 23:31:08'),(331,'Atún aleta azul','Bluefin Tuna','Thunnus thynnus','Actinopterygii','Perciformes','Scombridae',3,'Nacional e importado',3,'','','150-300','Selectiva','Red de cerco regulada por la Norma Oficial Mexicana PROY- NOM-001-SAG/PESC-2013),  pesca con vara, palangre para atún y línea de mano.',4,'Actualmente no está establecida una veda.','Especie marina pelágica y oceánica. Se alimenta de peces, crustáceos y cefalópodos.','Se distribute en todo el Atlántico y Pacífico.','Capturada','Fresco, congelado.','','2014-11-25 23:31:08'),(332,'Barrilete negro','Black Skipjack','Euthynnus lineatus','Actinopterygii','Perciformes','Scombridae',7,'Nacional',1,'EuthynnusLineatus.png','Tríptico','60-84','Selectiva','Red de cerco regulada por la Norma Oficial Mexicana PROY- NOM-001-SAG/PESC-2013),  pesca con vara, palangre para atún y línea de mano.',NULL,'','Especie marina de hábitos pelágicos y oceánicos. Se alimenta principalmente de peces.','Se distribuye en el Pacífico Oriental, desde California a Perú.','Capturada','Se utiliza la carne.','','2014-11-25 23:31:08'),(333,'Barrilete listado','Skipjack Tuna','Katsuwonus pelamis','Actinopterygii','Perciformes','Scombridae',7,'Nacional e importado',1,'KatsuwonusPelami.png','Tríptico','80-110','Selectiva','Red de cerco regulada por la Norma Oficial Mexicana PROY- NOM-001-SAG/PESC-2013),  pesca con vara, palangre para atún y línea de mano.',4,'Actualmente no está establecida una veda.','Especie marina de hábitos pelágicos y oceánicos. Se alimenta de peces y crustáceos.','Se distribuye casi en todos los mares.','Capturada','Fresco, congelado.','','2014-11-25 23:31:08'),(334,'Bonito','','Euthynnus alleteratus','Actinopterygii','Perciformes','Scombridae',10,'',3,'','','','','',NULL,'','','','','','','2014-11-25 23:31:08'),(335,'Macarela azul','Blue Mackerel','Scomber australasicus','Actinopterygii','Perciformes','Scombridae',39,'Importado',3,'','','30-50','No Selectiva','Curricán, Redes de enmalle, trampas, redes de playa y redes de arrastre pelágico.',NULL,'','Especie marina pelágica y oceánica. Se alimenta de peces, crustáceos y cefalópodos.','Se distribuye en el Indo Pacífico.','Capturada','Congelado.','Estados Unidos, Canada.','2014-11-25 23:31:08'),(336,'Estornido','Chub Mackerel','Scomber japonicus','Actinopterygii','Perciformes','Scombridae',7,'Nacional e importado',3,'','','30-50','No Selectiva','Curricán, Redes de enmalle, trampas, redes de playa y redes de arrastre pelágico.',NULL,'','Especie marina pelágica y oceánica. Se alimenta de peces, crustáceos y cefalópodos.','Se distribuye casi en todos los mares.','Capturada','Congelado.','Estados Unidos, Canada.','2014-11-25 23:31:08'),(337,'Caballa del Atlántico','Atlantic Mackerel','Scomber scombrus','Actinopterygii','Perciformes','Scombridae',39,'Importado',3,'','','30-50','No Selectiva','Curricán, Redes de enmalle, trampas, redes de playa y redes de arrastre pelágico.',NULL,'','Especie marina pelágica y oceánica. Se alimenta de peces, crustáceos y cefalópodos.','Se distribuye en el Atlántico Norte.','Capturada','Congelado.','Estados Unidos, Canada.','2014-11-25 23:31:08'),(338,'Macarela','','Scomber japonicus','Actinopterygii','Perciformes','Scombridae',30,'',3,'','','','','',NULL,'','','','','','','2014-11-25 23:31:08'),(339,'Melvera','Bullet Mackerel','Auxis rochei rochei','Actinopterygii','Perciformes','Scombridae',10,'Nacional',1,'Auxis rochei.png','Tríptico','15-50','No selectiva','Red agallera para escama de fondo, red agallera para esteros y línea de costa.',NULL,'','Especie marina pelágica y oceánica. Se alimenta de peces, crustáceos y cefalópodos.','Se distribuye casi en todos los mares.','Capturada','Se utiliza la carne.','','2014-11-25 23:31:08'),(340,'Melva','','Auxis thazard rochei','Actinopterygii','Perciformes','Scombridae',34,'',3,'','','','','',NULL,'','','','','','','2014-11-25 23:31:08'),(341,'Bonito del Atlántico','','Sarda sarda','Actinopterygii','Perciformes','Scombridae',34,'',3,'','','','','',NULL,'','','','','','','2014-11-25 23:31:08'),(342,'Peto/ Carito','King Mackerel','Scomberomorus cavalla','Actinopterygii','Perciformes','Scombridae',41,'Nacional',1,'ScomberomorusCavalla.png','Tríptico','50-150','Selectiva','Palangre para atún.',NULL,'','Especie marina asociada a zonas arrecifales. Se alimenta de peces, crustáceos y moluscos.','Se distribuye en el Atlántico occidental, desde Massachusetts, hasta Brasil.','Capturada','Se utiliza la carne.','','2014-11-25 23:31:08'),(343,'Sierra del Golfo de Cortés','Gulf Sierra','Scomberomorus concolor','Actinopterygii','Perciformes','Scombridae',49,'Nacional',1,'ScomberomorusConcolor.png','Tríptico','27-77','No selectiva','Red agallera para escama de fondo, red agallera para esteros y línea de costa.',NULL,'','Especie marina de hábitos pelágicos. Vive en la columna de agua. Se alimenta de peces y crustáceos de tamaño pequeño.','Tiene una distribución muy restringida en el Pacífico Oriental, costas de California y dentro del Golfo de California.','Capturada','Se utiliza la carne.','','2014-11-25 23:31:08'),(344,'Sierra común','Spanish Mackerel','Scomberomorus maculatus','Actinopterygii','Perciformes','Scombridae',49,'Nacional',1,'ScomberomorusMaculatus.png','Tríptico','25-90','No selectiva','Red agallera para escama pelágica.',NULL,'','Especie marina de aguas poco profundas. Se alimenta de peces pequeños y en pocas cantidades de pequeños crustáceos y cefalópodos.','Se distribuye en el Atlántico occidental, desde Canadá hasta el Caribe.','Capturada','Se utiliza la carne.','','2014-11-25 23:31:08'),(345,'Sierra del Pacífico','Pacific Sierra','Scomberomorus sierra','Actinopterygii','Perciformes','Scombridae',49,'Nacional',1,'ScomberomorusSierra.png','Tríptico','26-100','No selectiva','Red agallera para escama de fondo, red agallera para esteros y línea de costa.',NULL,'','Especie marina de hábitos costeros y pelágicos. Vive en la columna de agua. Se alimenta de peces.','Se distribuye en el Pacífico Oriental, desde California a Perú.','Capturada','Se utiliza la carne.','','2014-11-25 23:31:08'),(346,'Peto','','Acanthocybium solandri','Actinopterygii','Perciformes','Scombridae',NULL,'',3,'','','','','',NULL,'','','','','','','2014-11-25 23:31:08'),(347,'Barrilete de diente','','Sarda orientalis','Actinopterygii','Perciformes','Scombridae',NULL,'',3,'','','','','',NULL,'','','','','','','2014-11-25 23:31:08'),(348,'Sierra','','Scomberomorus regalis','Actinopterygii','Perciformes','Scombridae',NULL,'',3,'','','','','',NULL,'','','','','','','2014-11-25 23:31:08'),(349,'Albacora','Albacore','Thunnus alalunga','Actinopterygii','Perciformes','Scombridae',3,'Nacional e importado',3,'','','55-120','Selectiva','Red de cerco regulada por la Norma Oficial Mexicana PROY- NOM-001-SAG/PESC-2013),  pesca con vara, palangre para atún y línea de mano.',NULL,'','Especie marina pelágica y oceánica. Se alimenta de peces, crustáceos y cefalópodos.','Se distribuye casi en todos los mares.','Capturada','Congelado.','','2014-11-25 23:31:08'),(350,'Atún aleta negra','','Thunnus atlanticus','Actinopterygii','Perciformes','Scombridae',NULL,'',3,'','','','','',NULL,'','','','','','','2014-11-25 23:31:08'),(351,'Lapón californiano','','Scorpaena guttata','Actinopterygii','Scorpaeniformes','Scorpaenidae',34,'',3,'','','','','',NULL,'','','','','','','2014-11-25 23:31:08'),(352,'Lapón','','Scorpaena mystes','Actinopterygii','Scorpaeniformes','Scorpaenidae',34,'',3,'','','','','',NULL,'','','','','','','2014-11-25 23:31:08'),(353,'Lapón','','Scorpaena plumieri','Actinopterygii','Scorpaeniformes','Scorpaenidae',34,'',3,'','','','','',NULL,'','','','','','','2014-11-25 23:31:08'),(354,'Rascacio','','Neomerinthe hemingwayi','Actinopterygii','Perciformes','Scorpaenidae',NULL,'',3,'','','','','',NULL,'','','','','','','2014-11-25 23:31:08'),(355,'Lopón lomo manchado','','Pontinus vaughani','Actinopterygii','Scorpaeniformes','Scorpaenidae',NULL,'',3,'','','','','',NULL,'','','','','','','2014-11-25 23:31:08'),(356,'Rocote sapo','','Scorpaena russula','Actinopterygii','Scorpaeniformes','Scorpaenidae',NULL,'',3,'','','','','',NULL,'','','','','','','2014-11-25 23:31:08'),(357,'Loponcito arcoiris','','Scorpaenodes xyris','Actinopterygii','Scorpaeniformes','Scorpaenidae',NULL,'',3,'','','','','',NULL,'','','','','','','2014-11-25 23:31:08'),(358,'Rocote sargacero','','Sebastes atrovirens','Actinopterygii','Scorpaeniformes','Sebastidae',34,'',3,'','','','','',NULL,'','','','','','','2014-11-25 23:31:08'),(359,'Rocote bocaccio','','Sebastes paucispinis','Actinopterygii','Scorpaeniformes','Sebastidae',34,'',3,'','','','','',NULL,'','','','','','','2014-11-25 23:31:08'),(360,'Rocote cobrizo','','Sebastes caurinus','Actinopterygii','Scorpaeniformes','Sebastidae',NULL,'',3,'','','','','',NULL,'','','','','','','2014-11-25 23:31:08'),(361,'Rocote verde','','Sebastes chlorostictus','Actinopterygii','Scorpaeniformes','Sebastidae',NULL,'',3,'','','','','',NULL,'','','','','','','2014-11-25 23:31:08'),(362,'Rocote mulato','','Sebastes chrysomelas','Actinopterygii','Scorpaeniformes','Sebastidae',NULL,'',3,'','','','','',NULL,'','','','','','','2014-11-25 23:31:08'),(363,'Rocote estrellado','','Sebastes constellatus','Actinopterygii','Scorpaeniformes','Sebastidae',NULL,'',3,'','','','','',NULL,'','','','','','','2014-11-25 23:31:08'),(364,'Rocote reyna','','Sebastes elongatus','Actinopterygii','Scorpaeniformes','Sebastidae',NULL,'',3,'','','','','',NULL,'','','','','','','2014-11-25 23:31:08'),(365,'Rocote espada','','Sebastes ensifer','Actinopterygii','Scorpaeniformes','Sebastidae',NULL,'',3,'','','','','',NULL,'','','','','','','2014-11-25 23:31:08'),(366,'Rocote viuda','','Sebastes entomelas','Actinopterygii','Scorpaeniformes','Sebastidae',NULL,'',3,'','','','','',NULL,'','','','','','','2014-11-25 23:31:08'),(367,'Rocote pimiento','','Sebastes goodei','Actinopterygii','Scorpaeniformes','Sebastidae',NULL,'',3,'','','','','',NULL,'','','','','','','2014-11-25 23:31:08'),(368,'Rocote a cuadros','','Sebastes hopkinsi','Actinopterygii','Scorpaeniformes','Sebastidae',NULL,'',3,'','','','','',NULL,'','','','','','','2014-11-25 23:31:08'),(369,'Rocote vaquilla','','Sebastes levis','Actinopterygii','Scorpaeniformes','Sebastidae',NULL,'',3,'','','','','',NULL,'','','','','','','2014-11-25 23:31:08'),(370,'Rocote mexicano','','Sebastes macdonaldi','Actinopterygii','Scorpaeniformes','Sebastidae',NULL,'',3,'','','','','',NULL,'','','','','','','2014-11-25 23:31:08'),(371,'Rocote negro','','Sebastes melanops','Actinopterygii','Scorpaeniformes','Sebastidae',NULL,'',3,'','','','','',NULL,'','','','','','','2014-11-25 23:31:08'),(372,'Rocote semáforo','','Sebastes melanosema','Actinopterygii','Scorpaeniformes','Sebastidae',NULL,'',3,'','','','','',NULL,'','','','','','','2014-11-25 23:31:08'),(373,'Rocote agalla negra','','Sebastes melanostomus','Actinopterygii','Scorpaeniformes','Sebastidae',NULL,'',3,'','','','','',NULL,'','','','','','','2014-11-25 23:31:08'),(374,'Rocote bermejo','','Sebastes miniatus','Actinopterygii','Scorpaeniformes','Sebastidae',NULL,'',3,'','','','','',NULL,'','','','','','','2014-11-25 23:31:08'),(375,'Rocote azul','','Sebastes mystinus','Actinopterygii','Scorpaeniformes','Sebastidae',NULL,'',3,'','','','','',NULL,'','','','','','','2014-11-25 23:31:08'),(376,'Rocote olivo','','Sebastes rastrelliger','Actinopterygii','Scorpaeniformes','Sebastidae',NULL,'',3,'','','','','',NULL,'','','','','','','2014-11-25 23:31:08'),(377,'Rocote rosado','','Sebastes rosaceus','Actinopterygii','Scorpaeniformes','Sebastidae',NULL,'',3,'','','','','',NULL,'','','','','','','2014-11-25 23:31:08'),(378,'Rocote motas verdes','','Sebastes rosenblatti','Actinopterygii','Scorpaeniformes','Sebastidae',NULL,'',3,'','','','','',NULL,'','','','','','','2014-11-25 23:31:08'),(379,'Rocote bandera','','Sebastes rubrivinctus','Actinopterygii','Scorpaeniformes','Sebastidae',NULL,'',3,'','','','','',NULL,'','','','','','','2014-11-25 23:31:08'),(380,'Rocote rojo','','Sebastes rufus','Actinopterygii','Scorpaeniformes','Sebastidae',NULL,'',3,'','','','','',NULL,'','','','','','','2014-11-25 23:31:08'),(381,'Rocote inspector','','Sebastes semicinctus','Actinopterygii','Scorpaeniformes','Sebastidae',NULL,'',3,'','','','','',NULL,'','','','','','','2014-11-25 23:31:08'),(382,'Rocote falsa cabrilla','','Sebastes serranoides','Actinopterygii','Scorpaeniformes','Sebastidae',NULL,'',3,'','','','','',NULL,'','','','','','','2014-11-25 23:31:08'),(383,'Rocote presidiario','','Sebastes serriceps','Actinopterygii','Scorpaeniformes','Sebastidae',NULL,'',3,'','','','','',NULL,'','','','','','','2014-11-25 23:31:08'),(384,'Rocote rosa','','Sebastes simulator','Actinopterygii','Scorpaeniformes','Sebastidae',NULL,'',3,'','','','','',NULL,'','','','','','','2014-11-25 23:31:08'),(385,'Rocote panal','','Sebastes umbrosus','Actinopterygii','Scorpaeniformes','Sebastidae',NULL,'',3,'','','','','',NULL,'','','','','','','2014-11-25 23:31:08'),(386,'Cabrilla cueruda','','Dermatolepis dermatolepis','Actinopterygii','Perciformes','Serranidae',6,'',3,'','','','','',NULL,'','','','','','','2014-11-25 23:31:08'),(387,'Baya','','Mycteroperca jordani','Actinopterygii','Perciformes','Serranidae',6,'',3,'','','','','',NULL,'','','','','','','2014-11-25 23:31:08'),(388,'Cabrilla roja','','Cephalopholis fulva','Actinopterygii','Perciformes','Serranidae',12,'',3,'','','','','',4,'(Golfo de México y Caribe) del 15 febrero al 15 de marzo.','','','','','','2014-11-25 23:31:08'),(389,'Cabrilla payaso','Rock Hind','Epinephelus adscensionis','Actinopterygii','Perciformes','Serranidae',12,'Nacional',1,'EpinephelusAdscensionis.png','Tríptico','25-60','Selectiva','Línea de mano para peces pelágicos y demersales, palangre para mero.',4,'(Golfo de México y Caribe) del 15 febrero al 15 de marzo.','Especie marina que vive a una profundad  de 1 a 120 metros, se encuentra en zonas rocosas y arrecifales. Se alimenta de crustáceos y peces.','Se distribuye en el Atlántico occidental, desde Massachusetts hasta Brasil.','Capturada','Se utiliza la carne.','','2014-11-25 23:31:08'),(390,'Cabilla pinta','','Epinephelus analogus','Actinopterygii','Perciformes','Serranidae',12,'',3,'','','','','',NULL,'','','','','','','2014-11-25 23:31:08'),(391,'Cabrilla piedrera','','Epinephelus labriformis','Actinopterygii','Perciformes','Serranidae',12,'',3,'','','','','',NULL,'','','','','','','2014-11-25 23:31:08'),(392,'Cabrilla','','Mycteroperca phenax','Actinopterygii','Perciformes','Serranidae',12,'',3,'','','','','',4,'(Golfo de México y Caribe) del 15 febrero al 15 de marzo.','','','','','','2014-11-25 23:31:08'),(393,'Cabrilla sardinera','','Mycteroperca rosacea','Actinopterygii','Perciformes','Serranidae',12,'',3,'','','','','',NULL,'','','','','','','2014-11-25 23:31:08'),(394,'Cabrilla plomuda','Broomtail Grouper','Mycteroperca xenarcha','Actinopterygii','Perciformes','Serranidae',12,'Nacional',1,'MycteropercaXenarcha.png','Tríptico','42-150','Selectiva','Línea de mano para peces pelágicos y demersales.',NULL,'','Especie marina de hábitos costeros. Vive en zonas de manglar, estuarios y fondos rocosos. Se alimenta de peces y crustáceos.','Se distribuye en el Pacífico Oriental, desde California a Perú.','Capturada','Se utiliza la carne.','','2014-11-25 23:31:08'),(395,'Cabrilla chiruda','Sawtail Grouper','Mycteroperca prionura','Actinopterygii','Perciformes','Serranidae',23,'',3,'','','','','',NULL,'','','','','','','2014-11-25 23:31:08'),(396,'Cabrilla extranjera','Goldspotted Sand Bass','Paralabrax auroguttatus','Actinopterygii','Perciformes','Serranidae',12,'Nacional',1,'ParalabraxAuroguttatus.png','Tríptico','50-70','No selectiva','Red agallera para escama pelágica, red agallera para escama de fondo, red agallera para esteros y línea de costa.',NULL,'','Especie marina de hábitos costeros. Vive en arrecifes rocosos. Se alimenta de peces y crustáceos.','Se distribuye en el Pacífico Oriental, desde Baja California a Nayarit.','Capturada','Se utiliza la carne.','','2014-11-25 23:31:08'),(397,'Cabrilla sargacera','','Paralabrax clarhratus','Actinopterygii','Perciformes','Serranidae',12,'',3,'','','','','',NULL,'','','','','','','2014-11-25 23:31:08'),(398,'Cabrilla cachete amarillo','Parrot Sand Bass','Paralabrax loro','Actinopterygii','Perciformes','Serranidae',12,'Nacional',1,'ParalabraxLoro.png','Tríptico','50-70','No selectiva','Red agallera para escama pelágica, red agallera para escama de fondo, red agallera para esteros y línea de costa.',NULL,'','Especie marina de hábitos costeros. Vive en arrecifes rocosos. Se alimenta de peces y crustáceos.','Se distribuye en el Pacífico Oriental, desde el Golfo de California a Perú.','Capturada','Se utiliza la carne.','','2014-11-25 23:31:08'),(399,'Cabrilla de roca','Spotted Sand Bass','Paralabrax maculatofasciatus','Actinopterygii','Perciformes','Serranidae',12,'Nacional',1,'ParalabraxMaculatofasciatus.png','Tríptico','15-60','No selectiva','Red agallera para escama pelágica, red agallera para escama de fondo, red agallera para esteros y línea de costa.',NULL,'','Especie marina de hábitos costeros. Vive en arrecifes rocosos, fondos arenosos, paraderas de pastos marinos. Se alimenta de peces y crustáceos.','Se distribuye en el Pacífico Oriental, desde California a Oaxaca.','Capturada','Se utiliza la carne.','','2014-11-25 23:31:08'),(400,'Verdillo','Barred Sand Bass','Paralabrax nebulifer','Actinopterygii','Perciformes','Serranidae',12,'Nacional',1,'ParalabraxNebulifer.png','Tríptico','20-60','Selectiva','Trampa Selectiva.',NULL,'','Especie marina de hábitos costeros. Vive en arrecifes rocosos y bosques de macroalgas. Se alimenta de peces y crustáceos.','Se distribuye en el Pacífico Oriental, desde California a Baja California Sur.','Capturada','Se utiliza la carne.','','2014-11-25 23:31:08'),(401,'Lenteja','','Epinephelus drummondhayi','Actinopterygii','Perciformes','Serranidae',32,'',3,'','','','','',4,'(Golfo de México y Caribe) del 15 febrero al 15 de marzo.','','','','','','2014-11-25 23:31:08'),(402,'Extraviado','Yellowedge Grouper','Epinephelus flavolimbatus','Actinopterygii','Perciformes','Serranidae',32,'Nacional',3,'NULL','Tríptico','50-115','Selectiva','Línea de mano para peces pelágicos y demersales, palangre para mero.',4,'(Golfo de México y Caribe) del 15 febrero al 15 de marzo.','Especie marina que vive asociada a arrecifes rocosos y bancos de arena. Se alimenta de una gran variedad de invertebrados y peces.','Se distribuye en el Atlántico occidental, desde Carolina del Norte en Estados Unidos hasta Brasil.','Capturada','Se utiliza la carne.','','2014-11-25 23:31:08'),(403,'Mero guasa','Goliath Grouper','Epinephelus itajara','Actinopterygii','Perciformes','Serranidae',32,'',3,'','','','','',4,'(Golfo de México y Caribe) del 15 febrero al 15 de marzo.','','','','','','2014-11-25 23:31:08'),(404,'Mero/Cherna americana','Red Grouper','Epinephelus morio','Actinopterygii','Perciformes','Serranidae',32,'Nacional',1,'EpinephelusMorio.png','Tríptico','35-125','Selectiva','Línea de mano para peces pelágicos y demersales, palangre para mero.',4,'(Golfo de México y Caribe) del 15 febrero al 15 de marzo.','Especie marina que vive en zonas arrecifales, en profundidades que van de los 70 a 330 metros. Se alimenta de peces e invertebrados.','Se distribuye en el Atlántico occidental, desde Carolina del Norte hasta Brasil.','Capturada','Se utiliza la carne.','','2014-11-25 23:31:08'),(405,'Mero del Caribe','Nassau Grouper','Epinephelus striatus','Actinopterygii','Perciformes','Serranidae',32,'Nacional',1,'EpinephelusStriatus.png','Tríptico','48-122','Selectiva','Línea de mano para peces pelágicos y demersales, palangre para mero.',4,'(Golfo de México y Caribe) del 15 febrero al 15 de marzo.','Especie marina de aguas poco profundas. Vive en cuevas submarinas y en arrecifes. Los juveniles viven en las praderas de pastos marinos. Se alimenta crustáceos, pequeños invertebrados y peces.','Se distribuye en el Atlántico occidental, desde Florida al sur de Brasil.','Capturada','Se utiliza la carne.','','2014-11-25 23:31:08'),(406,'Mero negro','Warsaw Grouper','Hyporthodus nigritus','Actinopterygii','Perciformes','Serranidae',32,'Nacional',1,'HyporthodusNigritus.png','Tríptico','50-230','Selectiva','Línea de mano para peces pelágicos y demersales, palangre para mero.',4,'(Golfo de México y Caribe) del 15 febrero al 15 de marzo.','Especie marina, que vive en fondos rocosos. Los juveniles viven cerca de muelles y en arrecifes de poca profundidad. Se alimenta de crustáceos y peces.','Se distribuye en el Atlántico occidental, desde Massachusetts hasta Brasil.','Capturada','Se utiliza la carne.','','2014-11-25 23:31:08'),(407,'Negrillo','','Mycteroperca bonaci','Actinopterygii','Perciformes','Serranidae',32,'',3,'','','','','',4,'(Golfo de México y Caribe) del 15 febrero al 15 de marzo.','','','','','','2014-11-25 23:31:08'),(408,'Guacamayo','','Mycteroperca microlepis','Actinopterygii','Perciformes','Serranidae',32,'',3,'','','','','',4,'(Golfo de México y Caribe) del 15 febrero al 15 de marzo.','','','','','','2014-11-25 23:31:08'),(409,'Guacamayo','','Mycteroperca venenosa','Actinopterygii','Perciformes','Serranidae',32,'',3,'','','','','',4,'(Golfo de México y Caribe) del 15 febrero al 15 de marzo.','','','','','','2014-11-25 23:31:08'),(410,'Guaseta del Pacífico','','Alphestes immaculatus','Actinopterygii','Perciformes','Serranidae',34,'',3,'','','','','',NULL,'','','','','','','2014-11-25 23:31:08'),(411,'Enjambre','','Cephalopholis panamensis','Actinopterygii','Perciformes','Serranidae',34,'',3,'','','','','',NULL,'','','','','','','2014-11-25 23:31:08'),(412,'Serrano arenero','','Diplectrum formosum','Actinopterygii','Perciformes','Serranidae',34,'',3,'','','','','',NULL,'','','','','','','2014-11-25 23:31:08'),(413,'Serrano cabicucho','','Diplectrum pacificum','Actinopterygii','Perciformes','Serranidae',34,'',3,'','','','','',NULL,'','','','','','','2014-11-25 23:31:08'),(414,'Aguavina','','Diplectrum radiale','Actinopterygii','Perciformes','Serranidae',34,'',3,'','','','','',NULL,'','','','','','','2014-11-25 23:31:08'),(415,'Baqueta','','Epinephelus acanthistius','Actinopterygii','Perciformes','Serranidae',34,'',3,'','','','','',NULL,'','','','','','','2014-11-25 23:31:08'),(416,'Payaso','','Epinephelus guttatus','Actinopterygii','Perciformes','Serranidae',34,'',3,'','','','','',4,'(Golfo de México y Caribe) del 15 febrero al 15 de marzo.','','','','','','2014-11-25 23:31:08'),(417,'Baqueta ploma','','Epinephelus niphobles','Actinopterygii','Perciformes','Serranidae',34,'',3,'','','','','',NULL,'','','','','','','2014-11-25 23:31:08'),(418,'Cherna pinta','','Hyporthodus niveatus','Actinopterygii','Perciformes','Serranidae',34,'',3,'','','','','',4,'(Golfo de México y Caribe) del 15 febrero al 15 de marzo.','','','','','','2014-11-25 23:31:08'),(419,'Chema boca amarilla','','Mycteroperca interstitialis','Actinopterygii','Perciformes','Serranidae',34,'',3,'','','','','',4,'(Golfo de México y Caribe) del 15 febrero al 15 de marzo.','','','','','','2014-11-25 23:31:08'),(420,'Sandía','','Paranthias colonus','Actinopterygii','Perciformes','Serranidae',34,'',3,'','','','','',NULL,'','','','','','','2014-11-25 23:31:08'),(421,'Serrano bandera','','Serranus huascarii','Actinopterygii','Perciformes','Serranidae',34,'',3,'','','','','',NULL,'','','','','','','2014-11-25 23:31:08'),(422,'Cherna enjambre','','Cephalopholis cruentata','Actinopterygii','Perciformes','Serranidae',NULL,'',3,'','','','','',4,'(Golfo de México y Caribe) del 15 febrero al 15 de marzo.','','','','','','2014-11-25 23:31:08'),(423,'Lenguado','','Solea spp','Actinopterygii','Pleuronectiformes','Soleidae',39,'',3,'','','','','',NULL,'','','','','Congelado.','','2014-11-25 23:31:08'),(424,'Sargo','','Archosargus probatocephalus','Actinopterygii','Perciformes','Sparidae',34,'',3,'','','','','',NULL,'','','','','','','2014-11-25 23:31:08'),(425,'Sargo amarillo','','Archosargus rhomboidalis','Actinopterygii','Perciformes','Sparidae',34,'',3,'','','','','',NULL,'','','','','','','2014-11-25 23:31:08'),(426,'Pluma','','Calamus bajonado','Actinopterygii','Perciformes','Sparidae',34,'',3,'','','','','',NULL,'','','','','','','2014-11-25 23:31:08'),(427,'Mojarrón','','Calamus brachysomus','Actinopterygii','Perciformes','Sparidae',34,'',3,'','','','','',NULL,'','','','','','','2014-11-25 23:31:08'),(428,'Xlavita','','Lagodon rhomboides','Actinopterygii','Perciformes','Sparidae',34,'',3,'','','','','',NULL,'','','','','','','2014-11-25 23:31:08'),(429,'Mojarrón','','Calamus arctifrons','Actinopterygii','Perciformes','Sparidae',NULL,'',3,'','','','','',NULL,'','','','','','','2014-11-25 23:31:08'),(430,'Cachipluma','','Calamus calamus','Actinopterygii','Perciformes','Sparidae',NULL,'',3,'','','','','',NULL,'','','','','','','2014-11-25 23:31:08'),(431,'Pluma','','Calamus nodosus','Actinopterygii','Perciformes','Sparidae',NULL,'',3,'','','','','',NULL,'','','','','','','2014-11-25 23:31:08'),(432,'Mojarra pluma','','Calamus pennatula','Actinopterygii','Perciformes','Sparidae',NULL,'',3,'','','','','',NULL,'','','','','','','2014-11-25 23:31:08'),(433,'Pluma jorobada','','Calamus proridens','Actinopterygii','Perciformes','Sparidae',NULL,'',3,'','','','','',NULL,'','','','','','','2014-11-25 23:31:08'),(434,'Sargo rojo','','Pagrus pagrus','Actinopterygii','Perciformes','Sparidae',NULL,'',3,'','','','','',NULL,'','','','','','','2014-11-25 23:31:08'),(435,'Barracuda','','Sphyraena ensis','Actinopterygii','Perciformes','Sphyraenidae',34,'',3,'','','','','',NULL,'','','','','','','2014-11-25 23:31:08'),(436,'Tolete','','Sphyraena guachancho','Actinopterygii','Perciformes','Sphyraenidae',34,'',3,'','','','','',NULL,'','','','','','','2014-11-25 23:31:08'),(437,'Picuda','','Sphyraena barracuda','Actinopterygii','Perciformes','Sphyraenidae',NULL,'',3,'','','','','',NULL,'','','','','','','2014-11-25 23:31:08'),(438,'Tiburón martillo/ Cornuda cabeza de pala','Bonnethead Cornuda','Sphyrna tiburo','Chondrichthyes','Carcharhiniformes','Sphyrnidae',13,'Nacional',1,'SphyrnaTiburo.png','Tríptico','80-150','No selectiva','Red de enmalle para tiburones y rayas en embarcaciones menores, palangre para tiburón oceánico y pez espada.',4,'(Golfo de México y Caribe) del 1 de mayo al 29 de agosto.','Especie marina que vive en zonas costeras con fondos arenosos, fangosos y en zonas arrecifales. Se alimenta de crustáceos, moluscos y peces.','Se distribuye en el Atlántico occidental, desde Carolina del Norte en Estados Unidos hasta Brasil.','Capturada','Se utiliza la carne, aceite de hígado, piel, el aleteo está prohibido.','','2014-11-25 23:31:08'),(439,'Tiburón martillo','Scalloped Bonnethead','Sphyrna corona','Chondrichthyes','Carcharhiniformes','Sphyrnidae',50,'Nacional',1,'SphyrnaCorona.png','Tríptico','50-90','No selectiva','Red de enmalle para tiburones y rayas en embarcaciones menores.',4,'(Pacífico) del 1 de mayo al 31 de julio.','Especie marina. Vive en la plataforma continental posiblemente cerca de la costa. Se alimenta de peces.','Se distribuye en el Pacífico Oriental, desde el Golfo de California a Perú.','Capturada','Se utiliza la carne, aceite de hígado, piel, el aleteo está prohibido.','','2014-11-25 23:31:08'),(440,'Cornuda común','Scalloped hammerhead','Sphyrna lewini','Chondrichthyes','Carcharhiniformes','Sphyrnidae',50,'Nacional',3,'','','150-400','No selectiva','Palangre pelágico, red de fondo, redes de arrastre.',4,'(Golfo de México y Caribe) del 1 de mayo al 29 de agosto.  (Pacífico) del 1 de mayo al 31 de julio.','Especie marina. Vive en la plataforma continental posiblemente cerca de la costa. Se alimenta de peces.','Se distribuye casi en todos los mares.','Capturada','Se utiliza la carne, aceite de hígado, piel, el aleteo está prohibido.','','2014-11-25 23:31:08'),(441,'Cornuda gigante','Great hammerhead','Sphyrna mokarran','Chondrichthyes','Carcharhiniformes','Sphyrnidae',50,'Nacional',3,'','','200-300','No selectiva','Palangre pelágico, red de fondo, redes de arrastre.',4,'(Golfo de México y Caribe) del 1 de mayo al 29 de agosto.  (Pacífico) del 1 de mayo al 31 de julio.','Especie marina. Vive en la plataforma continental posiblemente cerca de la costa. Se alimenta de peces.','Se distribuye casi en todos los mares.','Capturada','Se utiliza la carne, aceite de hígado, piel, el aleteo está prohibido.','','2014-11-25 23:31:08'),(442,'Cornuda prieta','Smooth Hammerhead','Sphyrna zygaena','Chondrichthyes','Carcharhiniformes','Sphyrnidae',50,'Nacional',1,'SphyrnaZygaena.png','Tríptico','200-400','No selectiva','Red de enmalle para tiburones y rayas en embarcaciones menores.',4,'(Pacífico) del 1 de mayo al 31 de julio.','Especie marina de hábitos costeros. Se alimenta de peces, tiburones, rayas, crustáceos y cefalópodos.','Se distribuye casi en todos los mares.','Capturada','Se utiliza la carne, aceite de hígado, piel, el aleteo está prohibido.','','2014-11-25 23:31:08'),(443,'Cazón espinoso','','Squalus cubensis','Chondrichthyes','Squaliformes','Squalidae',13,'',3,'','','','','',4,'(Golfo de México y Caribe) del 1 de mayo al 29 de agosto.','','','','','','2014-11-25 23:31:08'),(444,'Angelote del Pacífico','Pacific angel shark','Squatina californica','Chondrichthyes','Squatiniformes','Squatinidae',50,'',3,'','','','','',4,'(Pacífico) del 1 de mayo al 31 de julio.','','','','','','2014-11-25 23:31:08'),(445,'Tiburón ángel','','Squatina dumeril','Chondrichthyes','Squatiniformes','Squatinidae',50,'',3,'','','','','',4,'(Golfo de México y Caribe) del 1 de mayo al 29 de agosto.','','','','','','2014-11-25 23:31:08'),(446,'Palometa pámpano','','Peprilus paru','Actinopterygii','Perciformes','Stromateidae',NULL,'',3,'','','','','',NULL,'','','','','','','2014-11-25 23:31:08'),(447,'Chile','','Synodus foetens','Actinopterygii','Aulopiformes','Synodontidae',34,'',3,'','','','','',NULL,'','','','','','','2014-11-25 23:31:08'),(448,'Chile lagarto','calico lizardfish','Synodus lacertinus','Actinopterygii','Aulopiformes','Synodontidae',14,'',3,'','','','','',NULL,'','','','','','','2014-11-25 23:31:08'),(449,'Conejo blanco','','Lagocephalus laevigatus','Actinopterygii','Tetraodontiformes','Tetraodontidae',34,'',3,'','','','','',NULL,'','','','','','','2014-11-25 23:31:08'),(450,'Botete diana','','Sphoeroides annulatus','Actinopterygii','Tetraodontiformes','Tetraodontidae',34,'',3,'','','','','',NULL,'','','','','','','2014-11-25 23:31:08'),(451,'Tamborín narizón','','Canthigaster rostrata','Actinopterygii','Tetraodontiformes','Tetraodontidae',NULL,'',3,'','','','','',NULL,'','','','','','','2014-11-25 23:31:08'),(452,'Botete jaspeado','','Sphoeroides dorsalis','Actinopterygii','Tetraodontiformes','Tetraodontidae',NULL,'',3,'','','','','',NULL,'','','','','','','2014-11-25 23:31:08'),(453,'Botete sureño','','Sphoeroides nephelus','Actinopterygii','Tetraodontiformes','Tetraodontidae',NULL,'',3,'','','','','',NULL,'','','','','','','2014-11-25 23:31:08'),(454,'Botete collarete','','Sphoeroides spengleri','Actinopterygii','Tetraodontiformes','Tetraodontidae',NULL,'',3,'','','','','',NULL,'','','','','','','2014-11-25 23:31:08'),(455,'Botete panza rayada','Stripebelly Puffer','Arothron hispidus','Actinopterygii','Tetraodontiformes','Tetraodontidae',11,'',3,'','','','','',NULL,'','','','','','','2014-11-25 23:31:08'),(456,'Botete aletas punteadas','Guineafowl Puffer','Arothron meleagris','Actinopterygii','Tetraodontiformes','Tetraodontidae',11,'',3,'','','','','',NULL,'','','','','','','2014-11-25 23:31:08'),(457,'Cazón californiano','Gray Smoothhound','Mustelus californicus','Chondrichthyes','Carcharhiniformes','Triakidae',13,'Nacional',1,'MustelusCalifornicus.png','Tríptico','35-116','No selectiva','Chinchorro playero, red de enmalle para tiburones y rayas en embarcaciones menores.',4,'(Pacífico) del 1 de mayo al 31 de julio.','Especie marina de hábitos oceánicos y costeros. Vive en mares de aguas templado –cálidas y tropicales. Se alimenta principalmente de cangrejos, camarones, gusanos equiúridos y algunos peces.','Se distribuye en el Pacífico Oriental, desde el norte de California hasta el Golfo de California.','Capturada','Se utiliza la carne, aceite de hígado, piel, el aleteo está prohibido.','','2014-11-25 23:31:08'),(458,'Cazón mamón','','Mustelus canis','Chondrichthyes','Carcharhiniformes','Triakidae',13,'',3,'','','','','',4,'(Golfo de México y Caribe) del 1 de mayo al 29 de agosto.','','','','','','2014-11-25 23:31:08'),(459,'Cazón aleta deshilachada','Brown Smooth-Hound','Mustelus henlei','Chondrichthyes','Carcharhiniformes','Triakidae',13,'Nacional',1,'MustelusHenlei.png','Tríptico','54-100','No selectiva','Chinchorro playero, red de enmalle para tiburones y rayas en embarcaciones menores.',4,'(Pacífico) del 1 de mayo al 31 de julio.','Especie marina de hábitos oceánicos y costeros. Vive desde la zona intermareal hasta los 200 metros de profundidad. Se alimenta de crustáceos, moluscos y peces.','Se distribuye en el Pacífico Oriental, desde California hasta Perú.','Capturada','Se utiliza la carne, aceite de hígado, piel, el aleteo está prohibido.','','2014-11-25 23:31:08'),(460,'Cazón mamón','Sicklefin Smooth-Hound','Mustelus lunulatus','Chondrichthyes','Carcharhiniformes','Triakidae',13,'Nacional',1,'MustelusLunulatus.png','Tríptico','43-170','No selectiva','Chinchorro playero, red de enmalle para tiburones y rayas en embarcaciones menores.',4,'(Pacífico) del 1 de mayo al 31 de julio.','Especie marina de hábitos costeros. Vive en la zona intermareal hasta los 100 metros de profundidad. Se alimenta de crustáceos, moluscos y peces.','Se distribuye en el Pacífico Oriental, desde California a Panamá.','Capturada','Se utiliza la carne, aceite de hígado, piel, el aleteo está prohibido.','','2014-11-25 23:31:08'),(461,'Cintilla','Atlantic Cutlassfish','Trichiurus lepturus','Actinopterygii','Perciformes','Trichiuridae',16,'Nacional',1,'TrichiurusLepturus.png','Tríptico','30-234','Selectiva','Línea de mano para peces pelágicos y demersales.',NULL,'','Especie marina de aguas costeras que vive en fondos fangosos y poco profundos. Se alimenta de pequeños crustáceos, peces pequeños y calamares.','Se distribuye en todo el Atlántico y Pacífico.','Capturada','Se utiliza la carne.','','2014-11-25 23:31:08'),(462,'Rubio volador','','Prionotus evolans','Actinopterygii','Scorpaeniformes','Triglidae',46,'',3,'','','','','',NULL,'','','','','','','2014-11-25 23:31:08'),(463,'Vaca rasposa','Rough Searobin','Prionotus ruscarius','Actinopterygii','Scorpaeniformes','Triglidae',22,'',3,'','','','','',NULL,'','','','','','','2014-11-25 23:31:08'),(464,'Rubio volador','','Prionotus punctatus','Actinopterygii','Scorpaeniformes','Triglidae',46,'',3,'','','','','',NULL,'','','','','','','2014-11-25 23:31:08'),(465,'Raya moteada de espina','','Urobatis halleri','Chondrichthyes','Rajiformes','Urolophidae',15,'',3,'','','','','',4,'(Pacífico) del 1 de mayo al 31 de julio.','','','','','','2014-11-25 23:31:08'),(466,'Raya espina de lija','','Urobatis maculatus','Chondrichthyes','Rajiformes','Urolophidae',15,'',3,'','','','','',4,'(Pacífico) del 1 de mayo al 31 de julio.','','','','','','2014-11-25 23:31:08'),(467,'Raya espina de estero','','Urolophus jamaicensis','Chondrichthyes','Rajiformes','Urotrygonidae',15,'',3,'','','','','',NULL,'','','','','','','2014-11-25 23:31:08'),(468,'Raya lisa de espina','','Urotrygon maculatus','Chondrichthyes','Rajiformes','Urotrygonidae',15,'',3,'','','','','',4,'(Pacífico) del 1 de mayo al 31 de julio.','','','','','','2014-11-25 23:31:08'),(469,'Raya gris de espina','','Urotrygon rogersi','Chondrichthyes','Rajiformes','Urotrygonidae',15,'',3,'','','','','',4,'(Pacífico) del 1 de mayo al 31 de julio.','','','','','','2014-11-25 23:31:08'),(470,'Pez espada','Swordfish','Xiphias gladius','Actinopterygii','Perciformes','Xiphiidae',38,'Nacional e Importado',3,'','','150-300','Selectiva','Pesca con caña.',3,'Todo el año','Especie marina de hábitos oceánicos y a veces costeros. Se alimenta de peces, crustáceos y calamares.','Se distribuye casi en todos los mares.','Capturada','Se utiliza la carne y se importa congelado','Estados Unidos, Canada.','2014-11-25 23:31:08'),(471,'Pez sierra común','Largetooth Sawfish','Pristis pristis','Chondrichthyes','Pristiformes','Pristidae',50,'Nacional',3,'','','200-300','No selectiva','Chinchorro playero, red de enmalle para tiburones y rayas en embarcaciones menores.',4,'(Golfo de México y Caribe) del 1 de mayo al 29 de agosto.  (Pacífico) del 1 de mayo al 31 de julio.','Especie marina de hábitos costeros. Vive en la zona intermareal hasta los 100 metros de profundidad. Se alimenta de crustáceos, moluscos y peces.','Se distribuye en todos los mares.','Capturada','Se utiliza la carne.','','2014-11-25 23:31:08'),(472,'Pez sierra peine','Smalltooth Sawfish','Pristis pectinata','Chondrichthyes','Pristiformes','Pristidae',50,'Nacional',3,'','','200-500','No selectiva','Chinchorro playero, red de enmalle para tiburones y rayas en embarcaciones menores.',4,'(Golfo de México y Caribe) del 1 de mayo al 29 de agosto.','Especie marina de hábitos costeros. Vive en la zona intermareal hasta los 100 metros de profundidad. Se alimenta de crustáceos, moluscos y peces.','Se distribuye en el Golfo de México y Mar Caribe','Capturada','Se utiliza la carne.','','2014-11-25 23:31:08'),(473,'Esturión del Atlántico','Atlantic sturgeon','Acipenser oxyrinchus','Actinopterygii','Acipenseriformes','Acipenseridae',21,'Nacional',3,'','','100-300','','',NULL,'Pesqueria cerrada','Especie marina de aguas poco profundas. Vive en estuarios y en la boca de los ríos. Se alimenta de moluscos, crustáceos y peces.','Se distribuye en el Golfo de México y Mar Caribe','Capturada','Prohibido','','2014-11-25 23:31:08'),(474,'Cabrilla gato','Tiger Grouper','Mycteroperca tigris','','','',NULL,'',3,'','','','','',4,'(Golfo de México y Caribe) del 15 febrero al 15 de marzo.','','','','','','2014-11-25 23:31:08'),(475,'Sábalo','Tarpon','Megalops atlanticus','Actinopterygii','Elopiformes','Megalopidae',NULL,'Nacional',3,'','','130-250','Selectiva','Pesca con caña.',3,'Todo el año','Especie marina de hábitos costeros. Vive cerca de estuarios, lagunas costeras, manglares y en las bocas de los ríos. Se alimenta de peces y crustáceos.','Se distribuye en el Golfo de México y Mar Caribe','Capturada','Se utiliza la carne','','2014-11-25 23:31:08');
/*!40000 ALTER TABLE `peces` ENABLE KEYS */;
UNLOCK TABLES;

--
-- Table structure for table `pez_carta_nacional`
--

DROP TABLE IF EXISTS `pez_carta_nacional`;
/*!40101 SET @saved_cs_client     = @@character_set_client */;
/*!40101 SET character_set_client = utf8 */;
CREATE TABLE `pez_carta_nacional` (
  `fecha_creacion` timestamp NOT NULL DEFAULT CURRENT_TIMESTAMP ON UPDATE CURRENT_TIMESTAMP,
  `peces_especie_id` int(11) NOT NULL,
  `carta_nacional_id` int(11) NOT NULL,
  PRIMARY KEY (`peces_especie_id`,`carta_nacional_id`),
  KEY `fk_pez_carta_nacional_carta_nacional1_idx` (`carta_nacional_id`),
  CONSTRAINT `fk_pez_carta_nacional_carta_nacional1` FOREIGN KEY (`carta_nacional_id`) REFERENCES `carta_nacional` (`id`) ON DELETE NO ACTION ON UPDATE NO ACTION,
  CONSTRAINT `fk_pez_carta_nacional_peces1` FOREIGN KEY (`peces_especie_id`) REFERENCES `peces` (`especie_id`) ON DELETE NO ACTION ON UPDATE NO ACTION
) ENGINE=InnoDB DEFAULT CHARSET=latin1;
/*!40101 SET character_set_client = @saved_cs_client */;

--
-- Dumping data for table `pez_carta_nacional`
--

LOCK TABLES `pez_carta_nacional` WRITE;
/*!40000 ALTER TABLE `pez_carta_nacional` DISABLE KEYS */;
INSERT INTO `pez_carta_nacional` VALUES ('2014-11-25 23:31:30',1,7),('2014-11-25 23:31:30',1,14),('2014-11-25 23:31:30',1,20),('2014-11-25 23:31:30',5,7),('2014-11-25 23:31:30',5,14),('2014-11-25 23:31:30',5,20),('2014-11-25 23:31:30',6,7),('2014-11-25 23:31:30',6,14),('2014-11-25 23:31:30',6,20),('2014-11-25 23:31:30',7,5),('2014-11-25 23:31:30',7,12),('2014-11-25 23:31:30',7,18),('2014-11-25 23:31:30',8,5),('2014-11-25 23:31:30',8,12),('2014-11-25 23:31:30',8,18),('2014-11-25 23:31:30',9,5),('2014-11-25 23:31:30',9,12),('2014-11-25 23:31:30',9,18),('2014-11-25 23:31:30',11,2),('2014-11-25 23:31:30',11,14),('2014-11-25 23:31:30',11,20),('2014-11-25 23:31:30',14,7),('2014-11-25 23:31:30',14,14),('2014-11-25 23:31:30',14,20),('2014-11-25 23:31:30',15,7),('2014-11-25 23:31:30',15,14),('2014-11-25 23:31:30',15,20),('2014-11-25 23:31:30',16,7),('2014-11-25 23:31:30',16,14),('2014-11-25 23:31:30',16,20),('2014-11-25 23:31:30',16,22),('2014-11-25 23:31:30',16,30),('2014-11-25 23:31:30',16,33),('2014-11-25 23:31:30',17,7),('2014-11-25 23:31:30',17,14),('2014-11-25 23:31:30',17,20),('2014-11-25 23:31:30',18,7),('2014-11-25 23:31:30',18,14),('2014-11-25 23:31:30',18,20),('2014-11-25 23:31:30',20,7),('2014-11-25 23:31:30',20,14),('2014-11-25 23:31:30',20,20),('2014-11-25 23:31:30',21,7),('2014-11-25 23:31:30',21,14),('2014-11-25 23:31:30',21,20),('2014-11-25 23:31:30',22,7),('2014-11-25 23:31:30',22,14),('2014-11-25 23:31:30',22,20),('2014-11-25 23:31:30',23,7),('2014-11-25 23:31:30',23,14),('2014-11-25 23:31:30',23,20),('2014-11-25 23:31:30',27,5),('2014-11-25 23:31:30',27,12),('2014-11-25 23:31:30',27,20),('2014-11-25 23:31:30',28,5),('2014-11-25 23:31:30',28,14),('2014-11-25 23:31:30',28,20),('2014-11-25 23:31:30',28,22),('2014-11-25 23:31:30',28,28),('2014-11-25 23:31:30',28,33),('2014-11-25 23:31:30',29,22),('2014-11-25 23:31:30',29,28),('2014-11-25 23:31:30',29,33),('2014-11-25 23:31:30',31,5),('2014-11-25 23:31:30',31,12),('2014-11-25 23:31:30',31,18),('2014-11-25 23:31:30',32,7),('2014-11-25 23:31:30',32,14),('2014-11-25 23:31:30',32,20),('2014-11-25 23:31:30',33,5),('2014-11-25 23:31:30',33,12),('2014-11-25 23:31:30',33,18),('2014-11-25 23:31:30',34,5),('2014-11-25 23:31:30',34,12),('2014-11-25 23:31:30',34,18),('2014-11-25 23:31:30',35,24),('2014-11-25 23:31:30',35,30),('2014-11-25 23:31:30',35,35),('2014-11-25 23:31:30',36,24),('2014-11-25 23:31:30',36,30),('2014-11-25 23:31:30',36,35),('2014-11-25 23:31:30',38,7),('2014-11-25 23:31:30',38,12),('2014-11-25 23:31:30',38,18),('2014-11-25 23:31:30',39,7),('2014-11-25 23:31:30',39,14),('2014-11-25 23:31:30',39,20),('2014-11-25 23:31:30',40,5),('2014-11-25 23:31:30',40,12),('2014-11-25 23:31:30',40,18),('2014-11-25 23:31:30',41,7),('2014-11-25 23:31:30',41,14),('2014-11-25 23:31:30',41,20),('2014-11-25 23:31:30',42,5),('2014-11-25 23:31:30',42,12),('2014-11-25 23:31:30',42,18),('2014-11-25 23:31:30',46,7),('2014-11-25 23:31:30',46,14),('2014-11-25 23:31:30',46,20),('2014-11-25 23:31:30',47,7),('2014-11-25 23:31:30',47,14),('2014-11-25 23:31:30',47,20),('2014-11-25 23:31:30',48,7),('2014-11-25 23:31:30',48,14),('2014-11-25 23:31:30',48,20),('2014-11-25 23:31:30',49,5),('2014-11-25 23:31:30',49,14),('2014-11-25 23:31:30',49,20),('2014-11-25 23:31:30',50,7),('2014-11-25 23:31:30',50,14),('2014-11-25 23:31:30',50,20),('2014-11-25 23:31:30',51,7),('2014-11-25 23:31:30',51,14),('2014-11-25 23:31:30',51,20),('2014-11-25 23:31:30',52,5),('2014-11-25 23:31:30',52,14),('2014-11-25 23:31:30',52,20),('2014-11-25 23:31:30',53,7),('2014-11-25 23:31:30',53,14),('2014-11-25 23:31:30',53,20),('2014-11-25 23:31:30',54,22),('2014-11-25 23:31:30',54,28),('2014-11-25 23:31:30',54,33),('2014-11-25 23:31:30',55,22),('2014-11-25 23:31:30',55,28),('2014-11-25 23:31:30',55,33),('2014-11-25 23:31:30',56,7),('2014-11-25 23:31:30',56,14),('2014-11-25 23:31:30',56,20),('2014-11-25 23:31:30',57,7),('2014-11-25 23:31:30',57,14),('2014-11-25 23:31:30',57,20),('2014-11-25 23:31:30',63,24),('2014-11-25 23:31:30',63,30),('2014-11-25 23:31:30',63,35),('2014-11-25 23:31:30',64,5),('2014-11-25 23:31:30',64,12),('2014-11-25 23:31:30',64,18),('2014-11-25 23:31:30',64,24),('2014-11-25 23:31:30',64,30),('2014-11-25 23:31:30',64,35),('2014-11-25 23:31:30',65,5),('2014-11-25 23:31:30',65,12),('2014-11-25 23:31:30',65,18),('2014-11-25 23:31:30',66,24),('2014-11-25 23:31:30',66,30),('2014-11-25 23:31:30',66,35),('2014-11-25 23:31:30',67,5),('2014-11-25 23:31:30',67,12),('2014-11-25 23:31:30',67,18),('2014-11-25 23:31:30',68,24),('2014-11-25 23:31:30',68,30),('2014-11-25 23:31:30',68,35),('2014-11-25 23:31:30',69,5),('2014-11-25 23:31:30',69,12),('2014-11-25 23:31:30',69,18),('2014-11-25 23:31:30',69,24),('2014-11-25 23:31:30',69,30),('2014-11-25 23:31:30',69,35),('2014-11-25 23:31:30',70,24),('2014-11-25 23:31:30',70,30),('2014-11-25 23:31:30',70,35),('2014-11-25 23:31:30',71,5),('2014-11-25 23:31:30',71,12),('2014-11-25 23:31:30',71,18),('2014-11-25 23:31:30',71,24),('2014-11-25 23:31:30',71,30),('2014-11-25 23:31:30',71,35),('2014-11-25 23:31:30',72,5),('2014-11-25 23:31:30',72,12),('2014-11-25 23:31:30',72,18),('2014-11-25 23:31:30',72,24),('2014-11-25 23:31:30',72,30),('2014-11-25 23:31:30',72,35),('2014-11-25 23:31:30',73,5),('2014-11-25 23:31:30',73,12),('2014-11-25 23:31:30',73,18),('2014-11-25 23:31:30',74,5),('2014-11-25 23:31:30',74,12),('2014-11-25 23:31:30',74,18),('2014-11-25 23:31:30',75,24),('2014-11-25 23:31:30',75,30),('2014-11-25 23:31:30',75,35),('2014-11-25 23:31:30',76,24),('2014-11-25 23:31:30',76,30),('2014-11-25 23:31:30',76,35),('2014-11-25 23:31:30',77,5),('2014-11-25 23:31:30',77,12),('2014-11-25 23:31:30',77,18),('2014-11-25 23:31:30',77,24),('2014-11-25 23:31:30',77,30),('2014-11-25 23:31:30',77,35),('2014-11-25 23:31:30',78,5),('2014-11-25 23:31:30',78,12),('2014-11-25 23:31:30',78,18),('2014-11-25 23:31:30',79,5),('2014-11-25 23:31:30',79,12),('2014-11-25 23:31:30',79,18),('2014-11-25 23:31:30',80,24),('2014-11-25 23:31:30',80,30),('2014-11-25 23:31:30',80,35),('2014-11-25 23:31:30',84,24),('2014-11-25 23:31:30',84,30),('2014-11-25 23:31:30',84,35),('2014-11-25 23:31:30',86,24),('2014-11-25 23:31:30',86,30),('2014-11-25 23:31:30',86,35),('2014-11-25 23:31:30',88,26),('2014-11-25 23:31:30',88,31),('2014-11-25 23:31:30',88,36),('2014-11-25 23:31:30',97,24),('2014-11-25 23:31:30',97,30),('2014-11-25 23:31:30',97,35),('2014-11-25 23:31:30',101,24),('2014-11-25 23:31:30',101,30),('2014-11-25 23:31:30',101,35),('2014-11-25 23:31:30',102,6),('2014-11-25 23:31:30',102,14),('2014-11-25 23:31:30',102,20),('2014-11-25 23:31:30',103,7),('2014-11-25 23:31:30',103,14),('2014-11-25 23:31:30',103,20),('2014-11-25 23:31:30',103,26),('2014-11-25 23:31:30',103,31),('2014-11-25 23:31:30',103,36),('2014-11-25 23:31:30',104,24),('2014-11-25 23:31:30',104,30),('2014-11-25 23:31:30',104,35),('2014-11-25 23:31:30',105,5),('2014-11-25 23:31:30',105,12),('2014-11-25 23:31:30',105,18),('2014-11-25 23:31:30',107,5),('2014-11-25 23:31:30',107,12),('2014-11-25 23:31:30',107,18),('2014-11-25 23:31:30',108,24),('2014-11-25 23:31:30',108,30),('2014-11-25 23:31:30',108,35),('2014-11-25 23:31:30',109,24),('2014-11-25 23:31:30',109,30),('2014-11-25 23:31:30',109,35),('2014-11-25 23:31:30',112,5),('2014-11-25 23:31:30',112,12),('2014-11-25 23:31:30',112,18),('2014-11-25 23:31:30',129,22),('2014-11-25 23:31:30',129,28),('2014-11-25 23:31:30',129,33),('2014-11-25 23:31:30',130,26),('2014-11-25 23:31:30',130,31),('2014-11-25 23:31:30',130,36),('2014-11-25 23:31:30',131,26),('2014-11-25 23:31:30',131,31),('2014-11-25 23:31:30',131,36),('2014-11-25 23:31:30',138,22),('2014-11-25 23:31:30',138,28),('2014-11-25 23:31:30',138,33),('2014-11-25 23:31:30',145,24),('2014-11-25 23:31:30',145,30),('2014-11-25 23:31:30',145,35),('2014-11-25 23:31:30',146,5),('2014-11-25 23:31:30',146,12),('2014-11-25 23:31:30',146,18),('2014-11-25 23:31:30',147,5),('2014-11-25 23:31:30',147,12),('2014-11-25 23:31:30',147,18),('2014-11-25 23:31:30',148,24),('2014-11-25 23:31:30',148,30),('2014-11-25 23:31:30',148,35),('2014-11-25 23:31:30',162,22),('2014-11-25 23:31:30',162,28),('2014-11-25 23:31:30',162,33),('2014-11-25 23:31:30',170,22),('2014-11-25 23:31:30',170,28),('2014-11-25 23:31:30',170,33),('2014-11-25 23:31:30',174,5),('2014-11-25 23:31:30',174,12),('2014-11-25 23:31:30',174,18),('2014-11-25 23:31:30',175,5),('2014-11-25 23:31:30',175,12),('2014-11-25 23:31:30',175,18),('2014-11-25 23:31:30',176,5),('2014-11-25 23:31:30',176,12),('2014-11-25 23:31:30',176,18),('2014-11-25 23:31:30',177,5),('2014-11-25 23:31:30',177,12),('2014-11-25 23:31:30',177,18),('2014-11-25 23:31:30',178,5),('2014-11-25 23:31:30',178,12),('2014-11-25 23:31:30',178,18),('2014-11-25 23:31:30',179,26),('2014-11-25 23:31:30',179,31),('2014-11-25 23:31:30',179,36),('2014-11-25 23:31:30',180,26),('2014-11-25 23:31:30',180,31),('2014-11-25 23:31:30',180,36),('2014-11-25 23:31:30',188,26),('2014-11-25 23:31:30',188,31),('2014-11-25 23:31:30',188,36),('2014-11-25 23:31:30',192,5),('2014-11-25 23:31:30',192,12),('2014-11-25 23:31:30',192,18),('2014-11-25 23:31:30',194,25),('2014-11-25 23:31:30',194,29),('2014-11-25 23:31:30',194,35),('2014-11-25 23:31:30',197,25),('2014-11-25 23:31:30',197,29),('2014-11-25 23:31:30',197,35),('2014-11-25 23:31:30',198,7),('2014-11-25 23:31:30',198,14),('2014-11-25 23:31:30',198,20),('2014-11-25 23:31:30',199,25),('2014-11-25 23:31:30',199,29),('2014-11-25 23:31:30',199,35),('2014-11-25 23:31:30',201,7),('2014-11-25 23:31:30',201,14),('2014-11-25 23:31:30',201,20),('2014-11-25 23:31:30',202,25),('2014-11-25 23:31:30',202,29),('2014-11-25 23:31:30',202,35),('2014-11-25 23:31:30',203,25),('2014-11-25 23:31:30',203,29),('2014-11-25 23:31:30',203,35),('2014-11-25 23:31:30',205,7),('2014-11-25 23:31:30',205,14),('2014-11-25 23:31:30',205,20),('2014-11-25 23:31:30',206,7),('2014-11-25 23:31:30',206,14),('2014-11-25 23:31:30',206,20),('2014-11-25 23:31:30',207,25),('2014-11-25 23:31:30',207,29),('2014-11-25 23:31:30',207,35),('2014-11-25 23:31:30',208,7),('2014-11-25 23:31:30',208,14),('2014-11-25 23:31:30',208,20),('2014-11-25 23:31:30',211,7),('2014-11-25 23:31:30',211,14),('2014-11-25 23:31:30',211,20),('2014-11-25 23:31:30',213,7),('2014-11-25 23:31:30',213,14),('2014-11-25 23:31:30',213,20),('2014-11-25 23:31:30',216,25),('2014-11-25 23:31:30',216,29),('2014-11-25 23:31:30',216,35),('2014-11-25 23:31:30',220,7),('2014-11-25 23:31:30',220,14),('2014-11-25 23:31:30',220,20),('2014-11-25 23:31:30',228,5),('2014-11-25 23:31:30',228,12),('2014-11-25 23:31:30',228,18),('2014-11-25 23:31:30',228,24),('2014-11-25 23:31:30',228,28),('2014-11-25 23:31:30',228,33),('2014-11-25 23:31:30',229,5),('2014-11-25 23:31:30',229,12),('2014-11-25 23:31:30',229,18),('2014-11-25 23:31:30',229,25),('2014-11-25 23:31:30',229,28),('2014-11-25 23:31:30',229,33),('2014-11-25 23:31:30',233,5),('2014-11-25 23:31:30',233,12),('2014-11-25 23:31:30',233,18),('2014-11-25 23:31:30',233,24),('2014-11-25 23:31:30',233,30),('2014-11-25 23:31:30',233,36),('2014-11-25 23:31:30',234,7),('2014-11-25 23:31:30',234,14),('2014-11-25 23:31:30',234,20),('2014-11-25 23:31:30',234,26),('2014-11-25 23:31:30',234,31),('2014-11-25 23:31:30',234,36),('2014-11-25 23:31:30',246,5),('2014-11-25 23:31:30',246,12),('2014-11-25 23:31:30',246,18),('2014-11-25 23:31:30',249,7),('2014-11-25 23:31:30',249,14),('2014-11-25 23:31:30',249,20),('2014-11-25 23:31:30',295,6),('2014-11-25 23:31:30',295,13),('2014-11-25 23:31:30',295,19),('2014-11-25 23:31:30',296,6),('2014-11-25 23:31:30',296,13),('2014-11-25 23:31:30',296,19),('2014-11-25 23:31:30',297,6),('2014-11-25 23:31:30',297,14),('2014-11-25 23:31:30',297,20),('2014-11-25 23:31:30',299,6),('2014-11-25 23:31:30',299,14),('2014-11-25 23:31:30',299,20),('2014-11-25 23:31:30',303,24),('2014-11-25 23:31:30',303,30),('2014-11-25 23:31:30',303,33),('2014-11-25 23:31:30',304,6),('2014-11-25 23:31:30',304,14),('2014-11-25 23:31:30',304,20),('2014-11-25 23:31:30',306,6),('2014-11-25 23:31:30',306,13),('2014-11-25 23:31:30',306,19),('2014-11-25 23:31:30',307,6),('2014-11-25 23:31:30',307,13),('2014-11-25 23:31:30',307,19),('2014-11-25 23:31:30',326,4),('2014-11-25 23:31:30',326,11),('2014-11-25 23:31:30',328,24),('2014-11-25 23:31:30',328,30),('2014-11-25 23:31:30',328,33),('2014-11-25 23:31:30',330,6),('2014-11-25 23:31:30',330,10),('2014-11-25 23:31:30',331,6),('2014-11-25 23:31:30',332,2),('2014-11-25 23:31:30',332,9),('2014-11-25 23:31:30',332,16),('2014-11-25 23:31:30',333,3),('2014-11-25 23:31:30',333,10),('2014-11-25 23:31:30',333,17),('2014-11-25 23:31:30',339,3),('2014-11-25 23:31:30',339,10),('2014-11-25 23:31:30',339,17),('2014-11-25 23:31:30',342,24),('2014-11-25 23:31:30',342,30),('2014-11-25 23:31:30',342,35),('2014-11-25 23:31:30',343,5),('2014-11-25 23:31:30',343,10),('2014-11-25 23:31:30',343,17),('2014-11-25 23:31:30',344,24),('2014-11-25 23:31:30',344,30),('2014-11-25 23:31:30',344,35),('2014-11-25 23:31:30',345,5),('2014-11-25 23:31:30',345,9),('2014-11-25 23:31:30',345,16),('2014-11-25 23:31:30',349,3),('2014-11-25 23:31:30',349,10),('2014-11-25 23:31:30',349,17),('2014-11-25 23:31:30',389,23),('2014-11-25 23:31:30',389,29),('2014-11-25 23:31:30',389,34),('2014-11-25 23:31:30',394,7),('2014-11-25 23:31:30',394,12),('2014-11-25 23:31:30',394,20),('2014-11-25 23:31:30',396,5),('2014-11-25 23:31:30',396,14),('2014-11-25 23:31:30',396,20),('2014-11-25 23:31:30',398,5),('2014-11-25 23:31:30',398,14),('2014-11-25 23:31:30',398,20),('2014-11-25 23:31:30',399,5),('2014-11-25 23:31:30',399,12),('2014-11-25 23:31:30',399,20),('2014-11-25 23:31:30',400,5),('2014-11-25 23:31:30',400,14),('2014-11-25 23:31:30',400,20),('2014-11-25 23:31:30',402,22),('2014-11-25 23:31:30',402,29),('2014-11-25 23:31:30',402,34),('2014-11-25 23:31:30',404,23),('2014-11-25 23:31:30',404,29),('2014-11-25 23:31:30',404,34),('2014-11-25 23:31:30',405,22),('2014-11-25 23:31:30',405,29),('2014-11-25 23:31:30',405,34),('2014-11-25 23:31:30',406,23),('2014-11-25 23:31:30',406,29),('2014-11-25 23:31:30',406,34),('2014-11-25 23:31:30',438,24),('2014-11-25 23:31:30',438,30),('2014-11-25 23:31:30',438,35),('2014-11-25 23:31:30',439,24),('2014-11-25 23:31:30',439,30),('2014-11-25 23:31:30',439,35),('2014-11-25 23:31:30',440,5),('2014-11-25 23:31:30',440,12),('2014-11-25 23:31:30',440,18),('2014-11-25 23:31:30',440,24),('2014-11-25 23:31:30',440,30),('2014-11-25 23:31:30',440,35),('2014-11-25 23:31:30',441,5),('2014-11-25 23:31:30',441,12),('2014-11-25 23:31:30',441,18),('2014-11-25 23:31:30',442,5),('2014-11-25 23:31:30',442,12),('2014-11-25 23:31:30',442,18),('2014-11-25 23:31:30',457,5),('2014-11-25 23:31:30',457,12),('2014-11-25 23:31:30',457,18),('2014-11-25 23:31:30',459,5),('2014-11-25 23:31:30',459,12),('2014-11-25 23:31:30',459,18),('2014-11-25 23:31:30',460,5),('2014-11-25 23:31:30',460,12),('2014-11-25 23:31:30',460,18),('2014-11-25 23:31:30',461,22),('2014-11-25 23:31:30',461,28),('2014-11-25 23:31:30',461,33),('2014-11-25 23:31:30',470,2),('2014-11-25 23:31:30',470,9),('2014-11-25 23:31:30',470,16),('2014-11-25 23:31:30',471,3),('2014-11-25 23:31:30',471,10),('2014-11-25 23:31:30',471,17),('2014-11-25 23:31:30',471,22),('2014-11-25 23:31:30',471,28),('2014-11-25 23:31:30',471,33),('2014-11-25 23:31:30',472,22),('2014-11-25 23:31:30',472,28),('2014-11-25 23:31:30',472,33),('2014-11-25 23:31:30',473,23),('2014-11-25 23:31:30',473,29),('2014-11-25 23:31:30',473,34),('2014-11-25 23:31:30',475,2),('2014-11-25 23:31:30',475,9),('2014-11-25 23:31:30',475,16);
/*!40000 ALTER TABLE `pez_carta_nacional` ENABLE KEYS */;
UNLOCK TABLES;

--
-- Table structure for table `pez_distribucion`
--

DROP TABLE IF EXISTS `pez_distribucion`;
/*!40101 SET @saved_cs_client     = @@character_set_client */;
/*!40101 SET character_set_client = utf8 */;
CREATE TABLE `pez_distribucion` (
  `fecha_creacion` timestamp NOT NULL DEFAULT CURRENT_TIMESTAMP ON UPDATE CURRENT_TIMESTAMP,
  `peces_especie_id` int(11) NOT NULL,
  `distribucion_id` int(11) NOT NULL,
  PRIMARY KEY (`peces_especie_id`,`distribucion_id`),
  KEY `fk_pez_distribucion_distribucion1_idx` (`distribucion_id`),
  CONSTRAINT `fk_pez_distribucion_distribucion1` FOREIGN KEY (`distribucion_id`) REFERENCES `distribucion` (`id`) ON DELETE NO ACTION ON UPDATE NO ACTION,
  CONSTRAINT `fk_pez_distribucion_peces1` FOREIGN KEY (`peces_especie_id`) REFERENCES `peces` (`especie_id`) ON DELETE NO ACTION ON UPDATE NO ACTION
) ENGINE=InnoDB DEFAULT CHARSET=latin1;
/*!40101 SET character_set_client = @saved_cs_client */;

--
-- Dumping data for table `pez_distribucion`
--

LOCK TABLES `pez_distribucion` WRITE;
/*!40000 ALTER TABLE `pez_distribucion` DISABLE KEYS */;
INSERT INTO `pez_distribucion` VALUES ('2014-11-25 23:31:30',1,3),('2014-11-25 23:31:30',2,1),('2014-11-25 23:31:30',2,2),('2014-11-25 23:31:30',3,1),('2014-11-25 23:31:30',3,2),('2014-11-25 23:31:30',4,1),('2014-11-25 23:31:30',4,2),('2014-11-25 23:31:30',5,3),('2014-11-25 23:31:30',6,3),('2014-11-25 23:31:30',7,3),('2014-11-25 23:31:30',8,3),('2014-11-25 23:31:30',9,3),('2014-11-25 23:31:30',10,4),('2014-11-25 23:31:30',11,3),('2014-11-25 23:31:30',12,1),('2014-11-25 23:31:30',13,1),('2014-11-25 23:31:30',14,3),('2014-11-25 23:31:30',15,3),('2014-11-25 23:31:30',16,1),('2014-11-25 23:31:30',16,2),('2014-11-25 23:31:30',17,3),('2014-11-25 23:31:30',18,3),('2014-11-25 23:31:30',19,1),('2014-11-25 23:31:30',20,3),('2014-11-25 23:31:30',21,3),('2014-11-25 23:31:30',22,3),('2014-11-25 23:31:30',23,3),('2014-11-25 23:31:30',24,1),('2014-11-25 23:31:30',24,2),('2014-11-25 23:31:30',25,1),('2014-11-25 23:31:30',25,2),('2014-11-25 23:31:30',26,1),('2014-11-25 23:31:30',26,2),('2014-11-25 23:31:30',27,3),('2014-11-25 23:31:30',28,1),('2014-11-25 23:31:30',28,2),('2014-11-25 23:31:30',28,3),('2014-11-25 23:31:30',29,1),('2014-11-25 23:31:30',29,2),('2014-11-25 23:31:30',30,4),('2014-11-25 23:31:30',31,3),('2014-11-25 23:31:30',32,3),('2014-11-25 23:31:30',33,3),('2014-11-25 23:31:30',34,3),('2014-11-25 23:31:30',35,1),('2014-11-25 23:31:30',35,2),('2014-11-25 23:31:30',36,1),('2014-11-25 23:31:30',36,2),('2014-11-25 23:31:30',37,1),('2014-11-25 23:31:30',37,2),('2014-11-25 23:31:30',38,3),('2014-11-25 23:31:30',39,3),('2014-11-25 23:31:30',40,3),('2014-11-25 23:31:30',41,3),('2014-11-25 23:31:30',42,3),('2014-11-25 23:31:30',43,1),('2014-11-25 23:31:30',43,2),('2014-11-25 23:31:30',44,1),('2014-11-25 23:31:30',44,2),('2014-11-25 23:31:30',45,1),('2014-11-25 23:31:30',46,3),('2014-11-25 23:31:30',47,1),('2014-11-25 23:31:30',47,2),('2014-11-25 23:31:30',47,3),('2014-11-25 23:31:30',48,3),('2014-11-25 23:31:30',49,3),('2014-11-25 23:31:30',50,3),('2014-11-25 23:31:30',51,3),('2014-11-25 23:31:30',52,3),('2014-11-25 23:31:30',53,3),('2014-11-25 23:31:30',54,1),('2014-11-25 23:31:30',54,2),('2014-11-25 23:31:30',55,1),('2014-11-25 23:31:30',56,3),('2014-11-25 23:31:30',57,3),('2014-11-25 23:31:30',58,1),('2014-11-25 23:31:30',58,2),('2014-11-25 23:31:30',59,1),('2014-11-25 23:31:30',59,2),('2014-11-25 23:31:30',60,1),('2014-11-25 23:31:30',60,2),('2014-11-25 23:31:30',61,1),('2014-11-25 23:31:30',61,2),('2014-11-25 23:31:30',62,1),('2014-11-25 23:31:30',62,2),('2014-11-25 23:31:30',63,1),('2014-11-25 23:31:30',63,2),('2014-11-25 23:31:30',64,1),('2014-11-25 23:31:30',64,2),('2014-11-25 23:31:30',64,3),('2014-11-25 23:31:30',65,3),('2014-11-25 23:31:30',66,1),('2014-11-25 23:31:30',66,2),('2014-11-25 23:31:30',67,3),('2014-11-25 23:31:30',68,1),('2014-11-25 23:31:30',68,2),('2014-11-25 23:31:30',69,1),('2014-11-25 23:31:30',69,2),('2014-11-25 23:31:30',69,3),('2014-11-25 23:31:30',70,1),('2014-11-25 23:31:30',70,2),('2014-11-25 23:31:30',71,1),('2014-11-25 23:31:30',71,2),('2014-11-25 23:31:30',71,3),('2014-11-25 23:31:30',72,1),('2014-11-25 23:31:30',72,2),('2014-11-25 23:31:30',72,3),('2014-11-25 23:31:30',73,3),('2014-11-25 23:31:30',74,3),('2014-11-25 23:31:30',75,1),('2014-11-25 23:31:30',75,2),('2014-11-25 23:31:30',76,1),('2014-11-25 23:31:30',76,2),('2014-11-25 23:31:30',77,1),('2014-11-25 23:31:30',77,2),('2014-11-25 23:31:30',77,3),('2014-11-25 23:31:30',78,3),('2014-11-25 23:31:30',79,3),('2014-11-25 23:31:30',80,1),('2014-11-25 23:31:30',81,3),('2014-11-25 23:31:30',82,3),('2014-11-25 23:31:30',83,3),('2014-11-25 23:31:30',84,1),('2014-11-25 23:31:30',85,3),('2014-11-25 23:31:30',86,1),('2014-11-25 23:31:30',87,3),('2014-11-25 23:31:30',88,1),('2014-11-25 23:31:30',88,2),('2014-11-25 23:31:30',89,3),('2014-11-25 23:31:30',90,4),('2014-11-25 23:31:30',91,4),('2014-11-25 23:31:30',92,4),('2014-11-25 23:31:30',93,4),('2014-11-25 23:31:30',94,1),('2014-11-25 23:31:30',94,2),('2014-11-25 23:31:30',95,1),('2014-11-25 23:31:30',95,2),('2014-11-25 23:31:30',96,1),('2014-11-25 23:31:30',96,2),('2014-11-25 23:31:30',97,1),('2014-11-25 23:31:30',97,2),('2014-11-25 23:31:30',98,3),('2014-11-25 23:31:30',99,3),('2014-11-25 23:31:30',100,3),('2014-11-25 23:31:30',101,1),('2014-11-25 23:31:30',101,2),('2014-11-25 23:31:30',102,3),('2014-11-25 23:31:30',103,3),('2014-11-25 23:31:30',104,1),('2014-11-25 23:31:30',104,2),('2014-11-25 23:31:30',105,3),('2014-11-25 23:31:30',106,1),('2014-11-25 23:31:30',107,3),('2014-11-25 23:31:30',108,1),('2014-11-25 23:31:30',109,3),('2014-11-25 23:31:30',110,1),('2014-11-25 23:31:30',111,3),('2014-11-25 23:31:30',112,3),('2014-11-25 23:31:30',113,1),('2014-11-25 23:31:30',114,3),('2014-11-25 23:31:30',115,1),('2014-11-25 23:31:30',116,1),('2014-11-25 23:31:30',116,2),('2014-11-25 23:31:30',117,3),('2014-11-25 23:31:30',118,1),('2014-11-25 23:31:30',118,2),('2014-11-25 23:31:30',119,1),('2014-11-25 23:31:30',119,2),('2014-11-25 23:31:30',120,1),('2014-11-25 23:31:30',120,2),('2014-11-25 23:31:30',121,3),('2014-11-25 23:31:30',122,3),('2014-11-25 23:31:30',123,3),('2014-11-25 23:31:30',124,3),('2014-11-25 23:31:30',128,1),('2014-11-25 23:31:30',129,1),('2014-11-25 23:31:30',130,3),('2014-11-25 23:31:30',131,3),('2014-11-25 23:31:30',132,1),('2014-11-25 23:31:30',133,3),('2014-11-25 23:31:30',134,3),('2014-11-25 23:31:30',135,3),('2014-11-25 23:31:30',136,1),('2014-11-25 23:31:30',137,3),('2014-11-25 23:31:30',138,1),('2014-11-25 23:31:30',139,3),('2014-11-25 23:31:30',140,3),('2014-11-25 23:31:30',141,3),('2014-11-25 23:31:30',142,3),('2014-11-25 23:31:30',143,1),('2014-11-25 23:31:30',143,2),('2014-11-25 23:31:30',144,1),('2014-11-25 23:31:30',144,2),('2014-11-25 23:31:30',144,3),('2014-11-25 23:31:30',145,1),('2014-11-25 23:31:30',146,3),('2014-11-25 23:31:30',147,3),('2014-11-25 23:31:30',148,1),('2014-11-25 23:31:30',149,3),('2014-11-25 23:31:30',150,1),('2014-11-25 23:31:30',151,3),('2014-11-25 23:31:30',152,1),('2014-11-25 23:31:30',152,2),('2014-11-25 23:31:30',153,3),('2014-11-25 23:31:30',154,3),('2014-11-25 23:31:30',155,1),('2014-11-25 23:31:30',156,1),('2014-11-25 23:31:30',156,2),('2014-11-25 23:31:30',157,3),('2014-11-25 23:31:30',158,1),('2014-11-25 23:31:30',159,1),('2014-11-25 23:31:30',159,2),('2014-11-25 23:31:30',160,1),('2014-11-25 23:31:30',160,2),('2014-11-25 23:31:30',161,3),('2014-11-25 23:31:30',162,1),('2014-11-25 23:31:30',162,2),('2014-11-25 23:31:30',163,1),('2014-11-25 23:31:30',163,2),('2014-11-25 23:31:30',164,3),('2014-11-25 23:31:30',165,3),('2014-11-25 23:31:30',166,3),('2014-11-25 23:31:30',167,3),('2014-11-25 23:31:30',168,3),('2014-11-25 23:31:30',169,3),('2014-11-25 23:31:30',170,1),('2014-11-25 23:31:30',170,2),('2014-11-25 23:31:30',171,1),('2014-11-25 23:31:30',171,2),('2014-11-25 23:31:30',172,3),('2014-11-25 23:31:30',173,1),('2014-11-25 23:31:30',173,2),('2014-11-25 23:31:30',174,3),('2014-11-25 23:31:30',175,3),('2014-11-25 23:31:30',176,3),('2014-11-25 23:31:30',177,3),('2014-11-25 23:31:30',178,3),('2014-11-25 23:31:30',179,1),('2014-11-25 23:31:30',180,1),('2014-11-25 23:31:30',181,3),('2014-11-25 23:31:30',182,3),('2014-11-25 23:31:30',183,1),('2014-11-25 23:31:30',183,2),('2014-11-25 23:31:30',184,1),('2014-11-25 23:31:30',184,2),('2014-11-25 23:31:30',185,3),('2014-11-25 23:31:30',186,3),('2014-11-25 23:31:30',187,3),('2014-11-25 23:31:30',188,1),('2014-11-25 23:31:30',188,2),('2014-11-25 23:31:30',189,3),('2014-11-25 23:31:30',190,1),('2014-11-25 23:31:30',190,2),('2014-11-25 23:31:30',191,1),('2014-11-25 23:31:30',191,2),('2014-11-25 23:31:30',192,3),('2014-11-25 23:31:30',193,1),('2014-11-25 23:31:30',193,2),('2014-11-25 23:31:30',194,1),('2014-11-25 23:31:30',194,2),('2014-11-25 23:31:30',195,1),('2014-11-25 23:31:30',195,2),('2014-11-25 23:31:30',196,1),('2014-11-25 23:31:30',196,2),('2014-11-25 23:31:30',197,1),('2014-11-25 23:31:30',197,2),('2014-11-25 23:31:30',198,3),('2014-11-25 23:31:30',199,1),('2014-11-25 23:31:30',199,2),('2014-11-25 23:31:30',200,1),('2014-11-25 23:31:30',200,2),('2014-11-25 23:31:30',201,3),('2014-11-25 23:31:30',202,1),('2014-11-25 23:31:30',202,2),('2014-11-25 23:31:30',203,1),('2014-11-25 23:31:30',203,2),('2014-11-25 23:31:30',204,3),('2014-11-25 23:31:30',205,3),('2014-11-25 23:31:30',206,3),('2014-11-25 23:31:30',207,1),('2014-11-25 23:31:30',207,2),('2014-11-25 23:31:30',208,3),('2014-11-25 23:31:30',209,1),('2014-11-25 23:31:30',209,2),('2014-11-25 23:31:30',210,3),('2014-11-25 23:31:30',211,3),('2014-11-25 23:31:30',212,1),('2014-11-25 23:31:30',212,2),('2014-11-25 23:31:30',213,3),('2014-11-25 23:31:30',214,3),('2014-11-25 23:31:30',215,1),('2014-11-25 23:31:30',215,2),('2014-11-25 23:31:30',216,1),('2014-11-25 23:31:30',216,2),('2014-11-25 23:31:30',217,1),('2014-11-25 23:31:30',217,2),('2014-11-25 23:31:30',218,1),('2014-11-25 23:31:30',218,2),('2014-11-25 23:31:30',219,3),('2014-11-25 23:31:30',220,3),('2014-11-25 23:31:30',221,1),('2014-11-25 23:31:30',221,2),('2014-11-25 23:31:30',222,1),('2014-11-25 23:31:30',222,2),('2014-11-25 23:31:30',223,1),('2014-11-25 23:31:30',223,2),('2014-11-25 23:31:30',224,4),('2014-11-25 23:31:30',225,3),('2014-11-25 23:31:30',226,3),('2014-11-25 23:31:30',227,4),('2014-11-25 23:31:30',228,1),('2014-11-25 23:31:30',228,3),('2014-11-25 23:31:30',229,1),('2014-11-25 23:31:30',229,3),('2014-11-25 23:31:30',230,3),('2014-11-25 23:31:30',231,3),('2014-11-25 23:31:30',232,1),('2014-11-25 23:31:30',233,1),('2014-11-25 23:31:30',233,3),('2014-11-25 23:31:30',235,1),('2014-11-25 23:31:30',235,2),('2014-11-25 23:31:30',236,3),('2014-11-25 23:31:30',237,3),('2014-11-25 23:31:30',238,3),('2014-11-25 23:31:30',239,3),('2014-11-25 23:31:30',241,3),('2014-11-25 23:31:30',242,1),('2014-11-25 23:31:30',242,2),('2014-11-25 23:31:30',243,3),('2014-11-25 23:31:30',244,1),('2014-11-25 23:31:30',245,1),('2014-11-25 23:31:30',246,3),('2014-11-25 23:31:30',247,1),('2014-11-25 23:31:30',248,3),('2014-11-25 23:31:30',249,3),('2014-11-25 23:31:30',250,4),('2014-11-25 23:31:30',251,1),('2014-11-25 23:31:30',251,2),('2014-11-25 23:31:30',252,1),('2014-11-25 23:31:30',252,2),('2014-11-25 23:31:30',253,3),('2014-11-25 23:31:30',254,1),('2014-11-25 23:31:30',254,2),('2014-11-25 23:31:30',255,4),('2014-11-25 23:31:30',256,3),('2014-11-25 23:31:30',257,3),('2014-11-25 23:31:30',258,3),('2014-11-25 23:31:30',259,3),('2014-11-25 23:31:30',260,3),('2014-11-25 23:31:30',261,3),('2014-11-25 23:31:30',262,1),('2014-11-25 23:31:30',263,3),('2014-11-25 23:31:30',264,1),('2014-11-25 23:31:30',264,2),('2014-11-25 23:31:30',265,4),('2014-11-25 23:31:30',266,3),('2014-11-25 23:31:30',267,4),('2014-11-25 23:31:30',268,4),('2014-11-25 23:31:30',269,3),('2014-11-25 23:31:30',270,3),('2014-11-25 23:31:30',271,3),('2014-11-25 23:31:30',272,1),('2014-11-25 23:31:30',272,2),('2014-11-25 23:31:30',273,3),('2014-11-25 23:31:30',274,1),('2014-11-25 23:31:30',274,2),('2014-11-25 23:31:30',275,1),('2014-11-25 23:31:30',275,2),('2014-11-25 23:31:30',276,1),('2014-11-25 23:31:30',276,2),('2014-11-25 23:31:30',277,4),('2014-11-25 23:31:30',278,3),('2014-11-25 23:31:30',279,1),('2014-11-25 23:31:30',280,3),('2014-11-25 23:31:30',281,3),('2014-11-25 23:31:30',282,3),('2014-11-25 23:31:30',283,1),('2014-11-25 23:31:30',284,3),('2014-11-25 23:31:30',285,4),('2014-11-25 23:31:30',286,4),('2014-11-25 23:31:30',287,4),('2014-11-25 23:31:30',288,4),('2014-11-25 23:31:30',289,4),('2014-11-25 23:31:30',290,4),('2014-11-25 23:31:30',291,4),('2014-11-25 23:31:30',292,4),('2014-11-25 23:31:30',293,4),('2014-11-25 23:31:30',294,3),('2014-11-25 23:31:30',295,3),('2014-11-25 23:31:30',296,3),('2014-11-25 23:31:30',297,3),('2014-11-25 23:31:30',298,3),('2014-11-25 23:31:30',299,3),('2014-11-25 23:31:30',300,3),('2014-11-25 23:31:30',301,3),('2014-11-25 23:31:30',302,3),('2014-11-25 23:31:30',303,1),('2014-11-25 23:31:30',304,3),('2014-11-25 23:31:30',305,3),('2014-11-25 23:31:30',306,3),('2014-11-25 23:31:30',307,3),('2014-11-25 23:31:30',308,1),('2014-11-25 23:31:30',309,3),('2014-11-25 23:31:30',310,1),('2014-11-25 23:31:30',311,1),('2014-11-25 23:31:30',311,2),('2014-11-25 23:31:30',312,1),('2014-11-25 23:31:30',313,1),('2014-11-25 23:31:30',313,2),('2014-11-25 23:31:30',314,1),('2014-11-25 23:31:30',315,1),('2014-11-25 23:31:30',315,2),('2014-11-25 23:31:30',316,3),('2014-11-25 23:31:30',317,3),('2014-11-25 23:31:30',318,1),('2014-11-25 23:31:30',319,3),('2014-11-25 23:31:30',320,1),('2014-11-25 23:31:30',321,3),('2014-11-25 23:31:30',322,1),('2014-11-25 23:31:30',322,2),('2014-11-25 23:31:30',323,3),('2014-11-25 23:31:30',324,1),('2014-11-25 23:31:30',324,2),('2014-11-25 23:31:30',325,1),('2014-11-25 23:31:30',325,2),('2014-11-25 23:31:30',327,3),('2014-11-25 23:31:30',328,1),('2014-11-25 23:31:30',328,2),('2014-11-25 23:31:30',328,3),('2014-11-25 23:31:30',328,4),('2014-11-25 23:31:30',329,3),('2014-11-25 23:31:30',330,3),('2014-11-25 23:31:30',331,1),('2014-11-25 23:31:30',331,2),('2014-11-25 23:31:30',331,3),('2014-11-25 23:31:30',332,3),('2014-11-25 23:31:30',333,3),('2014-11-25 23:31:30',333,4),('2014-11-25 23:31:30',334,1),('2014-11-25 23:31:30',334,2),('2014-11-25 23:31:30',335,4),('2014-11-25 23:31:30',336,4),('2014-11-25 23:31:30',337,4),('2014-11-25 23:31:30',338,1),('2014-11-25 23:31:30',338,2),('2014-11-25 23:31:30',338,3),('2014-11-25 23:31:30',339,3),('2014-11-25 23:31:30',340,3),('2014-11-25 23:31:30',341,1),('2014-11-25 23:31:30',341,2),('2014-11-25 23:31:30',342,1),('2014-11-25 23:31:30',342,2),('2014-11-25 23:31:30',343,3),('2014-11-25 23:31:30',344,1),('2014-11-25 23:31:30',344,2),('2014-11-25 23:31:30',345,3),('2014-11-25 23:31:30',346,3),('2014-11-25 23:31:30',347,3),('2014-11-25 23:31:30',348,1),('2014-11-25 23:31:30',348,2),('2014-11-25 23:31:30',349,3),('2014-11-25 23:31:30',350,1),('2014-11-25 23:31:30',350,2),('2014-11-25 23:31:30',351,3),('2014-11-25 23:31:30',352,3),('2014-11-25 23:31:30',353,3),('2014-11-25 23:31:30',354,1),('2014-11-25 23:31:30',354,2),('2014-11-25 23:31:30',355,3),('2014-11-25 23:31:30',356,3),('2014-11-25 23:31:30',357,3),('2014-11-25 23:31:30',358,3),('2014-11-25 23:31:30',359,3),('2014-11-25 23:31:30',360,3),('2014-11-25 23:31:30',361,3),('2014-11-25 23:31:30',362,3),('2014-11-25 23:31:30',363,3),('2014-11-25 23:31:30',364,3),('2014-11-25 23:31:30',365,3),('2014-11-25 23:31:30',366,3),('2014-11-25 23:31:30',367,3),('2014-11-25 23:31:30',368,3),('2014-11-25 23:31:30',369,3),('2014-11-25 23:31:30',370,3),('2014-11-25 23:31:30',371,3),('2014-11-25 23:31:30',372,3),('2014-11-25 23:31:30',373,3),('2014-11-25 23:31:30',374,3),('2014-11-25 23:31:30',375,3),('2014-11-25 23:31:30',376,3),('2014-11-25 23:31:30',377,3),('2014-11-25 23:31:30',378,3),('2014-11-25 23:31:30',379,3),('2014-11-25 23:31:30',380,3),('2014-11-25 23:31:30',381,3),('2014-11-25 23:31:30',382,3),('2014-11-25 23:31:30',383,3),('2014-11-25 23:31:30',384,3),('2014-11-25 23:31:30',385,3),('2014-11-25 23:31:30',386,3),('2014-11-25 23:31:30',387,3),('2014-11-25 23:31:30',388,1),('2014-11-25 23:31:30',388,2),('2014-11-25 23:31:30',389,1),('2014-11-25 23:31:30',389,2),('2014-11-25 23:31:30',390,3),('2014-11-25 23:31:30',391,3),('2014-11-25 23:31:30',392,1),('2014-11-25 23:31:30',392,2),('2014-11-25 23:31:30',393,3),('2014-11-25 23:31:30',394,3),('2014-11-25 23:31:30',395,3),('2014-11-25 23:31:30',396,3),('2014-11-25 23:31:30',397,3),('2014-11-25 23:31:30',398,3),('2014-11-25 23:31:30',399,3),('2014-11-25 23:31:30',400,3),('2014-11-25 23:31:30',401,1),('2014-11-25 23:31:30',401,2),('2014-11-25 23:31:30',402,1),('2014-11-25 23:31:30',402,2),('2014-11-25 23:31:30',403,1),('2014-11-25 23:31:30',403,2),('2014-11-25 23:31:30',403,3),('2014-11-25 23:31:30',404,1),('2014-11-25 23:31:30',404,2),('2014-11-25 23:31:30',405,1),('2014-11-25 23:31:30',405,2),('2014-11-25 23:31:30',406,1),('2014-11-25 23:31:30',406,2),('2014-11-25 23:31:30',407,1),('2014-11-25 23:31:30',407,2),('2014-11-25 23:31:30',408,1),('2014-11-25 23:31:30',408,2),('2014-11-25 23:31:30',409,1),('2014-11-25 23:31:30',409,2),('2014-11-25 23:31:30',410,3),('2014-11-25 23:31:30',411,3),('2014-11-25 23:31:30',412,1),('2014-11-25 23:31:30',413,3),('2014-11-25 23:31:30',414,1),('2014-11-25 23:31:30',415,3),('2014-11-25 23:31:30',416,1),('2014-11-25 23:31:30',416,2),('2014-11-25 23:31:30',417,3),('2014-11-25 23:31:30',418,1),('2014-11-25 23:31:30',418,2),('2014-11-25 23:31:30',419,1),('2014-11-25 23:31:30',419,2),('2014-11-25 23:31:30',420,3),('2014-11-25 23:31:30',421,3),('2014-11-25 23:31:30',422,1),('2014-11-25 23:31:30',422,2),('2014-11-25 23:31:30',423,4),('2014-11-25 23:31:30',424,1),('2014-11-25 23:31:30',425,1),('2014-11-25 23:31:30',425,2),('2014-11-25 23:31:30',426,1),('2014-11-25 23:31:30',427,3),('2014-11-25 23:31:30',428,1),('2014-11-25 23:31:30',429,1),('2014-11-25 23:31:30',429,2),('2014-11-25 23:31:30',430,1),('2014-11-25 23:31:30',430,2),('2014-11-25 23:31:30',431,1),('2014-11-25 23:31:30',431,2),('2014-11-25 23:31:30',432,1),('2014-11-25 23:31:30',432,2),('2014-11-25 23:31:30',433,1),('2014-11-25 23:31:30',433,2),('2014-11-25 23:31:30',434,1),('2014-11-25 23:31:30',434,2),('2014-11-25 23:31:30',435,3),('2014-11-25 23:31:30',436,1),('2014-11-25 23:31:30',436,2),('2014-11-25 23:31:30',437,1),('2014-11-25 23:31:30',437,2),('2014-11-25 23:31:30',438,1),('2014-11-25 23:31:30',438,2),('2014-11-25 23:31:30',439,3),('2014-11-25 23:31:30',440,1),('2014-11-25 23:31:30',440,2),('2014-11-25 23:31:30',440,3),('2014-11-25 23:31:30',441,3),('2014-11-25 23:31:30',442,3),('2014-11-25 23:31:30',443,1),('2014-11-25 23:31:30',443,2),('2014-11-25 23:31:30',444,3),('2014-11-25 23:31:30',445,1),('2014-11-25 23:31:30',445,2),('2014-11-25 23:31:30',446,1),('2014-11-25 23:31:30',446,2),('2014-11-25 23:31:30',447,1),('2014-11-25 23:31:30',448,3),('2014-11-25 23:31:30',449,1),('2014-11-25 23:31:30',449,2),('2014-11-25 23:31:30',450,3),('2014-11-25 23:31:30',451,1),('2014-11-25 23:31:30',451,2),('2014-11-25 23:31:30',452,1),('2014-11-25 23:31:30',452,2),('2014-11-25 23:31:30',453,1),('2014-11-25 23:31:30',453,2),('2014-11-25 23:31:30',454,1),('2014-11-25 23:31:30',454,2),('2014-11-25 23:31:30',455,3),('2014-11-25 23:31:30',456,3),('2014-11-25 23:31:30',457,3),('2014-11-25 23:31:30',458,1),('2014-11-25 23:31:30',458,2),('2014-11-25 23:31:30',459,3),('2014-11-25 23:31:30',460,3),('2014-11-25 23:31:30',461,1),('2014-11-25 23:31:30',462,1),('2014-11-25 23:31:30',463,3),('2014-11-25 23:31:30',464,1),('2014-11-25 23:31:30',464,2),('2014-11-25 23:31:30',465,3),('2014-11-25 23:31:30',466,3),('2014-11-25 23:31:30',467,1),('2014-11-25 23:31:30',468,3),('2014-11-25 23:31:30',469,3),('2014-11-25 23:31:30',470,3),('2014-11-25 23:31:30',470,4),('2014-11-25 23:31:30',471,1),('2014-11-25 23:31:30',471,2),('2014-11-25 23:31:30',471,3),('2014-11-25 23:31:30',471,4),('2014-11-25 23:31:30',472,1),('2014-11-25 23:31:30',472,2),('2014-11-25 23:31:30',473,1),('2014-11-25 23:31:30',473,2),('2014-11-25 23:31:30',475,1);
/*!40000 ALTER TABLE `pez_distribucion` ENABLE KEYS */;
UNLOCK TABLES;

--
-- Table structure for table `pez_estado_conservacion`
--

DROP TABLE IF EXISTS `pez_estado_conservacion`;
/*!40101 SET @saved_cs_client     = @@character_set_client */;
/*!40101 SET character_set_client = utf8 */;
CREATE TABLE `pez_estado_conservacion` (
  `fecha_creacion` timestamp NOT NULL DEFAULT CURRENT_TIMESTAMP ON UPDATE CURRENT_TIMESTAMP,
  `peces_especie_id` int(11) NOT NULL,
  `estado_conservacion_id` int(11) NOT NULL,
  PRIMARY KEY (`peces_especie_id`,`estado_conservacion_id`),
  KEY `fk_pez_estado_conservacion_estado_conservacion1_idx` (`estado_conservacion_id`),
  CONSTRAINT `fk_pez_estado_conservacion_estado_conservacion1` FOREIGN KEY (`estado_conservacion_id`) REFERENCES `estado_conservacion` (`id`) ON DELETE NO ACTION ON UPDATE NO ACTION,
  CONSTRAINT `fk_pez_estado_conservacion_peces1` FOREIGN KEY (`peces_especie_id`) REFERENCES `peces` (`especie_id`) ON DELETE NO ACTION ON UPDATE NO ACTION
) ENGINE=InnoDB DEFAULT CHARSET=latin1;
/*!40101 SET character_set_client = @saved_cs_client */;

--
-- Dumping data for table `pez_estado_conservacion`
--

LOCK TABLES `pez_estado_conservacion` WRITE;
/*!40000 ALTER TABLE `pez_estado_conservacion` DISABLE KEYS */;
INSERT INTO `pez_estado_conservacion` VALUES ('2014-11-25 23:31:30',6,1),('2014-11-25 23:31:30',7,5),('2014-11-25 23:31:30',8,5),('2014-11-25 23:31:30',9,5),('2014-11-25 23:31:30',10,3),('2014-11-25 23:31:30',10,7),('2014-11-25 23:31:30',63,1),('2014-11-25 23:31:30',68,1),('2014-11-25 23:31:30',69,1),('2014-11-25 23:31:30',71,1),('2014-11-25 23:31:30',72,1),('2014-11-25 23:31:30',73,5),('2014-11-25 23:31:30',73,7),('2014-11-25 23:31:30',74,5),('2014-11-25 23:31:30',75,5),('2014-11-25 23:31:30',76,5),('2014-11-25 23:31:30',77,1),('2014-11-25 23:31:30',78,1),('2014-11-25 23:31:30',79,1),('2014-11-25 23:31:30',112,1),('2014-11-25 23:31:30',126,5),('2014-11-25 23:31:30',145,5),('2014-11-25 23:31:30',178,1),('2014-11-25 23:31:30',179,5),('2014-11-25 23:31:30',180,5),('2014-11-25 23:31:30',188,5),('2014-11-25 23:31:30',189,5),('2014-11-25 23:31:30',192,5),('2014-11-25 23:31:30',200,5),('2014-11-25 23:31:30',202,5),('2014-11-25 23:31:30',233,1),('2014-11-25 23:31:30',234,5),('2014-11-25 23:31:30',234,7),('2014-11-25 23:31:30',236,1),('2014-11-25 23:31:30',237,1),('2014-11-25 23:31:30',239,1),('2014-11-25 23:31:30',243,1),('2014-11-25 23:31:30',244,1),('2014-11-25 23:31:30',245,2),('2014-11-25 23:31:30',246,1),('2014-11-25 23:31:30',255,2),('2014-11-25 23:31:30',267,3),('2014-11-25 23:31:30',273,1),('2014-11-25 23:31:30',282,1),('2014-11-25 23:31:30',285,2),('2014-11-25 23:31:30',304,5),('2014-11-25 23:31:30',326,3),('2014-11-25 23:31:30',326,6),('2014-11-25 23:31:30',326,10),('2014-11-25 23:31:30',328,1),('2014-11-25 23:31:30',329,5),('2014-11-25 23:31:30',331,2),('2014-11-25 23:31:30',343,5),('2014-11-25 23:31:30',349,1),('2014-11-25 23:31:30',387,2),('2014-11-25 23:31:30',393,5),('2014-11-25 23:31:30',395,1),('2014-11-25 23:31:30',401,3),('2014-11-25 23:31:30',402,5),('2014-11-25 23:31:30',403,3),('2014-11-25 23:31:30',404,1),('2014-11-25 23:31:30',405,2),('2014-11-25 23:31:30',406,3),('2014-11-25 23:31:30',407,1),('2014-11-25 23:31:30',409,1),('2014-11-25 23:31:30',418,5),('2014-11-25 23:31:30',419,5),('2014-11-25 23:31:30',434,2),('2014-11-25 23:31:30',439,1),('2014-11-25 23:31:30',440,2),('2014-11-25 23:31:30',440,7),('2014-11-25 23:31:30',441,2),('2014-11-25 23:31:30',441,7),('2014-11-25 23:31:30',442,5),('2014-11-25 23:31:30',444,1),('2014-11-25 23:31:30',458,1),('2014-11-25 23:31:30',471,3),('2014-11-25 23:31:30',471,6),('2014-11-25 23:31:30',471,9),('2014-11-25 23:31:30',472,3),('2014-11-25 23:31:30',472,6),('2014-11-25 23:31:30',472,9),('2014-11-25 23:31:30',473,1),('2014-11-25 23:31:30',473,7),('2014-11-25 23:31:30',473,11),('2014-11-25 23:31:30',475,5);
/*!40000 ALTER TABLE `pez_estado_conservacion` ENABLE KEYS */;
UNLOCK TABLES;

--
-- Table structure for table `pez_tipo_capturas`
--

DROP TABLE IF EXISTS `pez_tipo_capturas`;
/*!40101 SET @saved_cs_client     = @@character_set_client */;
/*!40101 SET character_set_client = utf8 */;
CREATE TABLE `pez_tipo_capturas` (
  `fecha_creacion` timestamp NOT NULL DEFAULT CURRENT_TIMESTAMP ON UPDATE CURRENT_TIMESTAMP,
  `peces_especie_id` int(11) NOT NULL,
  `tipo_capturas_id` int(11) NOT NULL,
  PRIMARY KEY (`peces_especie_id`,`tipo_capturas_id`),
  KEY `fk_pez_tipo_capturas_tipo_capturas1_idx` (`tipo_capturas_id`),
  CONSTRAINT `fk_pez_tipo_capturas_peces1` FOREIGN KEY (`peces_especie_id`) REFERENCES `peces` (`especie_id`) ON DELETE NO ACTION ON UPDATE NO ACTION,
  CONSTRAINT `fk_pez_tipo_capturas_tipo_capturas1` FOREIGN KEY (`tipo_capturas_id`) REFERENCES `tipo_capturas` (`id`) ON DELETE NO ACTION ON UPDATE NO ACTION
) ENGINE=InnoDB DEFAULT CHARSET=latin1;
/*!40101 SET character_set_client = @saved_cs_client */;

--
-- Dumping data for table `pez_tipo_capturas`
--

LOCK TABLES `pez_tipo_capturas` WRITE;
/*!40000 ALTER TABLE `pez_tipo_capturas` DISABLE KEYS */;
INSERT INTO `pez_tipo_capturas` VALUES ('2014-11-25 23:31:30',1,2),('2014-11-25 23:31:30',2,2),('2014-11-25 23:31:30',3,2),('2014-11-25 23:31:30',4,2),('2014-11-25 23:31:30',5,2),('2014-11-25 23:31:30',6,2),('2014-11-25 23:31:30',7,1),('2014-11-25 23:31:30',8,1),('2014-11-25 23:31:30',9,1),('2014-11-25 23:31:30',10,5),('2014-11-25 23:31:30',11,1),('2014-11-25 23:31:30',12,1),('2014-11-25 23:31:30',13,1),('2014-11-25 23:31:30',14,1),('2014-11-25 23:31:30',15,1),('2014-11-25 23:31:30',16,1),('2014-11-25 23:31:30',17,1),('2014-11-25 23:31:30',18,1),('2014-11-25 23:31:30',19,1),('2014-11-25 23:31:30',20,2),('2014-11-25 23:31:30',21,2),('2014-11-25 23:31:30',22,2),('2014-11-25 23:31:30',23,2),('2014-11-25 23:31:30',24,2),('2014-11-25 23:31:30',25,2),('2014-11-25 23:31:30',26,2),('2014-11-25 23:31:30',27,1),('2014-11-25 23:31:30',28,1),('2014-11-25 23:31:30',28,2),('2014-11-25 23:31:30',29,1),('2014-11-25 23:31:30',31,1),('2014-11-25 23:31:30',32,2),('2014-11-25 23:31:30',33,1),('2014-11-25 23:31:30',34,1),('2014-11-25 23:31:30',35,1),('2014-11-25 23:31:30',36,1),('2014-11-25 23:31:30',36,2),('2014-11-25 23:31:30',37,2),('2014-11-25 23:31:30',38,1),('2014-11-25 23:31:30',39,2),('2014-11-25 23:31:30',40,2),('2014-11-25 23:31:30',41,2),('2014-11-25 23:31:30',42,1),('2014-11-25 23:31:30',43,2),('2014-11-25 23:31:30',44,2),('2014-11-25 23:31:30',45,1),('2014-11-25 23:31:30',46,2),('2014-11-25 23:31:30',47,2),('2014-11-25 23:31:30',48,2),('2014-11-25 23:31:30',49,1),('2014-11-25 23:31:30',50,2),('2014-11-25 23:31:30',51,2),('2014-11-25 23:31:30',52,1),('2014-11-25 23:31:30',53,1),('2014-11-25 23:31:30',54,2),('2014-11-25 23:31:30',55,2),('2014-11-25 23:31:30',56,2),('2014-11-25 23:31:30',57,2),('2014-11-25 23:31:30',58,2),('2014-11-25 23:31:30',59,2),('2014-11-25 23:31:30',60,2),('2014-11-25 23:31:30',61,2),('2014-11-25 23:31:30',62,2),('2014-11-25 23:31:30',63,1),('2014-11-25 23:31:30',64,1),('2014-11-25 23:31:30',65,1),('2014-11-25 23:31:30',66,1),('2014-11-25 23:31:30',67,1),('2014-11-25 23:31:30',68,1),('2014-11-25 23:31:30',69,1),('2014-11-25 23:31:30',70,1),('2014-11-25 23:31:30',71,1),('2014-11-25 23:31:30',71,2),('2014-11-25 23:31:30',72,1),('2014-11-25 23:31:30',73,1),('2014-11-25 23:31:30',74,1),('2014-11-25 23:31:30',75,1),('2014-11-25 23:31:30',76,1),('2014-11-25 23:31:30',77,1),('2014-11-25 23:31:30',78,1),('2014-11-25 23:31:30',79,1),('2014-11-25 23:31:30',80,1),('2014-11-25 23:31:30',81,1),('2014-11-25 23:31:30',82,1),('2014-11-25 23:31:30',83,1),('2014-11-25 23:31:30',84,1),('2014-11-25 23:31:30',85,1),('2014-11-25 23:31:30',86,1),('2014-11-25 23:31:30',87,1),('2014-11-25 23:31:30',88,2),('2014-11-25 23:31:30',89,2),('2014-11-25 23:31:30',94,1),('2014-11-25 23:31:30',95,1),('2014-11-25 23:31:30',96,1),('2014-11-25 23:31:30',97,1),('2014-11-25 23:31:30',98,1),('2014-11-25 23:31:30',99,1),('2014-11-25 23:31:30',100,1),('2014-11-25 23:31:30',101,1),('2014-11-25 23:31:30',102,1),('2014-11-25 23:31:30',103,3),('2014-11-25 23:31:30',104,1),('2014-11-25 23:31:30',105,1),('2014-11-25 23:31:30',106,1),('2014-11-25 23:31:30',107,1),('2014-11-25 23:31:30',108,1),('2014-11-25 23:31:30',109,1),('2014-11-25 23:31:30',110,1),('2014-11-25 23:31:30',111,1),('2014-11-25 23:31:30',112,1),('2014-11-25 23:31:30',113,2),('2014-11-25 23:31:30',114,2),('2014-11-25 23:31:30',115,2),('2014-11-25 23:31:30',116,2),('2014-11-25 23:31:30',117,2),('2014-11-25 23:31:30',118,2),('2014-11-25 23:31:30',119,2),('2014-11-25 23:31:30',120,2),('2014-11-25 23:31:30',121,1),('2014-11-25 23:31:30',122,1),('2014-11-25 23:31:30',123,2),('2014-11-25 23:31:30',124,2),('2014-11-25 23:31:30',128,2),('2014-11-25 23:31:30',129,1),('2014-11-25 23:31:30',130,1),('2014-11-25 23:31:30',131,1),('2014-11-25 23:31:30',132,2),('2014-11-25 23:31:30',133,2),('2014-11-25 23:31:30',134,2),('2014-11-25 23:31:30',135,2),('2014-11-25 23:31:30',136,2),('2014-11-25 23:31:30',137,2),('2014-11-25 23:31:30',138,1),('2014-11-25 23:31:30',139,2),('2014-11-25 23:31:30',140,2),('2014-11-25 23:31:30',141,2),('2014-11-25 23:31:30',142,2),('2014-11-25 23:31:30',143,2),('2014-11-25 23:31:30',144,1),('2014-11-25 23:31:30',145,2),('2014-11-25 23:31:30',146,1),('2014-11-25 23:31:30',147,1),('2014-11-25 23:31:30',148,1),('2014-11-25 23:31:30',149,2),('2014-11-25 23:31:30',150,2),('2014-11-25 23:31:30',151,2),('2014-11-25 23:31:30',152,2),('2014-11-25 23:31:30',153,2),('2014-11-25 23:31:30',154,2),('2014-11-25 23:31:30',155,1),('2014-11-25 23:31:30',156,2),('2014-11-25 23:31:30',157,2),('2014-11-25 23:31:30',158,2),('2014-11-25 23:31:30',159,1),('2014-11-25 23:31:30',160,1),('2014-11-25 23:31:30',161,2),('2014-11-25 23:31:30',162,1),('2014-11-25 23:31:30',163,1),('2014-11-25 23:31:30',164,2),('2014-11-25 23:31:30',165,2),('2014-11-25 23:31:30',166,2),('2014-11-25 23:31:30',167,2),('2014-11-25 23:31:30',168,2),('2014-11-25 23:31:30',169,2),('2014-11-25 23:31:30',170,1),('2014-11-25 23:31:30',171,2),('2014-11-25 23:31:30',172,2),('2014-11-25 23:31:30',173,2),('2014-11-25 23:31:30',174,3),('2014-11-25 23:31:30',175,3),('2014-11-25 23:31:30',176,3),('2014-11-25 23:31:30',177,3),('2014-11-25 23:31:30',178,3),('2014-11-25 23:31:30',179,3),('2014-11-25 23:31:30',180,3),('2014-11-25 23:31:30',181,2),('2014-11-25 23:31:30',182,2),('2014-11-25 23:31:30',183,2),('2014-11-25 23:31:30',184,2),('2014-11-25 23:31:30',185,1),('2014-11-25 23:31:30',186,2),('2014-11-25 23:31:30',187,2),('2014-11-25 23:31:30',188,2),('2014-11-25 23:31:30',189,2),('2014-11-25 23:31:30',190,2),('2014-11-25 23:31:30',191,2),('2014-11-25 23:31:30',192,1),('2014-11-25 23:31:30',193,2),('2014-11-25 23:31:30',194,1),('2014-11-25 23:31:30',195,1),('2014-11-25 23:31:30',196,1),('2014-11-25 23:31:30',197,1),('2014-11-25 23:31:30',197,2),('2014-11-25 23:31:30',198,1),('2014-11-25 23:31:30',199,1),('2014-11-25 23:31:30',200,1),('2014-11-25 23:31:30',201,1),('2014-11-25 23:31:30',202,1),('2014-11-25 23:31:30',202,2),('2014-11-25 23:31:30',203,1),('2014-11-25 23:31:30',204,1),('2014-11-25 23:31:30',205,1),('2014-11-25 23:31:30',206,1),('2014-11-25 23:31:30',207,1),('2014-11-25 23:31:30',207,2),('2014-11-25 23:31:30',208,1),('2014-11-25 23:31:30',209,1),('2014-11-25 23:31:30',209,2),('2014-11-25 23:31:30',210,1),('2014-11-25 23:31:30',211,1),('2014-11-25 23:31:30',212,1),('2014-11-25 23:31:30',213,1),('2014-11-25 23:31:30',214,1),('2014-11-25 23:31:30',215,1),('2014-11-25 23:31:30',215,2),('2014-11-25 23:31:30',216,1),('2014-11-25 23:31:30',216,2),('2014-11-25 23:31:30',217,2),('2014-11-25 23:31:30',218,2),('2014-11-25 23:31:30',219,1),('2014-11-25 23:31:30',220,1),('2014-11-25 23:31:30',221,2),('2014-11-25 23:31:30',222,2),('2014-11-25 23:31:30',223,2),('2014-11-25 23:31:30',225,2),('2014-11-25 23:31:30',226,2),('2014-11-25 23:31:30',228,1),('2014-11-25 23:31:30',229,1),('2014-11-25 23:31:30',230,1),('2014-11-25 23:31:30',231,2),('2014-11-25 23:31:30',232,2),('2014-11-25 23:31:30',233,1),('2014-11-25 23:31:30',233,2),('2014-11-25 23:31:30',235,1),('2014-11-25 23:31:30',236,1),('2014-11-25 23:31:30',237,1),('2014-11-25 23:31:30',238,1),('2014-11-25 23:31:30',239,1),('2014-11-25 23:31:30',241,1),('2014-11-25 23:31:30',242,1),('2014-11-25 23:31:30',243,1),('2014-11-25 23:31:30',244,1),('2014-11-25 23:31:30',245,1),('2014-11-25 23:31:30',246,1),('2014-11-25 23:31:30',247,1),('2014-11-25 23:31:30',248,1),('2014-11-25 23:31:30',249,3),('2014-11-25 23:31:30',251,2),('2014-11-25 23:31:30',252,2),('2014-11-25 23:31:30',253,2),('2014-11-25 23:31:30',254,2),('2014-11-25 23:31:30',255,5),('2014-11-25 23:31:30',256,2),('2014-11-25 23:31:30',257,1),('2014-11-25 23:31:30',258,1),('2014-11-25 23:31:30',259,1),('2014-11-25 23:31:30',260,1),('2014-11-25 23:31:30',261,1),('2014-11-25 23:31:30',262,2),('2014-11-25 23:31:30',263,1),('2014-11-25 23:31:30',264,2),('2014-11-25 23:31:30',266,2),('2014-11-25 23:31:30',269,1),('2014-11-25 23:31:30',270,1),('2014-11-25 23:31:30',271,2),('2014-11-25 23:31:30',272,2),('2014-11-25 23:31:30',273,2),('2014-11-25 23:31:30',274,2),('2014-11-25 23:31:30',275,2),('2014-11-25 23:31:30',276,2),('2014-11-25 23:31:30',277,5),('2014-11-25 23:31:30',278,2),('2014-11-25 23:31:30',279,1),('2014-11-25 23:31:30',280,1),('2014-11-25 23:31:30',281,1),('2014-11-25 23:31:30',282,1),('2014-11-25 23:31:30',283,1),('2014-11-25 23:31:30',284,1),('2014-11-25 23:31:30',285,5),('2014-11-25 23:31:30',294,1),('2014-11-25 23:31:30',295,1),('2014-11-25 23:31:30',296,1),('2014-11-25 23:31:30',297,1),('2014-11-25 23:31:30',298,1),('2014-11-25 23:31:30',299,1),('2014-11-25 23:31:30',300,1),('2014-11-25 23:31:30',301,1),('2014-11-25 23:31:30',302,1),('2014-11-25 23:31:30',303,2),('2014-11-25 23:31:30',304,1),('2014-11-25 23:31:30',305,1),('2014-11-25 23:31:30',306,1),('2014-11-25 23:31:30',307,1),('2014-11-25 23:31:30',308,2),('2014-11-25 23:31:30',309,2),('2014-11-25 23:31:30',310,2),('2014-11-25 23:31:30',311,2),('2014-11-25 23:31:30',312,2),('2014-11-25 23:31:30',313,2),('2014-11-25 23:31:30',314,2),('2014-11-25 23:31:30',315,2),('2014-11-25 23:31:30',316,1),('2014-11-25 23:31:30',317,1),('2014-11-25 23:31:30',318,2),('2014-11-25 23:31:30',319,2),('2014-11-25 23:31:30',320,2),('2014-11-25 23:31:30',321,2),('2014-11-25 23:31:30',322,2),('2014-11-25 23:31:30',323,2),('2014-11-25 23:31:30',323,4),('2014-11-25 23:31:30',324,2),('2014-11-25 23:31:30',325,2),('2014-11-25 23:31:30',327,2),('2014-11-25 23:31:30',328,1),('2014-11-25 23:31:30',329,1),('2014-11-25 23:31:30',330,1),('2014-11-25 23:31:30',331,2),('2014-11-25 23:31:30',332,1),('2014-11-25 23:31:30',332,2),('2014-11-25 23:31:30',333,1),('2014-11-25 23:31:30',333,2),('2014-11-25 23:31:30',334,2),('2014-11-25 23:31:30',338,1),('2014-11-25 23:31:30',338,2),('2014-11-25 23:31:30',339,2),('2014-11-25 23:31:30',340,2),('2014-11-25 23:31:30',341,2),('2014-11-25 23:31:30',342,1),('2014-11-25 23:31:30',343,1),('2014-11-25 23:31:30',344,1),('2014-11-25 23:31:30',344,2),('2014-11-25 23:31:30',345,1),('2014-11-25 23:31:30',346,2),('2014-11-25 23:31:30',347,2),('2014-11-25 23:31:30',348,1),('2014-11-25 23:31:30',349,1),('2014-11-25 23:31:30',350,2),('2014-11-25 23:31:30',351,2),('2014-11-25 23:31:30',352,2),('2014-11-25 23:31:30',353,2),('2014-11-25 23:31:30',354,1),('2014-11-25 23:31:30',355,1),('2014-11-25 23:31:30',356,2),('2014-11-25 23:31:30',357,2),('2014-11-25 23:31:30',358,2),('2014-11-25 23:31:30',359,2),('2014-11-25 23:31:30',360,1),('2014-11-25 23:31:30',361,1),('2014-11-25 23:31:30',362,1),('2014-11-25 23:31:30',363,1),('2014-11-25 23:31:30',364,1),('2014-11-25 23:31:30',365,1),('2014-11-25 23:31:30',366,1),('2014-11-25 23:31:30',367,1),('2014-11-25 23:31:30',368,1),('2014-11-25 23:31:30',369,1),('2014-11-25 23:31:30',370,1),('2014-11-25 23:31:30',371,1),('2014-11-25 23:31:30',372,1),('2014-11-25 23:31:30',373,1),('2014-11-25 23:31:30',374,1),('2014-11-25 23:31:30',375,1),('2014-11-25 23:31:30',376,1),('2014-11-25 23:31:30',377,1),('2014-11-25 23:31:30',378,2),('2014-11-25 23:31:30',379,1),('2014-11-25 23:31:30',380,1),('2014-11-25 23:31:30',381,2),('2014-11-25 23:31:30',382,2),('2014-11-25 23:31:30',383,2),('2014-11-25 23:31:30',384,2),('2014-11-25 23:31:30',385,2),('2014-11-25 23:31:30',386,2),('2014-11-25 23:31:30',387,2),('2014-11-25 23:31:30',388,1),('2014-11-25 23:31:30',389,1),('2014-11-25 23:31:30',390,1),('2014-11-25 23:31:30',391,2),('2014-11-25 23:31:30',392,1),('2014-11-25 23:31:30',393,2),('2014-11-25 23:31:30',394,2),('2014-11-25 23:31:30',395,2),('2014-11-25 23:31:30',396,1),('2014-11-25 23:31:30',397,1),('2014-11-25 23:31:30',398,1),('2014-11-25 23:31:30',399,1),('2014-11-25 23:31:30',400,1),('2014-11-25 23:31:30',401,1),('2014-11-25 23:31:30',402,1),('2014-11-25 23:31:30',403,1),('2014-11-25 23:31:30',403,2),('2014-11-25 23:31:30',404,1),('2014-11-25 23:31:30',405,1),('2014-11-25 23:31:30',406,1),('2014-11-25 23:31:30',407,1),('2014-11-25 23:31:30',408,1),('2014-11-25 23:31:30',409,2),('2014-11-25 23:31:30',410,2),('2014-11-25 23:31:30',411,2),('2014-11-25 23:31:30',412,2),('2014-11-25 23:31:30',413,2),('2014-11-25 23:31:30',414,2),('2014-11-25 23:31:30',415,1),('2014-11-25 23:31:30',416,1),('2014-11-25 23:31:30',417,1),('2014-11-25 23:31:30',418,1),('2014-11-25 23:31:30',419,1),('2014-11-25 23:31:30',419,2),('2014-11-25 23:31:30',420,2),('2014-11-25 23:31:30',421,2),('2014-11-25 23:31:30',422,2),('2014-11-25 23:31:30',424,2),('2014-11-25 23:31:30',425,2),('2014-11-25 23:31:30',426,2),('2014-11-25 23:31:30',427,2),('2014-11-25 23:31:30',428,1),('2014-11-25 23:31:30',429,2),('2014-11-25 23:31:30',430,2),('2014-11-25 23:31:30',431,2),('2014-11-25 23:31:30',432,2),('2014-11-25 23:31:30',433,2),('2014-11-25 23:31:30',434,2),('2014-11-25 23:31:30',435,2),('2014-11-25 23:31:30',436,2),('2014-11-25 23:31:30',437,2),('2014-11-25 23:31:30',438,1),('2014-11-25 23:31:30',439,1),('2014-11-25 23:31:30',440,1),('2014-11-25 23:31:30',441,1),('2014-11-25 23:31:30',442,1),('2014-11-25 23:31:30',443,1),('2014-11-25 23:31:30',444,1),('2014-11-25 23:31:30',445,1),('2014-11-25 23:31:30',446,2),('2014-11-25 23:31:30',447,2),('2014-11-25 23:31:30',448,2),('2014-11-25 23:31:30',449,2),('2014-11-25 23:31:30',450,2),('2014-11-25 23:31:30',451,2),('2014-11-25 23:31:30',452,2),('2014-11-25 23:31:30',453,2),('2014-11-25 23:31:30',454,2),('2014-11-25 23:31:30',455,2),('2014-11-25 23:31:30',456,2),('2014-11-25 23:31:30',457,1),('2014-11-25 23:31:30',458,1),('2014-11-25 23:31:30',459,1),('2014-11-25 23:31:30',460,1),('2014-11-25 23:31:30',461,2),('2014-11-25 23:31:30',462,2),('2014-11-25 23:31:30',463,2),('2014-11-25 23:31:30',464,2),('2014-11-25 23:31:30',465,2),('2014-11-25 23:31:30',466,2),('2014-11-25 23:31:30',467,2),('2014-11-25 23:31:30',468,2),('2014-11-25 23:31:30',469,2),('2014-11-25 23:31:30',470,3),('2014-11-25 23:31:30',471,2),('2014-11-25 23:31:30',472,2),('2014-11-25 23:31:30',473,2),('2014-11-25 23:31:30',475,3);
/*!40000 ALTER TABLE `pez_tipo_capturas` ENABLE KEYS */;
UNLOCK TABLES;

--
-- Table structure for table `tipo_capturas`
--

DROP TABLE IF EXISTS `tipo_capturas`;
/*!40101 SET @saved_cs_client     = @@character_set_client */;
/*!40101 SET character_set_client = utf8 */;
CREATE TABLE `tipo_capturas` (
  `id` int(11) NOT NULL AUTO_INCREMENT,
  `nombre` varchar(255) NOT NULL,
  `fecha_creacion` timestamp NOT NULL DEFAULT CURRENT_TIMESTAMP ON UPDATE CURRENT_TIMESTAMP,
  PRIMARY KEY (`id`)
) ENGINE=InnoDB AUTO_INCREMENT=6 DEFAULT CHARSET=utf8;
/*!40101 SET character_set_client = @saved_cs_client */;

--
-- Dumping data for table `tipo_capturas`
--

LOCK TABLES `tipo_capturas` WRITE;
/*!40000 ALTER TABLE `tipo_capturas` DISABLE KEYS */;
INSERT INTO `tipo_capturas` VALUES (1,'Objetivo ','2014-11-25 23:31:05'),(2,'incidental ','2014-11-25 23:31:05'),(3,'Deportiva ','2014-11-25 23:31:05'),(4,'Fomento ','2014-11-25 23:31:05'),(5,'Cultivada','2014-11-25 23:31:05');
/*!40000 ALTER TABLE `tipo_capturas` ENABLE KEYS */;
UNLOCK TABLES;

--
-- Table structure for table `tipo_veda`
--

DROP TABLE IF EXISTS `tipo_veda`;
/*!40101 SET @saved_cs_client     = @@character_set_client */;
/*!40101 SET character_set_client = utf8 */;
CREATE TABLE `tipo_veda` (
  `id` int(11) NOT NULL AUTO_INCREMENT,
  `Nombre` varchar(45) NOT NULL,
  `fecha_creacion` timestamp NOT NULL DEFAULT CURRENT_TIMESTAMP ON UPDATE CURRENT_TIMESTAMP,
  PRIMARY KEY (`id`)
) ENGINE=InnoDB AUTO_INCREMENT=5 DEFAULT CHARSET=latin1;
/*!40101 SET character_set_client = @saved_cs_client */;

--
-- Dumping data for table `tipo_veda`
--

LOCK TABLES `tipo_veda` WRITE;
/*!40000 ALTER TABLE `tipo_veda` DISABLE KEYS */;
INSERT INTO `tipo_veda` VALUES (1,'Ninguno','2014-11-25 23:31:05'),(2,'Permanente','2014-11-25 23:31:05'),(3,'Permanente  (solo pesca deportiva)','2014-11-25 23:31:05'),(4,'Temporal fija','2014-11-25 23:31:05');
/*!40000 ALTER TABLE `tipo_veda` ENABLE KEYS */;
UNLOCK TABLES;
/*!40103 SET TIME_ZONE=@OLD_TIME_ZONE */;

/*!40101 SET SQL_MODE=@OLD_SQL_MODE */;
/*!40014 SET FOREIGN_KEY_CHECKS=@OLD_FOREIGN_KEY_CHECKS */;
/*!40014 SET UNIQUE_CHECKS=@OLD_UNIQUE_CHECKS */;
/*!40101 SET CHARACTER_SET_CLIENT=@OLD_CHARACTER_SET_CLIENT */;
/*!40101 SET CHARACTER_SET_RESULTS=@OLD_CHARACTER_SET_RESULTS */;
/*!40101 SET COLLATION_CONNECTION=@OLD_COLLATION_CONNECTION */;
/*!40111 SET SQL_NOTES=@OLD_SQL_NOTES */;

-- Dump completed on 2015-02-06 11:48:48
